INFO:app.main:Initializing AI Service...
WARNING:app.services.ocr_service:Gemini Flash extraction call failed: (Gemini authentication failed: the configured API key is invalid or expired. Update GEMINI_API_KEY with a valid Google AI Studio key.). Falling back to heuristic OCR parser.
INFO:app.main:Shutting down AI Service...
INFO:app.main:Initializing AI Service...
ERROR:app.main:[2895edb5-9669-4251-aa9b-e617c5a002ee] Unhandled exception on /api/ai/dashboard/summary: name 'AICollectionPriority' is not defined
  + Exception Group Traceback (most recent call last):
  |   File "/usr/local/lib/python3.10/site-packages/starlette/_utils.py", line 85, in create_collapsing_task_group
  |     async with anyio.create_task_group() as tg:
  |   File "/usr/local/lib/python3.10/site-packages/anyio/_backends/_asyncio.py", line 815, in __aexit__
  |     raise BaseExceptionGroup(
  | exceptiongroup.ExceptionGroup: unhandled errors in a TaskGroup (1 sub-exception)
  +-+---------------- 1 ----------------
    | Traceback (most recent call last):
    |   File "/usr/local/lib/python3.10/site-packages/starlette/middleware/errors.py", line 164, in __call__
    |     await self.app(scope, receive, _send)
    |   File "/usr/local/lib/python3.10/site-packages/starlette/middleware/base.py", line 193, in __call__
    |     response = await self.dispatch_func(request, call_next)
    |   File "/app/app/main.py", line 116, in add_security_headers
    |     response = await call_next(request)
    |   File "/usr/local/lib/python3.10/site-packages/starlette/middleware/base.py", line 168, in call_next
    |     raise app_exc from app_exc.__cause__ or app_exc.__context__
    |   File "/usr/local/lib/python3.10/site-packages/starlette/middleware/base.py", line 144, in coro
    |     await self.app(scope, receive_or_disconnect, send_no_error)
    |   File "/usr/local/lib/python3.10/site-packages/starlette/middleware/base.py", line 193, in __call__
    |     response = await self.dispatch_func(request, call_next)
    |   File "/app/app/main.py", line 109, in verify_gateway_api_key
    |     response = await call_next(request)
    |   File "/usr/local/lib/python3.10/site-packages/starlette/middleware/base.py", line 168, in call_next
    |     raise app_exc from app_exc.__cause__ or app_exc.__context__
    |   File "/usr/local/lib/python3.10/site-packages/starlette/middleware/base.py", line 144, in coro
    |     await self.app(scope, receive_or_disconnect, send_no_error)
    |   File "/usr/local/lib/python3.10/site-packages/starlette/middleware/cors.py", line 88, in __call__
    |     await self.app(scope, receive, send)
    |   File "/usr/local/lib/python3.10/site-packages/starlette/middleware/exceptions.py", line 63, in __call__
    |     await wrap_app_handling_exceptions(self.app, conn)(scope, receive, send)
    |   File "/usr/local/lib/python3.10/site-packages/starlette/_exception_handler.py", line 53, in wrapped_app
    |     raise exc
    |   File "/usr/local/lib/python3.10/site-packages/starlette/_exception_handler.py", line 42, in wrapped_app
    |     await app(scope, receive, sender)
    |   File "/usr/local/lib/python3.10/site-packages/fastapi/middleware/asyncexitstack.py", line 18, in __call__
    |     await self.app(scope, receive, send)
    |   File "/usr/local/lib/python3.10/site-packages/starlette/routing.py", line 660, in __call__
    |     await self.middleware_stack(scope, receive, send)
    |   File "/usr/local/lib/python3.10/site-packages/fastapi/routing.py", line 2692, in app
    |     await route.handle(scope, receive, send)
    |   File "/usr/local/lib/python3.10/site-packages/fastapi/routing.py", line 1773, in handle
    |     await self.original_router.handle(scope, receive, send)
    |   File "/usr/local/lib/python3.10/site-packages/fastapi/routing.py", line 2747, in handle
    |     await included_router._handle_selected(scope, receive, send)
    |   File "/usr/local/lib/python3.10/site-packages/fastapi/routing.py", line 1793, in _handle_selected
    |     await original_route.handle(scope, receive, send)
    |   File "/usr/local/lib/python3.10/site-packages/fastapi/routing.py", line 1272, in handle
    |     await app(scope, receive, send)
    |   File "/usr/local/lib/python3.10/site-packages/fastapi/routing.py", line 156, in app
    |     await wrap_app_handling_exceptions(app, request)(scope, receive, send)
    |   File "/usr/local/lib/python3.10/site-packages/starlette/_exception_handler.py", line 53, in wrapped_app
    |     raise exc
    |   File "/usr/local/lib/python3.10/site-packages/starlette/_exception_handler.py", line 42, in wrapped_app
    |     await app(scope, receive, sender)
    |   File "/usr/local/lib/python3.10/site-packages/fastapi/routing.py", line 142, in app
    |     response = await f(request)
    |   File "/usr/local/lib/python3.10/site-packages/fastapi/routing.py", line 698, in app
    |     raw_response = await run_endpoint_function(
    |   File "/usr/local/lib/python3.10/site-packages/fastapi/routing.py", line 352, in run_endpoint_function
    |     return await run_in_threadpool(dependant.call, **values)
    |   File "/usr/local/lib/python3.10/site-packages/starlette/concurrency.py", line 34, in run_in_threadpool
    |     return await anyio.to_thread.run_sync(func)
    |   File "/usr/local/lib/python3.10/site-packages/anyio/to_thread.py", line 65, in run_sync
    |     return await get_async_backend().run_sync_in_worker_thread(
    |   File "/usr/local/lib/python3.10/site-packages/anyio/_backends/_asyncio.py", line 2641, in run_sync_in_worker_thread
    |     return await future
    |   File "/usr/local/lib/python3.10/site-packages/anyio/_backends/_asyncio.py", line 1033, in run
    |     result = context.run(func, *args)
    |   File "/app/app/api/routes/dashboard_routes.py", line 28, in get_dashboard_summary
    |     priorities = db.query(AICollectionPriority).all()
    | NameError: name 'AICollectionPriority' is not defined
    +------------------------------------

The above exception was the direct cause of the following exception:

Traceback (most recent call last):
  File "/usr/local/lib/python3.10/site-packages/starlette/middleware/errors.py", line 164, in __call__
    await self.app(scope, receive, _send)
  File "/usr/local/lib/python3.10/site-packages/starlette/middleware/base.py", line 193, in __call__
    response = await self.dispatch_func(request, call_next)
  File "/app/app/main.py", line 116, in add_security_headers
    response = await call_next(request)
  File "/usr/local/lib/python3.10/site-packages/starlette/middleware/base.py", line 168, in call_next
    raise app_exc from app_exc.__cause__ or app_exc.__context__
  File "/usr/local/lib/python3.10/site-packages/starlette/middleware/base.py", line 144, in coro
    await self.app(scope, receive_or_disconnect, send_no_error)
  File "/usr/local/lib/python3.10/site-packages/starlette/middleware/base.py", line 193, in __call__
    response = await self.dispatch_func(request, call_next)
  File "/app/app/main.py", line 109, in verify_gateway_api_key
    response = await call_next(request)
  File "/usr/local/lib/python3.10/site-packages/starlette/middleware/base.py", line 168, in call_next
    raise app_exc from app_exc.__cause__ or app_exc.__context__
  File "/usr/local/lib/python3.10/site-packages/starlette/middleware/base.py", line 144, in coro
    await self.app(scope, receive_or_disconnect, send_no_error)
  File "/usr/local/lib/python3.10/site-packages/starlette/middleware/cors.py", line 88, in __call__
    await self.app(scope, receive, send)
  File "/usr/local/lib/python3.10/site-packages/starlette/middleware/exceptions.py", line 63, in __call__
    await wrap_app_handling_exceptions(self.app, conn)(scope, receive, send)
  File "/usr/local/lib/python3.10/site-packages/starlette/_exception_handler.py", line 53, in wrapped_app
    raise exc
  File "/usr/local/lib/python3.10/site-packages/starlette/_exception_handler.py", line 42, in wrapped_app
    await app(scope, receive, sender)
  File "/usr/local/lib/python3.10/site-packages/fastapi/middleware/asyncexitstack.py", line 18, in __call__
    await self.app(scope, receive, send)
  File "/usr/local/lib/python3.10/site-packages/starlette/routing.py", line 660, in __call__
    await self.middleware_stack(scope, receive, send)
  File "/usr/local/lib/python3.10/site-packages/fastapi/routing.py", line 2692, in app
    await route.handle(scope, receive, send)
  File "/usr/local/lib/python3.10/site-packages/fastapi/routing.py", line 1773, in handle
    await self.original_router.handle(scope, receive, send)
  File "/usr/local/lib/python3.10/site-packages/fastapi/routing.py", line 2747, in handle
    await included_router._handle_selected(scope, receive, send)
  File "/usr/local/lib/python3.10/site-packages/fastapi/routing.py", line 1793, in _handle_selected
    await original_route.handle(scope, receive, send)
  File "/usr/local/lib/python3.10/site-packages/fastapi/routing.py", line 1272, in handle
    await app(scope, receive, send)
  File "/usr/local/lib/python3.10/site-packages/fastapi/routing.py", line 156, in app
    await wrap_app_handling_exceptions(app, request)(scope, receive, send)
  File "/usr/local/lib/python3.10/site-packages/starlette/_exception_handler.py", line 53, in wrapped_app
    raise exc
  File "/usr/local/lib/python3.10/site-packages/starlette/_exception_handler.py", line 42, in wrapped_app
    await app(scope, receive, sender)
  File "/usr/local/lib/python3.10/site-packages/fastapi/routing.py", line 142, in app
    response = await f(request)
  File "/usr/local/lib/python3.10/site-packages/fastapi/routing.py", line 698, in app
    raw_response = await run_endpoint_function(
  File "/usr/local/lib/python3.10/site-packages/fastapi/routing.py", line 352, in run_endpoint_function
    return await run_in_threadpool(dependant.call, **values)
  File "/usr/local/lib/python3.10/site-packages/starlette/concurrency.py", line 34, in run_in_threadpool
    return await anyio.to_thread.run_sync(func)
  File "/usr/local/lib/python3.10/site-packages/anyio/to_thread.py", line 65, in run_sync
    return await get_async_backend().run_sync_in_worker_thread(
  File "/usr/local/lib/python3.10/site-packages/anyio/_backends/_asyncio.py", line 2641, in run_sync_in_worker_thread
    return await future
  File "/usr/local/lib/python3.10/site-packages/anyio/_backends/_asyncio.py", line 1033, in run
    result = context.run(func, *args)
  File "/app/app/api/routes/dashboard_routes.py", line 28, in get_dashboard_summary
    priorities = db.query(AICollectionPriority).all()
NameError: name 'AICollectionPriority' is not defined
ERROR:app.main:[2e49a780-c7ad-49d4-a8eb-f2df4dd90961] Unhandled exception on /api/ai/dashboard/summary: name 'AICollectionPriority' is not defined
  + Exception Group Traceback (most recent call last):
  |   File "/usr/local/lib/python3.10/site-packages/starlette/_utils.py", line 85, in create_collapsing_task_group
  |     async with anyio.create_task_group() as tg:
  |   File "/usr/local/lib/python3.10/site-packages/anyio/_backends/_asyncio.py", line 815, in __aexit__
  |     raise BaseExceptionGroup(
  | exceptiongroup.ExceptionGroup: unhandled errors in a TaskGroup (1 sub-exception)
  +-+---------------- 1 ----------------
    | Traceback (most recent call last):
    |   File "/usr/local/lib/python3.10/site-packages/starlette/middleware/errors.py", line 164, in __call__
    |     await self.app(scope, receive, _send)
    |   File "/usr/local/lib/python3.10/site-packages/starlette/middleware/base.py", line 193, in __call__
    |     response = await self.dispatch_func(request, call_next)
    |   File "/app/app/main.py", line 116, in add_security_headers
    |     response = await call_next(request)
    |   File "/usr/local/lib/python3.10/site-packages/starlette/middleware/base.py", line 168, in call_next
    |     raise app_exc from app_exc.__cause__ or app_exc.__context__
    |   File "/usr/local/lib/python3.10/site-packages/starlette/middleware/base.py", line 144, in coro
    |     await self.app(scope, receive_or_disconnect, send_no_error)
    |   File "/usr/local/lib/python3.10/site-packages/starlette/middleware/base.py", line 193, in __call__
    |     response = await self.dispatch_func(request, call_next)
    |   File "/app/app/main.py", line 109, in verify_gateway_api_key
    |     response = await call_next(request)
    |   File "/usr/local/lib/python3.10/site-packages/starlette/middleware/base.py", line 168, in call_next
    |     raise app_exc from app_exc.__cause__ or app_exc.__context__
    |   File "/usr/local/lib/python3.10/site-packages/starlette/middleware/base.py", line 144, in coro
    |     await self.app(scope, receive_or_disconnect, send_no_error)
    |   File "/usr/local/lib/python3.10/site-packages/starlette/middleware/cors.py", line 88, in __call__
    |     await self.app(scope, receive, send)
    |   File "/usr/local/lib/python3.10/site-packages/starlette/middleware/exceptions.py", line 63, in __call__
    |     await wrap_app_handling_exceptions(self.app, conn)(scope, receive, send)
    |   File "/usr/local/lib/python3.10/site-packages/starlette/_exception_handler.py", line 53, in wrapped_app
    |     raise exc
    |   File "/usr/local/lib/python3.10/site-packages/starlette/_exception_handler.py", line 42, in wrapped_app
    |     await app(scope, receive, sender)
    |   File "/usr/local/lib/python3.10/site-packages/fastapi/middleware/asyncexitstack.py", line 18, in __call__
    |     await self.app(scope, receive, send)
    |   File "/usr/local/lib/python3.10/site-packages/starlette/routing.py", line 660, in __call__
    |     await self.middleware_stack(scope, receive, send)
    |   File "/usr/local/lib/python3.10/site-packages/fastapi/routing.py", line 2692, in app
    |     await route.handle(scope, receive, send)
    |   File "/usr/local/lib/python3.10/site-packages/fastapi/routing.py", line 1773, in handle
    |     await self.original_router.handle(scope, receive, send)
    |   File "/usr/local/lib/python3.10/site-packages/fastapi/routing.py", line 2747, in handle
    |     await included_router._handle_selected(scope, receive, send)
    |   File "/usr/local/lib/python3.10/site-packages/fastapi/routing.py", line 1793, in _handle_selected
    |     await original_route.handle(scope, receive, send)
    |   File "/usr/local/lib/python3.10/site-packages/fastapi/routing.py", line 1272, in handle
    |     await app(scope, receive, send)
    |   File "/usr/local/lib/python3.10/site-packages/fastapi/routing.py", line 156, in app
    |     await wrap_app_handling_exceptions(app, request)(scope, receive, send)
    |   File "/usr/local/lib/python3.10/site-packages/starlette/_exception_handler.py", line 53, in wrapped_app
    |     raise exc
    |   File "/usr/local/lib/python3.10/site-packages/starlette/_exception_handler.py", line 42, in wrapped_app
    |     await app(scope, receive, sender)
    |   File "/usr/local/lib/python3.10/site-packages/fastapi/routing.py", line 142, in app
    |     response = await f(request)
    |   File "/usr/local/lib/python3.10/site-packages/fastapi/routing.py", line 698, in app
    |     raw_response = await run_endpoint_function(
    |   File "/usr/local/lib/python3.10/site-packages/fastapi/routing.py", line 352, in run_endpoint_function
    |     return await run_in_threadpool(dependant.call, **values)
    |   File "/usr/local/lib/python3.10/site-packages/starlette/concurrency.py", line 34, in run_in_threadpool
    |     return await anyio.to_thread.run_sync(func)
    |   File "/usr/local/lib/python3.10/site-packages/anyio/to_thread.py", line 65, in run_sync
    |     return await get_async_backend().run_sync_in_worker_thread(
    |   File "/usr/local/lib/python3.10/site-packages/anyio/_backends/_asyncio.py", line 2641, in run_sync_in_worker_thread
    |     return await future
    |   File "/usr/local/lib/python3.10/site-packages/anyio/_backends/_asyncio.py", line 1033, in run
    |     result = context.run(func, *args)
    |   File "/app/app/api/routes/dashboard_routes.py", line 28, in get_dashboard_summary
    |     priorities = db.query(AICollectionPriority).all()
    | NameError: name 'AICollectionPriority' is not defined
    +------------------------------------

The above exception was the direct cause of the following exception:

Traceback (most recent call last):
  File "/usr/local/lib/python3.10/site-packages/starlette/middleware/errors.py", line 164, in __call__
    await self.app(scope, receive, _send)
  File "/usr/local/lib/python3.10/site-packages/starlette/middleware/base.py", line 193, in __call__
    response = await self.dispatch_func(request, call_next)
  File "/app/app/main.py", line 116, in add_security_headers
    response = await call_next(request)
  File "/usr/local/lib/python3.10/site-packages/starlette/middleware/base.py", line 168, in call_next
    raise app_exc from app_exc.__cause__ or app_exc.__context__
  File "/usr/local/lib/python3.10/site-packages/starlette/middleware/base.py", line 144, in coro
    await self.app(scope, receive_or_disconnect, send_no_error)
  File "/usr/local/lib/python3.10/site-packages/starlette/middleware/base.py", line 193, in __call__
    response = await self.dispatch_func(request, call_next)
  File "/app/app/main.py", line 109, in verify_gateway_api_key
    response = await call_next(request)
  File "/usr/local/lib/python3.10/site-packages/starlette/middleware/base.py", line 168, in call_next
    raise app_exc from app_exc.__cause__ or app_exc.__context__
  File "/usr/local/lib/python3.10/site-packages/starlette/middleware/base.py", line 144, in coro
    await self.app(scope, receive_or_disconnect, send_no_error)
  File "/usr/local/lib/python3.10/site-packages/starlette/middleware/cors.py", line 88, in __call__
    await self.app(scope, receive, send)
  File "/usr/local/lib/python3.10/site-packages/starlette/middleware/exceptions.py", line 63, in __call__
    await wrap_app_handling_exceptions(self.app, conn)(scope, receive, send)
  File "/usr/local/lib/python3.10/site-packages/starlette/_exception_handler.py", line 53, in wrapped_app
    raise exc
  File "/usr/local/lib/python3.10/site-packages/starlette/_exception_handler.py", line 42, in wrapped_app
    await app(scope, receive, sender)
  File "/usr/local/lib/python3.10/site-packages/fastapi/middleware/asyncexitstack.py", line 18, in __call__
    await self.app(scope, receive, send)
  File "/usr/local/lib/python3.10/site-packages/starlette/routing.py", line 660, in __call__
    await self.middleware_stack(scope, receive, send)
  File "/usr/local/lib/python3.10/site-packages/fastapi/routing.py", line 2692, in app
    await route.handle(scope, receive, send)
  File "/usr/local/lib/python3.10/site-packages/fastapi/routing.py", line 1773, in handle
    await self.original_router.handle(scope, receive, send)
  File "/usr/local/lib/python3.10/site-packages/fastapi/routing.py", line 2747, in handle
    await included_router._handle_selected(scope, receive, send)
  File "/usr/local/lib/python3.10/site-packages/fastapi/routing.py", line 1793, in _handle_selected
    await original_route.handle(scope, receive, send)
  File "/usr/local/lib/python3.10/site-packages/fastapi/routing.py", line 1272, in handle
    await app(scope, receive, send)
  File "/usr/local/lib/python3.10/site-packages/fastapi/routing.py", line 156, in app
    await wrap_app_handling_exceptions(app, request)(scope, receive, send)
  File "/usr/local/lib/python3.10/site-packages/starlette/_exception_handler.py", line 53, in wrapped_app
    raise exc
  File "/usr/local/lib/python3.10/site-packages/starlette/_exception_handler.py", line 42, in wrapped_app
    await app(scope, receive, sender)
  File "/usr/local/lib/python3.10/site-packages/fastapi/routing.py", line 142, in app
    response = await f(request)
  File "/usr/local/lib/python3.10/site-packages/fastapi/routing.py", line 698, in app
    raw_response = await run_endpoint_function(
  File "/usr/local/lib/python3.10/site-packages/fastapi/routing.py", line 352, in run_endpoint_function
    return await run_in_threadpool(dependant.call, **values)
  File "/usr/local/lib/python3.10/site-packages/starlette/concurrency.py", line 34, in run_in_threadpool
    return await anyio.to_thread.run_sync(func)
  File "/usr/local/lib/python3.10/site-packages/anyio/to_thread.py", line 65, in run_sync
    return await get_async_backend().run_sync_in_worker_thread(
  File "/usr/local/lib/python3.10/site-packages/anyio/_backends/_asyncio.py", line 2641, in run_sync_in_worker_thread
    return await future
  File "/usr/local/lib/python3.10/site-packages/anyio/_backends/_asyncio.py", line 1033, in run
    result = context.run(func, *args)
  File "/app/app/api/routes/dashboard_routes.py", line 28, in get_dashboard_summary
    priorities = db.query(AICollectionPriority).all()
NameError: name 'AICollectionPriority' is not defined
INFO:app.main:Shutting down AI Service...
INFO:app.main:Initializing AI Service...
INFO:app.main:Shutting down AI Service...
INFO:app.main:Initializing AI Service...
ERROR:app.main:[768b6e50-abfb-45e6-8e7b-384a00687ad4] Unhandled exception on /api/ai/dashboard/summary: name 'AICollectionPriority' is not defined
  + Exception Group Traceback (most recent call last):
  |   File "/usr/local/lib/python3.10/site-packages/starlette/_utils.py", line 85, in create_collapsing_task_group
  |     async with anyio.create_task_group() as tg:
  |   File "/usr/local/lib/python3.10/site-packages/anyio/_backends/_asyncio.py", line 815, in __aexit__
  |     raise BaseExceptionGroup(
  | exceptiongroup.ExceptionGroup: unhandled errors in a TaskGroup (1 sub-exception)
  +-+---------------- 1 ----------------
    | Traceback (most recent call last):
    |   File "/usr/local/lib/python3.10/site-packages/starlette/middleware/errors.py", line 164, in __call__
    |     await self.app(scope, receive, _send)
    |   File "/usr/local/lib/python3.10/site-packages/starlette/middleware/base.py", line 193, in __call__
    |     response = await self.dispatch_func(request, call_next)
    |   File "/app/app/main.py", line 116, in add_security_headers
    |     response = await call_next(request)
    |   File "/usr/local/lib/python3.10/site-packages/starlette/middleware/base.py", line 168, in call_next
    |     raise app_exc from app_exc.__cause__ or app_exc.__context__
    |   File "/usr/local/lib/python3.10/site-packages/starlette/middleware/base.py", line 144, in coro
    |     await self.app(scope, receive_or_disconnect, send_no_error)
    |   File "/usr/local/lib/python3.10/site-packages/starlette/middleware/base.py", line 193, in __call__
    |     response = await self.dispatch_func(request, call_next)
    |   File "/app/app/main.py", line 109, in verify_gateway_api_key
    |     response = await call_next(request)
    |   File "/usr/local/lib/python3.10/site-packages/starlette/middleware/base.py", line 168, in call_next
    |     raise app_exc from app_exc.__cause__ or app_exc.__context__
    |   File "/usr/local/lib/python3.10/site-packages/starlette/middleware/base.py", line 144, in coro
    |     await self.app(scope, receive_or_disconnect, send_no_error)
    |   File "/usr/local/lib/python3.10/site-packages/starlette/middleware/cors.py", line 88, in __call__
    |     await self.app(scope, receive, send)
    |   File "/usr/local/lib/python3.10/site-packages/starlette/middleware/exceptions.py", line 63, in __call__
    |     await wrap_app_handling_exceptions(self.app, conn)(scope, receive, send)
    |   File "/usr/local/lib/python3.10/site-packages/starlette/_exception_handler.py", line 53, in wrapped_app
    |     raise exc
    |   File "/usr/local/lib/python3.10/site-packages/starlette/_exception_handler.py", line 42, in wrapped_app
    |     await app(scope, receive, sender)
    |   File "/usr/local/lib/python3.10/site-packages/fastapi/middleware/asyncexitstack.py", line 18, in __call__
    |     await self.app(scope, receive, send)
    |   File "/usr/local/lib/python3.10/site-packages/starlette/routing.py", line 660, in __call__
    |     await self.middleware_stack(scope, receive, send)
    |   File "/usr/local/lib/python3.10/site-packages/fastapi/routing.py", line 2692, in app
    |     await route.handle(scope, receive, send)
    |   File "/usr/local/lib/python3.10/site-packages/fastapi/routing.py", line 1773, in handle
    |     await self.original_router.handle(scope, receive, send)
    |   File "/usr/local/lib/python3.10/site-packages/fastapi/routing.py", line 2747, in handle
    |     await included_router._handle_selected(scope, receive, send)
    |   File "/usr/local/lib/python3.10/site-packages/fastapi/routing.py", line 1793, in _handle_selected
    |     await original_route.handle(scope, receive, send)
    |   File "/usr/local/lib/python3.10/site-packages/fastapi/routing.py", line 1272, in handle
    |     await app(scope, receive, send)
    |   File "/usr/local/lib/python3.10/site-packages/fastapi/routing.py", line 156, in app
    |     await wrap_app_handling_exceptions(app, request)(scope, receive, send)
    |   File "/usr/local/lib/python3.10/site-packages/starlette/_exception_handler.py", line 53, in wrapped_app
    |     raise exc
    |   File "/usr/local/lib/python3.10/site-packages/starlette/_exception_handler.py", line 42, in wrapped_app
    |     await app(scope, receive, sender)
    |   File "/usr/local/lib/python3.10/site-packages/fastapi/routing.py", line 142, in app
    |     response = await f(request)
    |   File "/usr/local/lib/python3.10/site-packages/fastapi/routing.py", line 698, in app
    |     raw_response = await run_endpoint_function(
    |   File "/usr/local/lib/python3.10/site-packages/fastapi/routing.py", line 352, in run_endpoint_function
    |     return await run_in_threadpool(dependant.call, **values)
    |   File "/usr/local/lib/python3.10/site-packages/starlette/concurrency.py", line 34, in run_in_threadpool
    |     return await anyio.to_thread.run_sync(func)
    |   File "/usr/local/lib/python3.10/site-packages/anyio/to_thread.py", line 65, in run_sync
    |     return await get_async_backend().run_sync_in_worker_thread(
    |   File "/usr/local/lib/python3.10/site-packages/anyio/_backends/_asyncio.py", line 2641, in run_sync_in_worker_thread
    |     return await future
    |   File "/usr/local/lib/python3.10/site-packages/anyio/_backends/_asyncio.py", line 1033, in run
    |     result = context.run(func, *args)
    |   File "/app/app/api/routes/dashboard_routes.py", line 28, in get_dashboard_summary
    |     priorities = db.query(AICollectionPriority).all()
    | NameError: name 'AICollectionPriority' is not defined
    +------------------------------------

The above exception was the direct cause of the following exception:

Traceback (most recent call last):
  File "/usr/local/lib/python3.10/site-packages/starlette/middleware/errors.py", line 164, in __call__
    await self.app(scope, receive, _send)
  File "/usr/local/lib/python3.10/site-packages/starlette/middleware/base.py", line 193, in __call__
    response = await self.dispatch_func(request, call_next)
  File "/app/app/main.py", line 116, in add_security_headers
    response = await call_next(request)
  File "/usr/local/lib/python3.10/site-packages/starlette/middleware/base.py", line 168, in call_next
    raise app_exc from app_exc.__cause__ or app_exc.__context__
  File "/usr/local/lib/python3.10/site-packages/starlette/middleware/base.py", line 144, in coro
    await self.app(scope, receive_or_disconnect, send_no_error)
  File "/usr/local/lib/python3.10/site-packages/starlette/middleware/base.py", line 193, in __call__
    response = await self.dispatch_func(request, call_next)
  File "/app/app/main.py", line 109, in verify_gateway_api_key
    response = await call_next(request)
  File "/usr/local/lib/python3.10/site-packages/starlette/middleware/base.py", line 168, in call_next
    raise app_exc from app_exc.__cause__ or app_exc.__context__
  File "/usr/local/lib/python3.10/site-packages/starlette/middleware/base.py", line 144, in coro
    await self.app(scope, receive_or_disconnect, send_no_error)
  File "/usr/local/lib/python3.10/site-packages/starlette/middleware/cors.py", line 88, in __call__
    await self.app(scope, receive, send)
  File "/usr/local/lib/python3.10/site-packages/starlette/middleware/exceptions.py", line 63, in __call__
    await wrap_app_handling_exceptions(self.app, conn)(scope, receive, send)
  File "/usr/local/lib/python3.10/site-packages/starlette/_exception_handler.py", line 53, in wrapped_app
    raise exc
  File "/usr/local/lib/python3.10/site-packages/starlette/_exception_handler.py", line 42, in wrapped_app
    await app(scope, receive, sender)
  File "/usr/local/lib/python3.10/site-packages/fastapi/middleware/asyncexitstack.py", line 18, in __call__
    await self.app(scope, receive, send)
  File "/usr/local/lib/python3.10/site-packages/starlette/routing.py", line 660, in __call__
    await self.middleware_stack(scope, receive, send)
  File "/usr/local/lib/python3.10/site-packages/fastapi/routing.py", line 2692, in app
    await route.handle(scope, receive, send)
  File "/usr/local/lib/python3.10/site-packages/fastapi/routing.py", line 1773, in handle
    await self.original_router.handle(scope, receive, send)
  File "/usr/local/lib/python3.10/site-packages/fastapi/routing.py", line 2747, in handle
    await included_router._handle_selected(scope, receive, send)
  File "/usr/local/lib/python3.10/site-packages/fastapi/routing.py", line 1793, in _handle_selected
    await original_route.handle(scope, receive, send)
  File "/usr/local/lib/python3.10/site-packages/fastapi/routing.py", line 1272, in handle
    await app(scope, receive, send)
  File "/usr/local/lib/python3.10/site-packages/fastapi/routing.py", line 156, in app
    await wrap_app_handling_exceptions(app, request)(scope, receive, send)
  File "/usr/local/lib/python3.10/site-packages/starlette/_exception_handler.py", line 53, in wrapped_app
    raise exc
  File "/usr/local/lib/python3.10/site-packages/starlette/_exception_handler.py", line 42, in wrapped_app
    await app(scope, receive, sender)
  File "/usr/local/lib/python3.10/site-packages/fastapi/routing.py", line 142, in app
    response = await f(request)
  File "/usr/local/lib/python3.10/site-packages/fastapi/routing.py", line 698, in app
    raw_response = await run_endpoint_function(
  File "/usr/local/lib/python3.10/site-packages/fastapi/routing.py", line 352, in run_endpoint_function
    return await run_in_threadpool(dependant.call, **values)
  File "/usr/local/lib/python3.10/site-packages/starlette/concurrency.py", line 34, in run_in_threadpool
    return await anyio.to_thread.run_sync(func)
  File "/usr/local/lib/python3.10/site-packages/anyio/to_thread.py", line 65, in run_sync
    return await get_async_backend().run_sync_in_worker_thread(
  File "/usr/local/lib/python3.10/site-packages/anyio/_backends/_asyncio.py", line 2641, in run_sync_in_worker_thread
    return await future
  File "/usr/local/lib/python3.10/site-packages/anyio/_backends/_asyncio.py", line 1033, in run
    result = context.run(func, *args)
  File "/app/app/api/routes/dashboard_routes.py", line 28, in get_dashboard_summary
    priorities = db.query(AICollectionPriority).all()
NameError: name 'AICollectionPriority' is not defined
ERROR:app.main:[729c57f0-ec52-4771-b4ed-03d298ed966e] Unhandled exception on /api/ai/dashboard/summary: name 'AICollectionPriority' is not defined
  + Exception Group Traceback (most recent call last):
  |   File "/usr/local/lib/python3.10/site-packages/starlette/_utils.py", line 85, in create_collapsing_task_group
  |     async with anyio.create_task_group() as tg:
  |   File "/usr/local/lib/python3.10/site-packages/anyio/_backends/_asyncio.py", line 815, in __aexit__
  |     raise BaseExceptionGroup(
  | exceptiongroup.ExceptionGroup: unhandled errors in a TaskGroup (1 sub-exception)
  +-+---------------- 1 ----------------
    | Traceback (most recent call last):
    |   File "/usr/local/lib/python3.10/site-packages/starlette/middleware/errors.py", line 164, in __call__
    |     await self.app(scope, receive, _send)
    |   File "/usr/local/lib/python3.10/site-packages/starlette/middleware/base.py", line 193, in __call__
    |     response = await self.dispatch_func(request, call_next)
    |   File "/app/app/main.py", line 116, in add_security_headers
    |     response = await call_next(request)
    |   File "/usr/local/lib/python3.10/site-packages/starlette/middleware/base.py", line 168, in call_next
    |     raise app_exc from app_exc.__cause__ or app_exc.__context__
    |   File "/usr/local/lib/python3.10/site-packages/starlette/middleware/base.py", line 144, in coro
    |     await self.app(scope, receive_or_disconnect, send_no_error)
    |   File "/usr/local/lib/python3.10/site-packages/starlette/middleware/base.py", line 193, in __call__
    |     response = await self.dispatch_func(request, call_next)
    |   File "/app/app/main.py", line 109, in verify_gateway_api_key
    |     response = await call_next(request)
    |   File "/usr/local/lib/python3.10/site-packages/starlette/middleware/base.py", line 168, in call_next
    |     raise app_exc from app_exc.__cause__ or app_exc.__context__
    |   File "/usr/local/lib/python3.10/site-packages/starlette/middleware/base.py", line 144, in coro
    |     await self.app(scope, receive_or_disconnect, send_no_error)
    |   File "/usr/local/lib/python3.10/site-packages/starlette/middleware/cors.py", line 88, in __call__
    |     await self.app(scope, receive, send)
    |   File "/usr/local/lib/python3.10/site-packages/starlette/middleware/exceptions.py", line 63, in __call__
    |     await wrap_app_handling_exceptions(self.app, conn)(scope, receive, send)
    |   File "/usr/local/lib/python3.10/site-packages/starlette/_exception_handler.py", line 53, in wrapped_app
    |     raise exc
    |   File "/usr/local/lib/python3.10/site-packages/starlette/_exception_handler.py", line 42, in wrapped_app
    |     await app(scope, receive, sender)
    |   File "/usr/local/lib/python3.10/site-packages/fastapi/middleware/asyncexitstack.py", line 18, in __call__
    |     await self.app(scope, receive, send)
    |   File "/usr/local/lib/python3.10/site-packages/starlette/routing.py", line 660, in __call__
    |     await self.middleware_stack(scope, receive, send)
    |   File "/usr/local/lib/python3.10/site-packages/fastapi/routing.py", line 2692, in app
    |     await route.handle(scope, receive, send)
    |   File "/usr/local/lib/python3.10/site-packages/fastapi/routing.py", line 1773, in handle
    |     await self.original_router.handle(scope, receive, send)
    |   File "/usr/local/lib/python3.10/site-packages/fastapi/routing.py", line 2747, in handle
    |     await included_router._handle_selected(scope, receive, send)
    |   File "/usr/local/lib/python3.10/site-packages/fastapi/routing.py", line 1793, in _handle_selected
    |     await original_route.handle(scope, receive, send)
    |   File "/usr/local/lib/python3.10/site-packages/fastapi/routing.py", line 1272, in handle
    |     await app(scope, receive, send)
    |   File "/usr/local/lib/python3.10/site-packages/fastapi/routing.py", line 156, in app
    |     await wrap_app_handling_exceptions(app, request)(scope, receive, send)
    |   File "/usr/local/lib/python3.10/site-packages/starlette/_exception_handler.py", line 53, in wrapped_app
    |     raise exc
    |   File "/usr/local/lib/python3.10/site-packages/starlette/_exception_handler.py", line 42, in wrapped_app
    |     await app(scope, receive, sender)
    |   File "/usr/local/lib/python3.10/site-packages/fastapi/routing.py", line 142, in app
    |     response = await f(request)
    |   File "/usr/local/lib/python3.10/site-packages/fastapi/routing.py", line 698, in app
    |     raw_response = await run_endpoint_function(
    |   File "/usr/local/lib/python3.10/site-packages/fastapi/routing.py", line 352, in run_endpoint_function
    |     return await run_in_threadpool(dependant.call, **values)
    |   File "/usr/local/lib/python3.10/site-packages/starlette/concurrency.py", line 34, in run_in_threadpool
    |     return await anyio.to_thread.run_sync(func)
    |   File "/usr/local/lib/python3.10/site-packages/anyio/to_thread.py", line 65, in run_sync
    |     return await get_async_backend().run_sync_in_worker_thread(
    |   File "/usr/local/lib/python3.10/site-packages/anyio/_backends/_asyncio.py", line 2641, in run_sync_in_worker_thread
    |     return await future
    |   File "/usr/local/lib/python3.10/site-packages/anyio/_backends/_asyncio.py", line 1033, in run
    |     result = context.run(func, *args)
    |   File "/app/app/api/routes/dashboard_routes.py", line 28, in get_dashboard_summary
    |     priorities = db.query(AICollectionPriority).all()
    | NameError: name 'AICollectionPriority' is not defined
    +------------------------------------

The above exception was the direct cause of the following exception:

Traceback (most recent call last):
  File "/usr/local/lib/python3.10/site-packages/starlette/middleware/errors.py", line 164, in __call__
    await self.app(scope, receive, _send)
  File "/usr/local/lib/python3.10/site-packages/starlette/middleware/base.py", line 193, in __call__
    response = await self.dispatch_func(request, call_next)
  File "/app/app/main.py", line 116, in add_security_headers
    response = await call_next(request)
  File "/usr/local/lib/python3.10/site-packages/starlette/middleware/base.py", line 168, in call_next
    raise app_exc from app_exc.__cause__ or app_exc.__context__
  File "/usr/local/lib/python3.10/site-packages/starlette/middleware/base.py", line 144, in coro
    await self.app(scope, receive_or_disconnect, send_no_error)
  File "/usr/local/lib/python3.10/site-packages/starlette/middleware/base.py", line 193, in __call__
    response = await self.dispatch_func(request, call_next)
  File "/app/app/main.py", line 109, in verify_gateway_api_key
    response = await call_next(request)
  File "/usr/local/lib/python3.10/site-packages/starlette/middleware/base.py", line 168, in call_next
    raise app_exc from app_exc.__cause__ or app_exc.__context__
  File "/usr/local/lib/python3.10/site-packages/starlette/middleware/base.py", line 144, in coro
    await self.app(scope, receive_or_disconnect, send_no_error)
  File "/usr/local/lib/python3.10/site-packages/starlette/middleware/cors.py", line 88, in __call__
    await self.app(scope, receive, send)
  File "/usr/local/lib/python3.10/site-packages/starlette/middleware/exceptions.py", line 63, in __call__
    await wrap_app_handling_exceptions(self.app, conn)(scope, receive, send)
  File "/usr/local/lib/python3.10/site-packages/starlette/_exception_handler.py", line 53, in wrapped_app
    raise exc
  File "/usr/local/lib/python3.10/site-packages/starlette/_exception_handler.py", line 42, in wrapped_app
    await app(scope, receive, sender)
  File "/usr/local/lib/python3.10/site-packages/fastapi/middleware/asyncexitstack.py", line 18, in __call__
    await self.app(scope, receive, send)
  File "/usr/local/lib/python3.10/site-packages/starlette/routing.py", line 660, in __call__
    await self.middleware_stack(scope, receive, send)
  File "/usr/local/lib/python3.10/site-packages/fastapi/routing.py", line 2692, in app
    await route.handle(scope, receive, send)
  File "/usr/local/lib/python3.10/site-packages/fastapi/routing.py", line 1773, in handle
    await self.original_router.handle(scope, receive, send)
  File "/usr/local/lib/python3.10/site-packages/fastapi/routing.py", line 2747, in handle
    await included_router._handle_selected(scope, receive, send)
  File "/usr/local/lib/python3.10/site-packages/fastapi/routing.py", line 1793, in _handle_selected
    await original_route.handle(scope, receive, send)
  File "/usr/local/lib/python3.10/site-packages/fastapi/routing.py", line 1272, in handle
    await app(scope, receive, send)
  File "/usr/local/lib/python3.10/site-packages/fastapi/routing.py", line 156, in app
    await wrap_app_handling_exceptions(app, request)(scope, receive, send)
  File "/usr/local/lib/python3.10/site-packages/starlette/_exception_handler.py", line 53, in wrapped_app
    raise exc
  File "/usr/local/lib/python3.10/site-packages/starlette/_exception_handler.py", line 42, in wrapped_app
    await app(scope, receive, sender)
  File "/usr/local/lib/python3.10/site-packages/fastapi/routing.py", line 142, in app
    response = await f(request)
  File "/usr/local/lib/python3.10/site-packages/fastapi/routing.py", line 698, in app
    raw_response = await run_endpoint_function(
  File "/usr/local/lib/python3.10/site-packages/fastapi/routing.py", line 352, in run_endpoint_function
    return await run_in_threadpool(dependant.call, **values)
  File "/usr/local/lib/python3.10/site-packages/starlette/concurrency.py", line 34, in run_in_threadpool
    return await anyio.to_thread.run_sync(func)
  File "/usr/local/lib/python3.10/site-packages/anyio/to_thread.py", line 65, in run_sync
    return await get_async_backend().run_sync_in_worker_thread(
  File "/usr/local/lib/python3.10/site-packages/anyio/_backends/_asyncio.py", line 2641, in run_sync_in_worker_thread
    return await future
  File "/usr/local/lib/python3.10/site-packages/anyio/_backends/_asyncio.py", line 1033, in run
    result = context.run(func, *args)
  File "/app/app/api/routes/dashboard_routes.py", line 28, in get_dashboard_summary
    priorities = db.query(AICollectionPriority).all()
NameError: name 'AICollectionPriority' is not defined
ERROR:app.main:[1bb5ab50-b191-44e2-bfee-a286ffc227db] Unhandled exception on /api/ai/dashboard/summary: name 'AICollectionPriority' is not defined
  + Exception Group Traceback (most recent call last):
  |   File "/usr/local/lib/python3.10/site-packages/starlette/_utils.py", line 85, in create_collapsing_task_group
  |     async with anyio.create_task_group() as tg:
  |   File "/usr/local/lib/python3.10/site-packages/anyio/_backends/_asyncio.py", line 815, in __aexit__
  |     raise BaseExceptionGroup(
  | exceptiongroup.ExceptionGroup: unhandled errors in a TaskGroup (1 sub-exception)
  +-+---------------- 1 ----------------
    | Traceback (most recent call last):
    |   File "/usr/local/lib/python3.10/site-packages/starlette/middleware/errors.py", line 164, in __call__
    |     await self.app(scope, receive, _send)
    |   File "/usr/local/lib/python3.10/site-packages/starlette/middleware/base.py", line 193, in __call__
    |     response = await self.dispatch_func(request, call_next)
    |   File "/app/app/main.py", line 116, in add_security_headers
    |     response = await call_next(request)
    |   File "/usr/local/lib/python3.10/site-packages/starlette/middleware/base.py", line 168, in call_next
    |     raise app_exc from app_exc.__cause__ or app_exc.__context__
    |   File "/usr/local/lib/python3.10/site-packages/starlette/middleware/base.py", line 144, in coro
    |     await self.app(scope, receive_or_disconnect, send_no_error)
    |   File "/usr/local/lib/python3.10/site-packages/starlette/middleware/base.py", line 193, in __call__
    |     response = await self.dispatch_func(request, call_next)
    |   File "/app/app/main.py", line 109, in verify_gateway_api_key
    |     response = await call_next(request)
    |   File "/usr/local/lib/python3.10/site-packages/starlette/middleware/base.py", line 168, in call_next
    |     raise app_exc from app_exc.__cause__ or app_exc.__context__
    |   File "/usr/local/lib/python3.10/site-packages/starlette/middleware/base.py", line 144, in coro
    |     await self.app(scope, receive_or_disconnect, send_no_error)
    |   File "/usr/local/lib/python3.10/site-packages/starlette/middleware/cors.py", line 88, in __call__
    |     await self.app(scope, receive, send)
    |   File "/usr/local/lib/python3.10/site-packages/starlette/middleware/exceptions.py", line 63, in __call__
    |     await wrap_app_handling_exceptions(self.app, conn)(scope, receive, send)
    |   File "/usr/local/lib/python3.10/site-packages/starlette/_exception_handler.py", line 53, in wrapped_app
    |     raise exc
    |   File "/usr/local/lib/python3.10/site-packages/starlette/_exception_handler.py", line 42, in wrapped_app
    |     await app(scope, receive, sender)
    |   File "/usr/local/lib/python3.10/site-packages/fastapi/middleware/asyncexitstack.py", line 18, in __call__
    |     await self.app(scope, receive, send)
    |   File "/usr/local/lib/python3.10/site-packages/starlette/routing.py", line 660, in __call__
    |     await self.middleware_stack(scope, receive, send)
    |   File "/usr/local/lib/python3.10/site-packages/fastapi/routing.py", line 2692, in app
    |     await route.handle(scope, receive, send)
    |   File "/usr/local/lib/python3.10/site-packages/fastapi/routing.py", line 1773, in handle
    |     await self.original_router.handle(scope, receive, send)
    |   File "/usr/local/lib/python3.10/site-packages/fastapi/routing.py", line 2747, in handle
    |     await included_router._handle_selected(scope, receive, send)
    |   File "/usr/local/lib/python3.10/site-packages/fastapi/routing.py", line 1793, in _handle_selected
    |     await original_route.handle(scope, receive, send)
    |   File "/usr/local/lib/python3.10/site-packages/fastapi/routing.py", line 1272, in handle
    |     await app(scope, receive, send)
    |   File "/usr/local/lib/python3.10/site-packages/fastapi/routing.py", line 156, in app
    |     await wrap_app_handling_exceptions(app, request)(scope, receive, send)
    |   File "/usr/local/lib/python3.10/site-packages/starlette/_exception_handler.py", line 53, in wrapped_app
    |     raise exc
    |   File "/usr/local/lib/python3.10/site-packages/starlette/_exception_handler.py", line 42, in wrapped_app
    |     await app(scope, receive, sender)
    |   File "/usr/local/lib/python3.10/site-packages/fastapi/routing.py", line 142, in app
    |     response = await f(request)
    |   File "/usr/local/lib/python3.10/site-packages/fastapi/routing.py", line 698, in app
    |     raw_response = await run_endpoint_function(
    |   File "/usr/local/lib/python3.10/site-packages/fastapi/routing.py", line 352, in run_endpoint_function
    |     return await run_in_threadpool(dependant.call, **values)
    |   File "/usr/local/lib/python3.10/site-packages/starlette/concurrency.py", line 34, in run_in_threadpool
    |     return await anyio.to_thread.run_sync(func)
    |   File "/usr/local/lib/python3.10/site-packages/anyio/to_thread.py", line 65, in run_sync
    |     return await get_async_backend().run_sync_in_worker_thread(
    |   File "/usr/local/lib/python3.10/site-packages/anyio/_backends/_asyncio.py", line 2641, in run_sync_in_worker_thread
    |     return await future
    |   File "/usr/local/lib/python3.10/site-packages/anyio/_backends/_asyncio.py", line 1033, in run
    |     result = context.run(func, *args)
    |   File "/app/app/api/routes/dashboard_routes.py", line 28, in get_dashboard_summary
    |     priorities = db.query(AICollectionPriority).all()
    | NameError: name 'AICollectionPriority' is not defined
    +------------------------------------

The above exception was the direct cause of the following exception:

Traceback (most recent call last):
  File "/usr/local/lib/python3.10/site-packages/starlette/middleware/errors.py", line 164, in __call__
    await self.app(scope, receive, _send)
  File "/usr/local/lib/python3.10/site-packages/starlette/middleware/base.py", line 193, in __call__
    response = await self.dispatch_func(request, call_next)
  File "/app/app/main.py", line 116, in add_security_headers
    response = await call_next(request)
  File "/usr/local/lib/python3.10/site-packages/starlette/middleware/base.py", line 168, in call_next
    raise app_exc from app_exc.__cause__ or app_exc.__context__
  File "/usr/local/lib/python3.10/site-packages/starlette/middleware/base.py", line 144, in coro
    await self.app(scope, receive_or_disconnect, send_no_error)
  File "/usr/local/lib/python3.10/site-packages/starlette/middleware/base.py", line 193, in __call__
    response = await self.dispatch_func(request, call_next)
  File "/app/app/main.py", line 109, in verify_gateway_api_key
    response = await call_next(request)
  File "/usr/local/lib/python3.10/site-packages/starlette/middleware/base.py", line 168, in call_next
    raise app_exc from app_exc.__cause__ or app_exc.__context__
  File "/usr/local/lib/python3.10/site-packages/starlette/middleware/base.py", line 144, in coro
    await self.app(scope, receive_or_disconnect, send_no_error)
  File "/usr/local/lib/python3.10/site-packages/starlette/middleware/cors.py", line 88, in __call__
    await self.app(scope, receive, send)
  File "/usr/local/lib/python3.10/site-packages/starlette/middleware/exceptions.py", line 63, in __call__
    await wrap_app_handling_exceptions(self.app, conn)(scope, receive, send)
  File "/usr/local/lib/python3.10/site-packages/starlette/_exception_handler.py", line 53, in wrapped_app
    raise exc
  File "/usr/local/lib/python3.10/site-packages/starlette/_exception_handler.py", line 42, in wrapped_app
    await app(scope, receive, sender)
  File "/usr/local/lib/python3.10/site-packages/fastapi/middleware/asyncexitstack.py", line 18, in __call__
    await self.app(scope, receive, send)
  File "/usr/local/lib/python3.10/site-packages/starlette/routing.py", line 660, in __call__
    await self.middleware_stack(scope, receive, send)
  File "/usr/local/lib/python3.10/site-packages/fastapi/routing.py", line 2692, in app
    await route.handle(scope, receive, send)
  File "/usr/local/lib/python3.10/site-packages/fastapi/routing.py", line 1773, in handle
    await self.original_router.handle(scope, receive, send)
  File "/usr/local/lib/python3.10/site-packages/fastapi/routing.py", line 2747, in handle
    await included_router._handle_selected(scope, receive, send)
  File "/usr/local/lib/python3.10/site-packages/fastapi/routing.py", line 1793, in _handle_selected
    await original_route.handle(scope, receive, send)
  File "/usr/local/lib/python3.10/site-packages/fastapi/routing.py", line 1272, in handle
    await app(scope, receive, send)
  File "/usr/local/lib/python3.10/site-packages/fastapi/routing.py", line 156, in app
    await wrap_app_handling_exceptions(app, request)(scope, receive, send)
  File "/usr/local/lib/python3.10/site-packages/starlette/_exception_handler.py", line 53, in wrapped_app
    raise exc
  File "/usr/local/lib/python3.10/site-packages/starlette/_exception_handler.py", line 42, in wrapped_app
    await app(scope, receive, sender)
  File "/usr/local/lib/python3.10/site-packages/fastapi/routing.py", line 142, in app
    response = await f(request)
  File "/usr/local/lib/python3.10/site-packages/fastapi/routing.py", line 698, in app
    raw_response = await run_endpoint_function(
  File "/usr/local/lib/python3.10/site-packages/fastapi/routing.py", line 352, in run_endpoint_function
    return await run_in_threadpool(dependant.call, **values)
  File "/usr/local/lib/python3.10/site-packages/starlette/concurrency.py", line 34, in run_in_threadpool
    return await anyio.to_thread.run_sync(func)
  File "/usr/local/lib/python3.10/site-packages/anyio/to_thread.py", line 65, in run_sync
    return await get_async_backend().run_sync_in_worker_thread(
  File "/usr/local/lib/python3.10/site-packages/anyio/_backends/_asyncio.py", line 2641, in run_sync_in_worker_thread
    return await future
  File "/usr/local/lib/python3.10/site-packages/anyio/_backends/_asyncio.py", line 1033, in run
    result = context.run(func, *args)
  File "/app/app/api/routes/dashboard_routes.py", line 28, in get_dashboard_summary
    priorities = db.query(AICollectionPriority).all()
NameError: name 'AICollectionPriority' is not defined
ERROR:app.main:[2894d4af-41d1-4fff-a002-efb2c55227af] Unhandled exception on /api/ai/dashboard/summary: name 'AICollectionPriority' is not defined
  + Exception Group Traceback (most recent call last):
  |   File "/usr/local/lib/python3.10/site-packages/starlette/_utils.py", line 85, in create_collapsing_task_group
  |     async with anyio.create_task_group() as tg:
  |   File "/usr/local/lib/python3.10/site-packages/anyio/_backends/_asyncio.py", line 815, in __aexit__
  |     raise BaseExceptionGroup(
  | exceptiongroup.ExceptionGroup: unhandled errors in a TaskGroup (1 sub-exception)
  +-+---------------- 1 ----------------
    | Traceback (most recent call last):
    |   File "/usr/local/lib/python3.10/site-packages/starlette/middleware/errors.py", line 164, in __call__
    |     await self.app(scope, receive, _send)
    |   File "/usr/local/lib/python3.10/site-packages/starlette/middleware/base.py", line 193, in __call__
    |     response = await self.dispatch_func(request, call_next)
    |   File "/app/app/main.py", line 116, in add_security_headers
    |     response = await call_next(request)
    |   File "/usr/local/lib/python3.10/site-packages/starlette/middleware/base.py", line 168, in call_next
    |     raise app_exc from app_exc.__cause__ or app_exc.__context__
    |   File "/usr/local/lib/python3.10/site-packages/starlette/middleware/base.py", line 144, in coro
    |     await self.app(scope, receive_or_disconnect, send_no_error)
    |   File "/usr/local/lib/python3.10/site-packages/starlette/middleware/base.py", line 193, in __call__
    |     response = await self.dispatch_func(request, call_next)
    |   File "/app/app/main.py", line 109, in verify_gateway_api_key
    |     response = await call_next(request)
    |   File "/usr/local/lib/python3.10/site-packages/starlette/middleware/base.py", line 168, in call_next
    |     raise app_exc from app_exc.__cause__ or app_exc.__context__
    |   File "/usr/local/lib/python3.10/site-packages/starlette/middleware/base.py", line 144, in coro
    |     await self.app(scope, receive_or_disconnect, send_no_error)
    |   File "/usr/local/lib/python3.10/site-packages/starlette/middleware/cors.py", line 88, in __call__
    |     await self.app(scope, receive, send)
    |   File "/usr/local/lib/python3.10/site-packages/starlette/middleware/exceptions.py", line 63, in __call__
    |     await wrap_app_handling_exceptions(self.app, conn)(scope, receive, send)
    |   File "/usr/local/lib/python3.10/site-packages/starlette/_exception_handler.py", line 53, in wrapped_app
    |     raise exc
    |   File "/usr/local/lib/python3.10/site-packages/starlette/_exception_handler.py", line 42, in wrapped_app
    |     await app(scope, receive, sender)
    |   File "/usr/local/lib/python3.10/site-packages/fastapi/middleware/asyncexitstack.py", line 18, in __call__
    |     await self.app(scope, receive, send)
    |   File "/usr/local/lib/python3.10/site-packages/starlette/routing.py", line 660, in __call__
    |     await self.middleware_stack(scope, receive, send)
    |   File "/usr/local/lib/python3.10/site-packages/fastapi/routing.py", line 2692, in app
    |     await route.handle(scope, receive, send)
    |   File "/usr/local/lib/python3.10/site-packages/fastapi/routing.py", line 1773, in handle
    |     await self.original_router.handle(scope, receive, send)
    |   File "/usr/local/lib/python3.10/site-packages/fastapi/routing.py", line 2747, in handle
    |     await included_router._handle_selected(scope, receive, send)
    |   File "/usr/local/lib/python3.10/site-packages/fastapi/routing.py", line 1793, in _handle_selected
    |     await original_route.handle(scope, receive, send)
    |   File "/usr/local/lib/python3.10/site-packages/fastapi/routing.py", line 1272, in handle
    |     await app(scope, receive, send)
    |   File "/usr/local/lib/python3.10/site-packages/fastapi/routing.py", line 156, in app
    |     await wrap_app_handling_exceptions(app, request)(scope, receive, send)
    |   File "/usr/local/lib/python3.10/site-packages/starlette/_exception_handler.py", line 53, in wrapped_app
    |     raise exc
    |   File "/usr/local/lib/python3.10/site-packages/starlette/_exception_handler.py", line 42, in wrapped_app
    |     await app(scope, receive, sender)
    |   File "/usr/local/lib/python3.10/site-packages/fastapi/routing.py", line 142, in app
    |     response = await f(request)
    |   File "/usr/local/lib/python3.10/site-packages/fastapi/routing.py", line 698, in app
    |     raw_response = await run_endpoint_function(
    |   File "/usr/local/lib/python3.10/site-packages/fastapi/routing.py", line 352, in run_endpoint_function
    |     return await run_in_threadpool(dependant.call, **values)
    |   File "/usr/local/lib/python3.10/site-packages/starlette/concurrency.py", line 34, in run_in_threadpool
    |     return await anyio.to_thread.run_sync(func)
    |   File "/usr/local/lib/python3.10/site-packages/anyio/to_thread.py", line 65, in run_sync
    |     return await get_async_backend().run_sync_in_worker_thread(
    |   File "/usr/local/lib/python3.10/site-packages/anyio/_backends/_asyncio.py", line 2641, in run_sync_in_worker_thread
    |     return await future
    |   File "/usr/local/lib/python3.10/site-packages/anyio/_backends/_asyncio.py", line 1033, in run
    |     result = context.run(func, *args)
    |   File "/app/app/api/routes/dashboard_routes.py", line 28, in get_dashboard_summary
    |     priorities = db.query(AICollectionPriority).all()
    | NameError: name 'AICollectionPriority' is not defined
    +------------------------------------

The above exception was the direct cause of the following exception:

Traceback (most recent call last):
  File "/usr/local/lib/python3.10/site-packages/starlette/middleware/errors.py", line 164, in __call__
    await self.app(scope, receive, _send)
  File "/usr/local/lib/python3.10/site-packages/starlette/middleware/base.py", line 193, in __call__
    response = await self.dispatch_func(request, call_next)
  File "/app/app/main.py", line 116, in add_security_headers
    response = await call_next(request)
  File "/usr/local/lib/python3.10/site-packages/starlette/middleware/base.py", line 168, in call_next
    raise app_exc from app_exc.__cause__ or app_exc.__context__
  File "/usr/local/lib/python3.10/site-packages/starlette/middleware/base.py", line 144, in coro
    await self.app(scope, receive_or_disconnect, send_no_error)
  File "/usr/local/lib/python3.10/site-packages/starlette/middleware/base.py", line 193, in __call__
    response = await self.dispatch_func(request, call_next)
  File "/app/app/main.py", line 109, in verify_gateway_api_key
    response = await call_next(request)
  File "/usr/local/lib/python3.10/site-packages/starlette/middleware/base.py", line 168, in call_next
    raise app_exc from app_exc.__cause__ or app_exc.__context__
  File "/usr/local/lib/python3.10/site-packages/starlette/middleware/base.py", line 144, in coro
    await self.app(scope, receive_or_disconnect, send_no_error)
  File "/usr/local/lib/python3.10/site-packages/starlette/middleware/cors.py", line 88, in __call__
    await self.app(scope, receive, send)
  File "/usr/local/lib/python3.10/site-packages/starlette/middleware/exceptions.py", line 63, in __call__
    await wrap_app_handling_exceptions(self.app, conn)(scope, receive, send)
  File "/usr/local/lib/python3.10/site-packages/starlette/_exception_handler.py", line 53, in wrapped_app
    raise exc
  File "/usr/local/lib/python3.10/site-packages/starlette/_exception_handler.py", line 42, in wrapped_app
    await app(scope, receive, sender)
  File "/usr/local/lib/python3.10/site-packages/fastapi/middleware/asyncexitstack.py", line 18, in __call__
    await self.app(scope, receive, send)
  File "/usr/local/lib/python3.10/site-packages/starlette/routing.py", line 660, in __call__
    await self.middleware_stack(scope, receive, send)
  File "/usr/local/lib/python3.10/site-packages/fastapi/routing.py", line 2692, in app
    await route.handle(scope, receive, send)
  File "/usr/local/lib/python3.10/site-packages/fastapi/routing.py", line 1773, in handle
    await self.original_router.handle(scope, receive, send)
  File "/usr/local/lib/python3.10/site-packages/fastapi/routing.py", line 2747, in handle
    await included_router._handle_selected(scope, receive, send)
  File "/usr/local/lib/python3.10/site-packages/fastapi/routing.py", line 1793, in _handle_selected
    await original_route.handle(scope, receive, send)
  File "/usr/local/lib/python3.10/site-packages/fastapi/routing.py", line 1272, in handle
    await app(scope, receive, send)
  File "/usr/local/lib/python3.10/site-packages/fastapi/routing.py", line 156, in app
    await wrap_app_handling_exceptions(app, request)(scope, receive, send)
  File "/usr/local/lib/python3.10/site-packages/starlette/_exception_handler.py", line 53, in wrapped_app
    raise exc
  File "/usr/local/lib/python3.10/site-packages/starlette/_exception_handler.py", line 42, in wrapped_app
    await app(scope, receive, sender)
  File "/usr/local/lib/python3.10/site-packages/fastapi/routing.py", line 142, in app
    response = await f(request)
  File "/usr/local/lib/python3.10/site-packages/fastapi/routing.py", line 698, in app
    raw_response = await run_endpoint_function(
  File "/usr/local/lib/python3.10/site-packages/fastapi/routing.py", line 352, in run_endpoint_function
    return await run_in_threadpool(dependant.call, **values)
  File "/usr/local/lib/python3.10/site-packages/starlette/concurrency.py", line 34, in run_in_threadpool
    return await anyio.to_thread.run_sync(func)
  File "/usr/local/lib/python3.10/site-packages/anyio/to_thread.py", line 65, in run_sync
    return await get_async_backend().run_sync_in_worker_thread(
  File "/usr/local/lib/python3.10/site-packages/anyio/_backends/_asyncio.py", line 2641, in run_sync_in_worker_thread
    return await future
  File "/usr/local/lib/python3.10/site-packages/anyio/_backends/_asyncio.py", line 1033, in run
    result = context.run(func, *args)
  File "/app/app/api/routes/dashboard_routes.py", line 28, in get_dashboard_summary
    priorities = db.query(AICollectionPriority).all()
NameError: name 'AICollectionPriority' is not defined
ERROR:app.main:[5651a657-396c-4aca-84a0-db39f031a8be] Unhandled exception on /api/ai/dashboard/summary: name 'AICollectionPriority' is not defined
  + Exception Group Traceback (most recent call last):
  |   File "/usr/local/lib/python3.10/site-packages/starlette/_utils.py", line 85, in create_collapsing_task_group
  |     async with anyio.create_task_group() as tg:
  |   File "/usr/local/lib/python3.10/site-packages/anyio/_backends/_asyncio.py", line 815, in __aexit__
  |     raise BaseExceptionGroup(
  | exceptiongroup.ExceptionGroup: unhandled errors in a TaskGroup (1 sub-exception)
  +-+---------------- 1 ----------------
    | Traceback (most recent call last):
    |   File "/usr/local/lib/python3.10/site-packages/starlette/middleware/errors.py", line 164, in __call__
    |     await self.app(scope, receive, _send)
    |   File "/usr/local/lib/python3.10/site-packages/starlette/middleware/base.py", line 193, in __call__
    |     response = await self.dispatch_func(request, call_next)
    |   File "/app/app/main.py", line 116, in add_security_headers
    |     response = await call_next(request)
    |   File "/usr/local/lib/python3.10/site-packages/starlette/middleware/base.py", line 168, in call_next
    |     raise app_exc from app_exc.__cause__ or app_exc.__context__
    |   File "/usr/local/lib/python3.10/site-packages/starlette/middleware/base.py", line 144, in coro
    |     await self.app(scope, receive_or_disconnect, send_no_error)
    |   File "/usr/local/lib/python3.10/site-packages/starlette/middleware/base.py", line 193, in __call__
    |     response = await self.dispatch_func(request, call_next)
    |   File "/app/app/main.py", line 109, in verify_gateway_api_key
    |     response = await call_next(request)
    |   File "/usr/local/lib/python3.10/site-packages/starlette/middleware/base.py", line 168, in call_next
    |     raise app_exc from app_exc.__cause__ or app_exc.__context__
    |   File "/usr/local/lib/python3.10/site-packages/starlette/middleware/base.py", line 144, in coro
    |     await self.app(scope, receive_or_disconnect, send_no_error)
    |   File "/usr/local/lib/python3.10/site-packages/starlette/middleware/cors.py", line 88, in __call__
    |     await self.app(scope, receive, send)
    |   File "/usr/local/lib/python3.10/site-packages/starlette/middleware/exceptions.py", line 63, in __call__
    |     await wrap_app_handling_exceptions(self.app, conn)(scope, receive, send)
    |   File "/usr/local/lib/python3.10/site-packages/starlette/_exception_handler.py", line 53, in wrapped_app
    |     raise exc
    |   File "/usr/local/lib/python3.10/site-packages/starlette/_exception_handler.py", line 42, in wrapped_app
    |     await app(scope, receive, sender)
    |   File "/usr/local/lib/python3.10/site-packages/fastapi/middleware/asyncexitstack.py", line 18, in __call__
    |     await self.app(scope, receive, send)
    |   File "/usr/local/lib/python3.10/site-packages/starlette/routing.py", line 660, in __call__
    |     await self.middleware_stack(scope, receive, send)
    |   File "/usr/local/lib/python3.10/site-packages/fastapi/routing.py", line 2692, in app
    |     await route.handle(scope, receive, send)
    |   File "/usr/local/lib/python3.10/site-packages/fastapi/routing.py", line 1773, in handle
    |     await self.original_router.handle(scope, receive, send)
    |   File "/usr/local/lib/python3.10/site-packages/fastapi/routing.py", line 2747, in handle
    |     await included_router._handle_selected(scope, receive, send)
    |   File "/usr/local/lib/python3.10/site-packages/fastapi/routing.py", line 1793, in _handle_selected
    |     await original_route.handle(scope, receive, send)
    |   File "/usr/local/lib/python3.10/site-packages/fastapi/routing.py", line 1272, in handle
    |     await app(scope, receive, send)
    |   File "/usr/local/lib/python3.10/site-packages/fastapi/routing.py", line 156, in app
    |     await wrap_app_handling_exceptions(app, request)(scope, receive, send)
    |   File "/usr/local/lib/python3.10/site-packages/starlette/_exception_handler.py", line 53, in wrapped_app
    |     raise exc
    |   File "/usr/local/lib/python3.10/site-packages/starlette/_exception_handler.py", line 42, in wrapped_app
    |     await app(scope, receive, sender)
    |   File "/usr/local/lib/python3.10/site-packages/fastapi/routing.py", line 142, in app
    |     response = await f(request)
    |   File "/usr/local/lib/python3.10/site-packages/fastapi/routing.py", line 698, in app
    |     raw_response = await run_endpoint_function(
    |   File "/usr/local/lib/python3.10/site-packages/fastapi/routing.py", line 352, in run_endpoint_function
    |     return await run_in_threadpool(dependant.call, **values)
    |   File "/usr/local/lib/python3.10/site-packages/starlette/concurrency.py", line 34, in run_in_threadpool
    |     return await anyio.to_thread.run_sync(func)
    |   File "/usr/local/lib/python3.10/site-packages/anyio/to_thread.py", line 65, in run_sync
    |     return await get_async_backend().run_sync_in_worker_thread(
    |   File "/usr/local/lib/python3.10/site-packages/anyio/_backends/_asyncio.py", line 2641, in run_sync_in_worker_thread
    |     return await future
    |   File "/usr/local/lib/python3.10/site-packages/anyio/_backends/_asyncio.py", line 1033, in run
    |     result = context.run(func, *args)
    |   File "/app/app/api/routes/dashboard_routes.py", line 28, in get_dashboard_summary
    |     priorities = db.query(AICollectionPriority).all()
    | NameError: name 'AICollectionPriority' is not defined
    +------------------------------------

The above exception was the direct cause of the following exception:

Traceback (most recent call last):
  File "/usr/local/lib/python3.10/site-packages/starlette/middleware/errors.py", line 164, in __call__
    await self.app(scope, receive, _send)
  File "/usr/local/lib/python3.10/site-packages/starlette/middleware/base.py", line 193, in __call__
    response = await self.dispatch_func(request, call_next)
  File "/app/app/main.py", line 116, in add_security_headers
    response = await call_next(request)
  File "/usr/local/lib/python3.10/site-packages/starlette/middleware/base.py", line 168, in call_next
    raise app_exc from app_exc.__cause__ or app_exc.__context__
  File "/usr/local/lib/python3.10/site-packages/starlette/middleware/base.py", line 144, in coro
    await self.app(scope, receive_or_disconnect, send_no_error)
  File "/usr/local/lib/python3.10/site-packages/starlette/middleware/base.py", line 193, in __call__
    response = await self.dispatch_func(request, call_next)
  File "/app/app/main.py", line 109, in verify_gateway_api_key
    response = await call_next(request)
  File "/usr/local/lib/python3.10/site-packages/starlette/middleware/base.py", line 168, in call_next
    raise app_exc from app_exc.__cause__ or app_exc.__context__
  File "/usr/local/lib/python3.10/site-packages/starlette/middleware/base.py", line 144, in coro
    await self.app(scope, receive_or_disconnect, send_no_error)
  File "/usr/local/lib/python3.10/site-packages/starlette/middleware/cors.py", line 88, in __call__
    await self.app(scope, receive, send)
  File "/usr/local/lib/python3.10/site-packages/starlette/middleware/exceptions.py", line 63, in __call__
    await wrap_app_handling_exceptions(self.app, conn)(scope, receive, send)
  File "/usr/local/lib/python3.10/site-packages/starlette/_exception_handler.py", line 53, in wrapped_app
    raise exc
  File "/usr/local/lib/python3.10/site-packages/starlette/_exception_handler.py", line 42, in wrapped_app
    await app(scope, receive, sender)
  File "/usr/local/lib/python3.10/site-packages/fastapi/middleware/asyncexitstack.py", line 18, in __call__
    await self.app(scope, receive, send)
  File "/usr/local/lib/python3.10/site-packages/starlette/routing.py", line 660, in __call__
    await self.middleware_stack(scope, receive, send)
  File "/usr/local/lib/python3.10/site-packages/fastapi/routing.py", line 2692, in app
    await route.handle(scope, receive, send)
  File "/usr/local/lib/python3.10/site-packages/fastapi/routing.py", line 1773, in handle
    await self.original_router.handle(scope, receive, send)
  File "/usr/local/lib/python3.10/site-packages/fastapi/routing.py", line 2747, in handle
    await included_router._handle_selected(scope, receive, send)
  File "/usr/local/lib/python3.10/site-packages/fastapi/routing.py", line 1793, in _handle_selected
    await original_route.handle(scope, receive, send)
  File "/usr/local/lib/python3.10/site-packages/fastapi/routing.py", line 1272, in handle
    await app(scope, receive, send)
  File "/usr/local/lib/python3.10/site-packages/fastapi/routing.py", line 156, in app
    await wrap_app_handling_exceptions(app, request)(scope, receive, send)
  File "/usr/local/lib/python3.10/site-packages/starlette/_exception_handler.py", line 53, in wrapped_app
    raise exc
  File "/usr/local/lib/python3.10/site-packages/starlette/_exception_handler.py", line 42, in wrapped_app
    await app(scope, receive, sender)
  File "/usr/local/lib/python3.10/site-packages/fastapi/routing.py", line 142, in app
    response = await f(request)
  File "/usr/local/lib/python3.10/site-packages/fastapi/routing.py", line 698, in app
    raw_response = await run_endpoint_function(
  File "/usr/local/lib/python3.10/site-packages/fastapi/routing.py", line 352, in run_endpoint_function
    return await run_in_threadpool(dependant.call, **values)
  File "/usr/local/lib/python3.10/site-packages/starlette/concurrency.py", line 34, in run_in_threadpool
    return await anyio.to_thread.run_sync(func)
  File "/usr/local/lib/python3.10/site-packages/anyio/to_thread.py", line 65, in run_sync
    return await get_async_backend().run_sync_in_worker_thread(
  File "/usr/local/lib/python3.10/site-packages/anyio/_backends/_asyncio.py", line 2641, in run_sync_in_worker_thread
    return await future
  File "/usr/local/lib/python3.10/site-packages/anyio/_backends/_asyncio.py", line 1033, in run
    result = context.run(func, *args)
  File "/app/app/api/routes/dashboard_routes.py", line 28, in get_dashboard_summary
    priorities = db.query(AICollectionPriority).all()
NameError: name 'AICollectionPriority' is not defined
ERROR:app.main:[c318cab4-baf8-4383-ae58-bb66da818ed6] Unhandled exception on /api/ai/dashboard/summary: name 'AICollectionPriority' is not defined
  + Exception Group Traceback (most recent call last):
  |   File "/usr/local/lib/python3.10/site-packages/starlette/_utils.py", line 85, in create_collapsing_task_group
  |     async with anyio.create_task_group() as tg:
  |   File "/usr/local/lib/python3.10/site-packages/anyio/_backends/_asyncio.py", line 815, in __aexit__
  |     raise BaseExceptionGroup(
  | exceptiongroup.ExceptionGroup: unhandled errors in a TaskGroup (1 sub-exception)
  +-+---------------- 1 ----------------
    | Traceback (most recent call last):
    |   File "/usr/local/lib/python3.10/site-packages/starlette/middleware/errors.py", line 164, in __call__
    |     await self.app(scope, receive, _send)
    |   File "/usr/local/lib/python3.10/site-packages/starlette/middleware/base.py", line 193, in __call__
    |     response = await self.dispatch_func(request, call_next)
    |   File "/app/app/main.py", line 116, in add_security_headers
    |     response = await call_next(request)
    |   File "/usr/local/lib/python3.10/site-packages/starlette/middleware/base.py", line 168, in call_next
    |     raise app_exc from app_exc.__cause__ or app_exc.__context__
    |   File "/usr/local/lib/python3.10/site-packages/starlette/middleware/base.py", line 144, in coro
    |     await self.app(scope, receive_or_disconnect, send_no_error)
    |   File "/usr/local/lib/python3.10/site-packages/starlette/middleware/base.py", line 193, in __call__
    |     response = await self.dispatch_func(request, call_next)
    |   File "/app/app/main.py", line 109, in verify_gateway_api_key
    |     response = await call_next(request)
    |   File "/usr/local/lib/python3.10/site-packages/starlette/middleware/base.py", line 168, in call_next
    |     raise app_exc from app_exc.__cause__ or app_exc.__context__
    |   File "/usr/local/lib/python3.10/site-packages/starlette/middleware/base.py", line 144, in coro
    |     await self.app(scope, receive_or_disconnect, send_no_error)
    |   File "/usr/local/lib/python3.10/site-packages/starlette/middleware/cors.py", line 88, in __call__
    |     await self.app(scope, receive, send)
    |   File "/usr/local/lib/python3.10/site-packages/starlette/middleware/exceptions.py", line 63, in __call__
    |     await wrap_app_handling_exceptions(self.app, conn)(scope, receive, send)
    |   File "/usr/local/lib/python3.10/site-packages/starlette/_exception_handler.py", line 53, in wrapped_app
    |     raise exc
    |   File "/usr/local/lib/python3.10/site-packages/starlette/_exception_handler.py", line 42, in wrapped_app
    |     await app(scope, receive, sender)
    |   File "/usr/local/lib/python3.10/site-packages/fastapi/middleware/asyncexitstack.py", line 18, in __call__
    |     await self.app(scope, receive, send)
    |   File "/usr/local/lib/python3.10/site-packages/starlette/routing.py", line 660, in __call__
    |     await self.middleware_stack(scope, receive, send)
    |   File "/usr/local/lib/python3.10/site-packages/fastapi/routing.py", line 2692, in app
    |     await route.handle(scope, receive, send)
    |   File "/usr/local/lib/python3.10/site-packages/fastapi/routing.py", line 1773, in handle
    |     await self.original_router.handle(scope, receive, send)
    |   File "/usr/local/lib/python3.10/site-packages/fastapi/routing.py", line 2747, in handle
    |     await included_router._handle_selected(scope, receive, send)
    |   File "/usr/local/lib/python3.10/site-packages/fastapi/routing.py", line 1793, in _handle_selected
    |     await original_route.handle(scope, receive, send)
    |   File "/usr/local/lib/python3.10/site-packages/fastapi/routing.py", line 1272, in handle
    |     await app(scope, receive, send)
    |   File "/usr/local/lib/python3.10/site-packages/fastapi/routing.py", line 156, in app
    |     await wrap_app_handling_exceptions(app, request)(scope, receive, send)
    |   File "/usr/local/lib/python3.10/site-packages/starlette/_exception_handler.py", line 53, in wrapped_app
    |     raise exc
    |   File "/usr/local/lib/python3.10/site-packages/starlette/_exception_handler.py", line 42, in wrapped_app
    |     await app(scope, receive, sender)
    |   File "/usr/local/lib/python3.10/site-packages/fastapi/routing.py", line 142, in app
    |     response = await f(request)
    |   File "/usr/local/lib/python3.10/site-packages/fastapi/routing.py", line 698, in app
    |     raw_response = await run_endpoint_function(
    |   File "/usr/local/lib/python3.10/site-packages/fastapi/routing.py", line 352, in run_endpoint_function
    |     return await run_in_threadpool(dependant.call, **values)
    |   File "/usr/local/lib/python3.10/site-packages/starlette/concurrency.py", line 34, in run_in_threadpool
    |     return await anyio.to_thread.run_sync(func)
    |   File "/usr/local/lib/python3.10/site-packages/anyio/to_thread.py", line 65, in run_sync
    |     return await get_async_backend().run_sync_in_worker_thread(
    |   File "/usr/local/lib/python3.10/site-packages/anyio/_backends/_asyncio.py", line 2641, in run_sync_in_worker_thread
    |     return await future
    |   File "/usr/local/lib/python3.10/site-packages/anyio/_backends/_asyncio.py", line 1033, in run
    |     result = context.run(func, *args)
    |   File "/app/app/api/routes/dashboard_routes.py", line 28, in get_dashboard_summary
    |     priorities = db.query(AICollectionPriority).all()
    | NameError: name 'AICollectionPriority' is not defined
    +------------------------------------

The above exception was the direct cause of the following exception:

Traceback (most recent call last):
  File "/usr/local/lib/python3.10/site-packages/starlette/middleware/errors.py", line 164, in __call__
    await self.app(scope, receive, _send)
  File "/usr/local/lib/python3.10/site-packages/starlette/middleware/base.py", line 193, in __call__
    response = await self.dispatch_func(request, call_next)
  File "/app/app/main.py", line 116, in add_security_headers
    response = await call_next(request)
  File "/usr/local/lib/python3.10/site-packages/starlette/middleware/base.py", line 168, in call_next
    raise app_exc from app_exc.__cause__ or app_exc.__context__
  File "/usr/local/lib/python3.10/site-packages/starlette/middleware/base.py", line 144, in coro
    await self.app(scope, receive_or_disconnect, send_no_error)
  File "/usr/local/lib/python3.10/site-packages/starlette/middleware/base.py", line 193, in __call__
    response = await self.dispatch_func(request, call_next)
  File "/app/app/main.py", line 109, in verify_gateway_api_key
    response = await call_next(request)
  File "/usr/local/lib/python3.10/site-packages/starlette/middleware/base.py", line 168, in call_next
    raise app_exc from app_exc.__cause__ or app_exc.__context__
  File "/usr/local/lib/python3.10/site-packages/starlette/middleware/base.py", line 144, in coro
    await self.app(scope, receive_or_disconnect, send_no_error)
  File "/usr/local/lib/python3.10/site-packages/starlette/middleware/cors.py", line 88, in __call__
    await self.app(scope, receive, send)
  File "/usr/local/lib/python3.10/site-packages/starlette/middleware/exceptions.py", line 63, in __call__
    await wrap_app_handling_exceptions(self.app, conn)(scope, receive, send)
  File "/usr/local/lib/python3.10/site-packages/starlette/_exception_handler.py", line 53, in wrapped_app
    raise exc
  File "/usr/local/lib/python3.10/site-packages/starlette/_exception_handler.py", line 42, in wrapped_app
    await app(scope, receive, sender)
  File "/usr/local/lib/python3.10/site-packages/fastapi/middleware/asyncexitstack.py", line 18, in __call__
    await self.app(scope, receive, send)
  File "/usr/local/lib/python3.10/site-packages/starlette/routing.py", line 660, in __call__
    await self.middleware_stack(scope, receive, send)
  File "/usr/local/lib/python3.10/site-packages/fastapi/routing.py", line 2692, in app
    await route.handle(scope, receive, send)
  File "/usr/local/lib/python3.10/site-packages/fastapi/routing.py", line 1773, in handle
    await self.original_router.handle(scope, receive, send)
  File "/usr/local/lib/python3.10/site-packages/fastapi/routing.py", line 2747, in handle
    await included_router._handle_selected(scope, receive, send)
  File "/usr/local/lib/python3.10/site-packages/fastapi/routing.py", line 1793, in _handle_selected
    await original_route.handle(scope, receive, send)
  File "/usr/local/lib/python3.10/site-packages/fastapi/routing.py", line 1272, in handle
    await app(scope, receive, send)
  File "/usr/local/lib/python3.10/site-packages/fastapi/routing.py", line 156, in app
    await wrap_app_handling_exceptions(app, request)(scope, receive, send)
  File "/usr/local/lib/python3.10/site-packages/starlette/_exception_handler.py", line 53, in wrapped_app
    raise exc
  File "/usr/local/lib/python3.10/site-packages/starlette/_exception_handler.py", line 42, in wrapped_app
    await app(scope, receive, sender)
  File "/usr/local/lib/python3.10/site-packages/fastapi/routing.py", line 142, in app
    response = await f(request)
  File "/usr/local/lib/python3.10/site-packages/fastapi/routing.py", line 698, in app
    raw_response = await run_endpoint_function(
  File "/usr/local/lib/python3.10/site-packages/fastapi/routing.py", line 352, in run_endpoint_function
    return await run_in_threadpool(dependant.call, **values)
  File "/usr/local/lib/python3.10/site-packages/starlette/concurrency.py", line 34, in run_in_threadpool
    return await anyio.to_thread.run_sync(func)
  File "/usr/local/lib/python3.10/site-packages/anyio/to_thread.py", line 65, in run_sync
    return await get_async_backend().run_sync_in_worker_thread(
  File "/usr/local/lib/python3.10/site-packages/anyio/_backends/_asyncio.py", line 2641, in run_sync_in_worker_thread
    return await future
  File "/usr/local/lib/python3.10/site-packages/anyio/_backends/_asyncio.py", line 1033, in run
    result = context.run(func, *args)
  File "/app/app/api/routes/dashboard_routes.py", line 28, in get_dashboard_summary
    priorities = db.query(AICollectionPriority).all()
NameError: name 'AICollectionPriority' is not defined
INFO:app.main:Shutting down AI Service...
INFO:app.main:Initializing AI Service...
ERROR:app.main:[036aa9ba-0a88-4f93-8b26-b384994f2af1] Unhandled exception on /api/ai/dashboard/summary: name 'AICollectionPriority' is not defined
  + Exception Group Traceback (most recent call last):
  |   File "/usr/local/lib/python3.10/site-packages/starlette/_utils.py", line 85, in create_collapsing_task_group
  |     async with anyio.create_task_group() as tg:
  |   File "/usr/local/lib/python3.10/site-packages/anyio/_backends/_asyncio.py", line 815, in __aexit__
  |     raise BaseExceptionGroup(
  | exceptiongroup.ExceptionGroup: unhandled errors in a TaskGroup (1 sub-exception)
  +-+---------------- 1 ----------------
    | Traceback (most recent call last):
    |   File "/usr/local/lib/python3.10/site-packages/starlette/middleware/errors.py", line 164, in __call__
    |     await self.app(scope, receive, _send)
    |   File "/usr/local/lib/python3.10/site-packages/starlette/middleware/base.py", line 193, in __call__
    |     response = await self.dispatch_func(request, call_next)
    |   File "/app/app/main.py", line 116, in add_security_headers
    |     response = await call_next(request)
    |   File "/usr/local/lib/python3.10/site-packages/starlette/middleware/base.py", line 168, in call_next
    |     raise app_exc from app_exc.__cause__ or app_exc.__context__
    |   File "/usr/local/lib/python3.10/site-packages/starlette/middleware/base.py", line 144, in coro
    |     await self.app(scope, receive_or_disconnect, send_no_error)
    |   File "/usr/local/lib/python3.10/site-packages/starlette/middleware/base.py", line 193, in __call__
    |     response = await self.dispatch_func(request, call_next)
    |   File "/app/app/main.py", line 109, in verify_gateway_api_key
    |     response = await call_next(request)
    |   File "/usr/local/lib/python3.10/site-packages/starlette/middleware/base.py", line 168, in call_next
    |     raise app_exc from app_exc.__cause__ or app_exc.__context__
    |   File "/usr/local/lib/python3.10/site-packages/starlette/middleware/base.py", line 144, in coro
    |     await self.app(scope, receive_or_disconnect, send_no_error)
    |   File "/usr/local/lib/python3.10/site-packages/starlette/middleware/cors.py", line 88, in __call__
    |     await self.app(scope, receive, send)
    |   File "/usr/local/lib/python3.10/site-packages/starlette/middleware/exceptions.py", line 63, in __call__
    |     await wrap_app_handling_exceptions(self.app, conn)(scope, receive, send)
    |   File "/usr/local/lib/python3.10/site-packages/starlette/_exception_handler.py", line 53, in wrapped_app
    |     raise exc
    |   File "/usr/local/lib/python3.10/site-packages/starlette/_exception_handler.py", line 42, in wrapped_app
    |     await app(scope, receive, sender)
    |   File "/usr/local/lib/python3.10/site-packages/fastapi/middleware/asyncexitstack.py", line 18, in __call__
    |     await self.app(scope, receive, send)
    |   File "/usr/local/lib/python3.10/site-packages/starlette/routing.py", line 660, in __call__
    |     await self.middleware_stack(scope, receive, send)
    |   File "/usr/local/lib/python3.10/site-packages/fastapi/routing.py", line 2692, in app
    |     await route.handle(scope, receive, send)
    |   File "/usr/local/lib/python3.10/site-packages/fastapi/routing.py", line 1773, in handle
    |     await self.original_router.handle(scope, receive, send)
    |   File "/usr/local/lib/python3.10/site-packages/fastapi/routing.py", line 2747, in handle
    |     await included_router._handle_selected(scope, receive, send)
    |   File "/usr/local/lib/python3.10/site-packages/fastapi/routing.py", line 1793, in _handle_selected
    |     await original_route.handle(scope, receive, send)
    |   File "/usr/local/lib/python3.10/site-packages/fastapi/routing.py", line 1272, in handle
    |     await app(scope, receive, send)
    |   File "/usr/local/lib/python3.10/site-packages/fastapi/routing.py", line 156, in app
    |     await wrap_app_handling_exceptions(app, request)(scope, receive, send)
    |   File "/usr/local/lib/python3.10/site-packages/starlette/_exception_handler.py", line 53, in wrapped_app
    |     raise exc
    |   File "/usr/local/lib/python3.10/site-packages/starlette/_exception_handler.py", line 42, in wrapped_app
    |     await app(scope, receive, sender)
    |   File "/usr/local/lib/python3.10/site-packages/fastapi/routing.py", line 142, in app
    |     response = await f(request)
    |   File "/usr/local/lib/python3.10/site-packages/fastapi/routing.py", line 698, in app
    |     raw_response = await run_endpoint_function(
    |   File "/usr/local/lib/python3.10/site-packages/fastapi/routing.py", line 352, in run_endpoint_function
    |     return await run_in_threadpool(dependant.call, **values)
    |   File "/usr/local/lib/python3.10/site-packages/starlette/concurrency.py", line 34, in run_in_threadpool
    |     return await anyio.to_thread.run_sync(func)
    |   File "/usr/local/lib/python3.10/site-packages/anyio/to_thread.py", line 65, in run_sync
    |     return await get_async_backend().run_sync_in_worker_thread(
    |   File "/usr/local/lib/python3.10/site-packages/anyio/_backends/_asyncio.py", line 2641, in run_sync_in_worker_thread
    |     return await future
    |   File "/usr/local/lib/python3.10/site-packages/anyio/_backends/_asyncio.py", line 1033, in run
    |     result = context.run(func, *args)
    |   File "/app/app/api/routes/dashboard_routes.py", line 28, in get_dashboard_summary
    |     priorities = db.query(AICollectionPriority).all()
    | NameError: name 'AICollectionPriority' is not defined
    +------------------------------------

The above exception was the direct cause of the following exception:

Traceback (most recent call last):
  File "/usr/local/lib/python3.10/site-packages/starlette/middleware/errors.py", line 164, in __call__
    await self.app(scope, receive, _send)
  File "/usr/local/lib/python3.10/site-packages/starlette/middleware/base.py", line 193, in __call__
    response = await self.dispatch_func(request, call_next)
  File "/app/app/main.py", line 116, in add_security_headers
    response = await call_next(request)
  File "/usr/local/lib/python3.10/site-packages/starlette/middleware/base.py", line 168, in call_next
    raise app_exc from app_exc.__cause__ or app_exc.__context__
  File "/usr/local/lib/python3.10/site-packages/starlette/middleware/base.py", line 144, in coro
    await self.app(scope, receive_or_disconnect, send_no_error)
  File "/usr/local/lib/python3.10/site-packages/starlette/middleware/base.py", line 193, in __call__
    response = await self.dispatch_func(request, call_next)
  File "/app/app/main.py", line 109, in verify_gateway_api_key
    response = await call_next(request)
  File "/usr/local/lib/python3.10/site-packages/starlette/middleware/base.py", line 168, in call_next
    raise app_exc from app_exc.__cause__ or app_exc.__context__
  File "/usr/local/lib/python3.10/site-packages/starlette/middleware/base.py", line 144, in coro
    await self.app(scope, receive_or_disconnect, send_no_error)
  File "/usr/local/lib/python3.10/site-packages/starlette/middleware/cors.py", line 88, in __call__
    await self.app(scope, receive, send)
  File "/usr/local/lib/python3.10/site-packages/starlette/middleware/exceptions.py", line 63, in __call__
    await wrap_app_handling_exceptions(self.app, conn)(scope, receive, send)
  File "/usr/local/lib/python3.10/site-packages/starlette/_exception_handler.py", line 53, in wrapped_app
    raise exc
  File "/usr/local/lib/python3.10/site-packages/starlette/_exception_handler.py", line 42, in wrapped_app
    await app(scope, receive, sender)
  File "/usr/local/lib/python3.10/site-packages/fastapi/middleware/asyncexitstack.py", line 18, in __call__
    await self.app(scope, receive, send)
  File "/usr/local/lib/python3.10/site-packages/starlette/routing.py", line 660, in __call__
    await self.middleware_stack(scope, receive, send)
  File "/usr/local/lib/python3.10/site-packages/fastapi/routing.py", line 2692, in app
    await route.handle(scope, receive, send)
  File "/usr/local/lib/python3.10/site-packages/fastapi/routing.py", line 1773, in handle
    await self.original_router.handle(scope, receive, send)
  File "/usr/local/lib/python3.10/site-packages/fastapi/routing.py", line 2747, in handle
    await included_router._handle_selected(scope, receive, send)
  File "/usr/local/lib/python3.10/site-packages/fastapi/routing.py", line 1793, in _handle_selected
    await original_route.handle(scope, receive, send)
  File "/usr/local/lib/python3.10/site-packages/fastapi/routing.py", line 1272, in handle
    await app(scope, receive, send)
  File "/usr/local/lib/python3.10/site-packages/fastapi/routing.py", line 156, in app
    await wrap_app_handling_exceptions(app, request)(scope, receive, send)
  File "/usr/local/lib/python3.10/site-packages/starlette/_exception_handler.py", line 53, in wrapped_app
    raise exc
  File "/usr/local/lib/python3.10/site-packages/starlette/_exception_handler.py", line 42, in wrapped_app
    await app(scope, receive, sender)
  File "/usr/local/lib/python3.10/site-packages/fastapi/routing.py", line 142, in app
    response = await f(request)
  File "/usr/local/lib/python3.10/site-packages/fastapi/routing.py", line 698, in app
    raw_response = await run_endpoint_function(
  File "/usr/local/lib/python3.10/site-packages/fastapi/routing.py", line 352, in run_endpoint_function
    return await run_in_threadpool(dependant.call, **values)
  File "/usr/local/lib/python3.10/site-packages/starlette/concurrency.py", line 34, in run_in_threadpool
    return await anyio.to_thread.run_sync(func)
  File "/usr/local/lib/python3.10/site-packages/anyio/to_thread.py", line 65, in run_sync
    return await get_async_backend().run_sync_in_worker_thread(
  File "/usr/local/lib/python3.10/site-packages/anyio/_backends/_asyncio.py", line 2641, in run_sync_in_worker_thread
    return await future
  File "/usr/local/lib/python3.10/site-packages/anyio/_backends/_asyncio.py", line 1033, in run
    result = context.run(func, *args)
  File "/app/app/api/routes/dashboard_routes.py", line 28, in get_dashboard_summary
    priorities = db.query(AICollectionPriority).all()
NameError: name 'AICollectionPriority' is not defined
ERROR:app.main:[c4aecaa3-40a1-4fdd-a9f4-5bc3950174ba] Unhandled exception on /api/ai/dashboard/summary: name 'AICollectionPriority' is not defined
  + Exception Group Traceback (most recent call last):
  |   File "/usr/local/lib/python3.10/site-packages/starlette/_utils.py", line 85, in create_collapsing_task_group
  |     async with anyio.create_task_group() as tg:
  |   File "/usr/local/lib/python3.10/site-packages/anyio/_backends/_asyncio.py", line 815, in __aexit__
  |     raise BaseExceptionGroup(
  | exceptiongroup.ExceptionGroup: unhandled errors in a TaskGroup (1 sub-exception)
  +-+---------------- 1 ----------------
    | Traceback (most recent call last):
    |   File "/usr/local/lib/python3.10/site-packages/starlette/middleware/errors.py", line 164, in __call__
    |     await self.app(scope, receive, _send)
    |   File "/usr/local/lib/python3.10/site-packages/starlette/middleware/base.py", line 193, in __call__
    |     response = await self.dispatch_func(request, call_next)
    |   File "/app/app/main.py", line 116, in add_security_headers
    |     response = await call_next(request)
    |   File "/usr/local/lib/python3.10/site-packages/starlette/middleware/base.py", line 168, in call_next
    |     raise app_exc from app_exc.__cause__ or app_exc.__context__
    |   File "/usr/local/lib/python3.10/site-packages/starlette/middleware/base.py", line 144, in coro
    |     await self.app(scope, receive_or_disconnect, send_no_error)
    |   File "/usr/local/lib/python3.10/site-packages/starlette/middleware/base.py", line 193, in __call__
    |     response = await self.dispatch_func(request, call_next)
    |   File "/app/app/main.py", line 109, in verify_gateway_api_key
    |     response = await call_next(request)
    |   File "/usr/local/lib/python3.10/site-packages/starlette/middleware/base.py", line 168, in call_next
    |     raise app_exc from app_exc.__cause__ or app_exc.__context__
    |   File "/usr/local/lib/python3.10/site-packages/starlette/middleware/base.py", line 144, in coro
    |     await self.app(scope, receive_or_disconnect, send_no_error)
    |   File "/usr/local/lib/python3.10/site-packages/starlette/middleware/cors.py", line 88, in __call__
    |     await self.app(scope, receive, send)
    |   File "/usr/local/lib/python3.10/site-packages/starlette/middleware/exceptions.py", line 63, in __call__
    |     await wrap_app_handling_exceptions(self.app, conn)(scope, receive, send)
    |   File "/usr/local/lib/python3.10/site-packages/starlette/_exception_handler.py", line 53, in wrapped_app
    |     raise exc
    |   File "/usr/local/lib/python3.10/site-packages/starlette/_exception_handler.py", line 42, in wrapped_app
    |     await app(scope, receive, sender)
    |   File "/usr/local/lib/python3.10/site-packages/fastapi/middleware/asyncexitstack.py", line 18, in __call__
    |     await self.app(scope, receive, send)
    |   File "/usr/local/lib/python3.10/site-packages/starlette/routing.py", line 660, in __call__
    |     await self.middleware_stack(scope, receive, send)
    |   File "/usr/local/lib/python3.10/site-packages/fastapi/routing.py", line 2692, in app
    |     await route.handle(scope, receive, send)
    |   File "/usr/local/lib/python3.10/site-packages/fastapi/routing.py", line 1773, in handle
    |     await self.original_router.handle(scope, receive, send)
    |   File "/usr/local/lib/python3.10/site-packages/fastapi/routing.py", line 2747, in handle
    |     await included_router._handle_selected(scope, receive, send)
    |   File "/usr/local/lib/python3.10/site-packages/fastapi/routing.py", line 1793, in _handle_selected
    |     await original_route.handle(scope, receive, send)
    |   File "/usr/local/lib/python3.10/site-packages/fastapi/routing.py", line 1272, in handle
    |     await app(scope, receive, send)
    |   File "/usr/local/lib/python3.10/site-packages/fastapi/routing.py", line 156, in app
    |     await wrap_app_handling_exceptions(app, request)(scope, receive, send)
    |   File "/usr/local/lib/python3.10/site-packages/starlette/_exception_handler.py", line 53, in wrapped_app
    |     raise exc
    |   File "/usr/local/lib/python3.10/site-packages/starlette/_exception_handler.py", line 42, in wrapped_app
    |     await app(scope, receive, sender)
    |   File "/usr/local/lib/python3.10/site-packages/fastapi/routing.py", line 142, in app
    |     response = await f(request)
    |   File "/usr/local/lib/python3.10/site-packages/fastapi/routing.py", line 698, in app
    |     raw_response = await run_endpoint_function(
    |   File "/usr/local/lib/python3.10/site-packages/fastapi/routing.py", line 352, in run_endpoint_function
    |     return await run_in_threadpool(dependant.call, **values)
    |   File "/usr/local/lib/python3.10/site-packages/starlette/concurrency.py", line 34, in run_in_threadpool
    |     return await anyio.to_thread.run_sync(func)
    |   File "/usr/local/lib/python3.10/site-packages/anyio/to_thread.py", line 65, in run_sync
    |     return await get_async_backend().run_sync_in_worker_thread(
    |   File "/usr/local/lib/python3.10/site-packages/anyio/_backends/_asyncio.py", line 2641, in run_sync_in_worker_thread
    |     return await future
    |   File "/usr/local/lib/python3.10/site-packages/anyio/_backends/_asyncio.py", line 1033, in run
    |     result = context.run(func, *args)
    |   File "/app/app/api/routes/dashboard_routes.py", line 28, in get_dashboard_summary
    |     priorities = db.query(AICollectionPriority).all()
    | NameError: name 'AICollectionPriority' is not defined
    +------------------------------------

The above exception was the direct cause of the following exception:

Traceback (most recent call last):
  File "/usr/local/lib/python3.10/site-packages/starlette/middleware/errors.py", line 164, in __call__
    await self.app(scope, receive, _send)
  File "/usr/local/lib/python3.10/site-packages/starlette/middleware/base.py", line 193, in __call__
    response = await self.dispatch_func(request, call_next)
  File "/app/app/main.py", line 116, in add_security_headers
    response = await call_next(request)
  File "/usr/local/lib/python3.10/site-packages/starlette/middleware/base.py", line 168, in call_next
    raise app_exc from app_exc.__cause__ or app_exc.__context__
  File "/usr/local/lib/python3.10/site-packages/starlette/middleware/base.py", line 144, in coro
    await self.app(scope, receive_or_disconnect, send_no_error)
  File "/usr/local/lib/python3.10/site-packages/starlette/middleware/base.py", line 193, in __call__
    response = await self.dispatch_func(request, call_next)
  File "/app/app/main.py", line 109, in verify_gateway_api_key
    response = await call_next(request)
  File "/usr/local/lib/python3.10/site-packages/starlette/middleware/base.py", line 168, in call_next
    raise app_exc from app_exc.__cause__ or app_exc.__context__
  File "/usr/local/lib/python3.10/site-packages/starlette/middleware/base.py", line 144, in coro
    await self.app(scope, receive_or_disconnect, send_no_error)
  File "/usr/local/lib/python3.10/site-packages/starlette/middleware/cors.py", line 88, in __call__
    await self.app(scope, receive, send)
  File "/usr/local/lib/python3.10/site-packages/starlette/middleware/exceptions.py", line 63, in __call__
    await wrap_app_handling_exceptions(self.app, conn)(scope, receive, send)
  File "/usr/local/lib/python3.10/site-packages/starlette/_exception_handler.py", line 53, in wrapped_app
    raise exc
  File "/usr/local/lib/python3.10/site-packages/starlette/_exception_handler.py", line 42, in wrapped_app
    await app(scope, receive, sender)
  File "/usr/local/lib/python3.10/site-packages/fastapi/middleware/asyncexitstack.py", line 18, in __call__
    await self.app(scope, receive, send)
  File "/usr/local/lib/python3.10/site-packages/starlette/routing.py", line 660, in __call__
    await self.middleware_stack(scope, receive, send)
  File "/usr/local/lib/python3.10/site-packages/fastapi/routing.py", line 2692, in app
    await route.handle(scope, receive, send)
  File "/usr/local/lib/python3.10/site-packages/fastapi/routing.py", line 1773, in handle
    await self.original_router.handle(scope, receive, send)
  File "/usr/local/lib/python3.10/site-packages/fastapi/routing.py", line 2747, in handle
    await included_router._handle_selected(scope, receive, send)
  File "/usr/local/lib/python3.10/site-packages/fastapi/routing.py", line 1793, in _handle_selected
    await original_route.handle(scope, receive, send)
  File "/usr/local/lib/python3.10/site-packages/fastapi/routing.py", line 1272, in handle
    await app(scope, receive, send)
  File "/usr/local/lib/python3.10/site-packages/fastapi/routing.py", line 156, in app
    await wrap_app_handling_exceptions(app, request)(scope, receive, send)
  File "/usr/local/lib/python3.10/site-packages/starlette/_exception_handler.py", line 53, in wrapped_app
    raise exc
  File "/usr/local/lib/python3.10/site-packages/starlette/_exception_handler.py", line 42, in wrapped_app
    await app(scope, receive, sender)
  File "/usr/local/lib/python3.10/site-packages/fastapi/routing.py", line 142, in app
    response = await f(request)
  File "/usr/local/lib/python3.10/site-packages/fastapi/routing.py", line 698, in app
    raw_response = await run_endpoint_function(
  File "/usr/local/lib/python3.10/site-packages/fastapi/routing.py", line 352, in run_endpoint_function
    return await run_in_threadpool(dependant.call, **values)
  File "/usr/local/lib/python3.10/site-packages/starlette/concurrency.py", line 34, in run_in_threadpool
    return await anyio.to_thread.run_sync(func)
  File "/usr/local/lib/python3.10/site-packages/anyio/to_thread.py", line 65, in run_sync
    return await get_async_backend().run_sync_in_worker_thread(
  File "/usr/local/lib/python3.10/site-packages/anyio/_backends/_asyncio.py", line 2641, in run_sync_in_worker_thread
    return await future
  File "/usr/local/lib/python3.10/site-packages/anyio/_backends/_asyncio.py", line 1033, in run
    result = context.run(func, *args)
  File "/app/app/api/routes/dashboard_routes.py", line 28, in get_dashboard_summary
    priorities = db.query(AICollectionPriority).all()
NameError: name 'AICollectionPriority' is not defined
INFO:app.main:Shutting down AI Service...
INFO:app.main:Initializing AI Service...
ERROR:app.main:[7d112060-46ac-4648-b01f-e5bd9bf0c759] Unhandled exception on /api/ai/dashboard/summary: name 'AICollectionPriority' is not defined
  + Exception Group Traceback (most recent call last):
  |   File "/usr/local/lib/python3.10/site-packages/starlette/_utils.py", line 85, in create_collapsing_task_group
  |     async with anyio.create_task_group() as tg:
  |   File "/usr/local/lib/python3.10/site-packages/anyio/_backends/_asyncio.py", line 815, in __aexit__
  |     raise BaseExceptionGroup(
  | exceptiongroup.ExceptionGroup: unhandled errors in a TaskGroup (1 sub-exception)
  +-+---------------- 1 ----------------
    | Traceback (most recent call last):
    |   File "/usr/local/lib/python3.10/site-packages/starlette/middleware/errors.py", line 164, in __call__
    |     await self.app(scope, receive, _send)
    |   File "/usr/local/lib/python3.10/site-packages/starlette/middleware/base.py", line 193, in __call__
    |     response = await self.dispatch_func(request, call_next)
    |   File "/app/app/main.py", line 116, in add_security_headers
    |     response = await call_next(request)
    |   File "/usr/local/lib/python3.10/site-packages/starlette/middleware/base.py", line 168, in call_next
    |     raise app_exc from app_exc.__cause__ or app_exc.__context__
    |   File "/usr/local/lib/python3.10/site-packages/starlette/middleware/base.py", line 144, in coro
    |     await self.app(scope, receive_or_disconnect, send_no_error)
    |   File "/usr/local/lib/python3.10/site-packages/starlette/middleware/base.py", line 193, in __call__
    |     response = await self.dispatch_func(request, call_next)
    |   File "/app/app/main.py", line 109, in verify_gateway_api_key
    |     response = await call_next(request)
    |   File "/usr/local/lib/python3.10/site-packages/starlette/middleware/base.py", line 168, in call_next
    |     raise app_exc from app_exc.__cause__ or app_exc.__context__
    |   File "/usr/local/lib/python3.10/site-packages/starlette/middleware/base.py", line 144, in coro
    |     await self.app(scope, receive_or_disconnect, send_no_error)
    |   File "/usr/local/lib/python3.10/site-packages/starlette/middleware/cors.py", line 88, in __call__
    |     await self.app(scope, receive, send)
    |   File "/usr/local/lib/python3.10/site-packages/starlette/middleware/exceptions.py", line 63, in __call__
    |     await wrap_app_handling_exceptions(self.app, conn)(scope, receive, send)
    |   File "/usr/local/lib/python3.10/site-packages/starlette/_exception_handler.py", line 53, in wrapped_app
    |     raise exc
    |   File "/usr/local/lib/python3.10/site-packages/starlette/_exception_handler.py", line 42, in wrapped_app
    |     await app(scope, receive, sender)
    |   File "/usr/local/lib/python3.10/site-packages/fastapi/middleware/asyncexitstack.py", line 18, in __call__
    |     await self.app(scope, receive, send)
    |   File "/usr/local/lib/python3.10/site-packages/starlette/routing.py", line 660, in __call__
    |     await self.middleware_stack(scope, receive, send)
    |   File "/usr/local/lib/python3.10/site-packages/fastapi/routing.py", line 2692, in app
    |     await route.handle(scope, receive, send)
    |   File "/usr/local/lib/python3.10/site-packages/fastapi/routing.py", line 1773, in handle
    |     await self.original_router.handle(scope, receive, send)
    |   File "/usr/local/lib/python3.10/site-packages/fastapi/routing.py", line 2747, in handle
    |     await included_router._handle_selected(scope, receive, send)
    |   File "/usr/local/lib/python3.10/site-packages/fastapi/routing.py", line 1793, in _handle_selected
    |     await original_route.handle(scope, receive, send)
    |   File "/usr/local/lib/python3.10/site-packages/fastapi/routing.py", line 1272, in handle
    |     await app(scope, receive, send)
    |   File "/usr/local/lib/python3.10/site-packages/fastapi/routing.py", line 156, in app
    |     await wrap_app_handling_exceptions(app, request)(scope, receive, send)
    |   File "/usr/local/lib/python3.10/site-packages/starlette/_exception_handler.py", line 53, in wrapped_app
    |     raise exc
    |   File "/usr/local/lib/python3.10/site-packages/starlette/_exception_handler.py", line 42, in wrapped_app
    |     await app(scope, receive, sender)
    |   File "/usr/local/lib/python3.10/site-packages/fastapi/routing.py", line 142, in app
    |     response = await f(request)
    |   File "/usr/local/lib/python3.10/site-packages/fastapi/routing.py", line 698, in app
    |     raw_response = await run_endpoint_function(
    |   File "/usr/local/lib/python3.10/site-packages/fastapi/routing.py", line 352, in run_endpoint_function
    |     return await run_in_threadpool(dependant.call, **values)
    |   File "/usr/local/lib/python3.10/site-packages/starlette/concurrency.py", line 34, in run_in_threadpool
    |     return await anyio.to_thread.run_sync(func)
    |   File "/usr/local/lib/python3.10/site-packages/anyio/to_thread.py", line 65, in run_sync
    |     return await get_async_backend().run_sync_in_worker_thread(
    |   File "/usr/local/lib/python3.10/site-packages/anyio/_backends/_asyncio.py", line 2641, in run_sync_in_worker_thread
    |     return await future
    |   File "/usr/local/lib/python3.10/site-packages/anyio/_backends/_asyncio.py", line 1033, in run
    |     result = context.run(func, *args)
    |   File "/app/app/api/routes/dashboard_routes.py", line 28, in get_dashboard_summary
    |     priorities = db.query(AICollectionPriority).all()
    | NameError: name 'AICollectionPriority' is not defined
    +------------------------------------

The above exception was the direct cause of the following exception:

Traceback (most recent call last):
  File "/usr/local/lib/python3.10/site-packages/starlette/middleware/errors.py", line 164, in __call__
    await self.app(scope, receive, _send)
  File "/usr/local/lib/python3.10/site-packages/starlette/middleware/base.py", line 193, in __call__
    response = await self.dispatch_func(request, call_next)
  File "/app/app/main.py", line 116, in add_security_headers
    response = await call_next(request)
  File "/usr/local/lib/python3.10/site-packages/starlette/middleware/base.py", line 168, in call_next
    raise app_exc from app_exc.__cause__ or app_exc.__context__
  File "/usr/local/lib/python3.10/site-packages/starlette/middleware/base.py", line 144, in coro
    await self.app(scope, receive_or_disconnect, send_no_error)
  File "/usr/local/lib/python3.10/site-packages/starlette/middleware/base.py", line 193, in __call__
    response = await self.dispatch_func(request, call_next)
  File "/app/app/main.py", line 109, in verify_gateway_api_key
    response = await call_next(request)
  File "/usr/local/lib/python3.10/site-packages/starlette/middleware/base.py", line 168, in call_next
    raise app_exc from app_exc.__cause__ or app_exc.__context__
  File "/usr/local/lib/python3.10/site-packages/starlette/middleware/base.py", line 144, in coro
    await self.app(scope, receive_or_disconnect, send_no_error)
  File "/usr/local/lib/python3.10/site-packages/starlette/middleware/cors.py", line 88, in __call__
    await self.app(scope, receive, send)
  File "/usr/local/lib/python3.10/site-packages/starlette/middleware/exceptions.py", line 63, in __call__
    await wrap_app_handling_exceptions(self.app, conn)(scope, receive, send)
  File "/usr/local/lib/python3.10/site-packages/starlette/_exception_handler.py", line 53, in wrapped_app
    raise exc
  File "/usr/local/lib/python3.10/site-packages/starlette/_exception_handler.py", line 42, in wrapped_app
    await app(scope, receive, sender)
  File "/usr/local/lib/python3.10/site-packages/fastapi/middleware/asyncexitstack.py", line 18, in __call__
    await self.app(scope, receive, send)
  File "/usr/local/lib/python3.10/site-packages/starlette/routing.py", line 660, in __call__
    await self.middleware_stack(scope, receive, send)
  File "/usr/local/lib/python3.10/site-packages/fastapi/routing.py", line 2692, in app
    await route.handle(scope, receive, send)
  File "/usr/local/lib/python3.10/site-packages/fastapi/routing.py", line 1773, in handle
    await self.original_router.handle(scope, receive, send)
  File "/usr/local/lib/python3.10/site-packages/fastapi/routing.py", line 2747, in handle
    await included_router._handle_selected(scope, receive, send)
  File "/usr/local/lib/python3.10/site-packages/fastapi/routing.py", line 1793, in _handle_selected
    await original_route.handle(scope, receive, send)
  File "/usr/local/lib/python3.10/site-packages/fastapi/routing.py", line 1272, in handle
    await app(scope, receive, send)
  File "/usr/local/lib/python3.10/site-packages/fastapi/routing.py", line 156, in app
    await wrap_app_handling_exceptions(app, request)(scope, receive, send)
  File "/usr/local/lib/python3.10/site-packages/starlette/_exception_handler.py", line 53, in wrapped_app
    raise exc
  File "/usr/local/lib/python3.10/site-packages/starlette/_exception_handler.py", line 42, in wrapped_app
    await app(scope, receive, sender)
  File "/usr/local/lib/python3.10/site-packages/fastapi/routing.py", line 142, in app
    response = await f(request)
  File "/usr/local/lib/python3.10/site-packages/fastapi/routing.py", line 698, in app
    raw_response = await run_endpoint_function(
  File "/usr/local/lib/python3.10/site-packages/fastapi/routing.py", line 352, in run_endpoint_function
    return await run_in_threadpool(dependant.call, **values)
  File "/usr/local/lib/python3.10/site-packages/starlette/concurrency.py", line 34, in run_in_threadpool
    return await anyio.to_thread.run_sync(func)
  File "/usr/local/lib/python3.10/site-packages/anyio/to_thread.py", line 65, in run_sync
    return await get_async_backend().run_sync_in_worker_thread(
  File "/usr/local/lib/python3.10/site-packages/anyio/_backends/_asyncio.py", line 2641, in run_sync_in_worker_thread
    return await future
  File "/usr/local/lib/python3.10/site-packages/anyio/_backends/_asyncio.py", line 1033, in run
    result = context.run(func, *args)
  File "/app/app/api/routes/dashboard_routes.py", line 28, in get_dashboard_summary
    priorities = db.query(AICollectionPriority).all()
NameError: name 'AICollectionPriority' is not defined
INFO:app.main:Shutting down AI Service...
INFO:app.main:Initializing AI Service...
ERROR:app.main:[e3a9407c-c244-4635-baf2-6f8d89ca2e7e] Unhandled exception on /api/ai/dashboard/summary: name 'AICollectionPriority' is not defined
  + Exception Group Traceback (most recent call last):
  |   File "/usr/local/lib/python3.10/site-packages/starlette/_utils.py", line 85, in create_collapsing_task_group
  |     async with anyio.create_task_group() as tg:
  |   File "/usr/local/lib/python3.10/site-packages/anyio/_backends/_asyncio.py", line 815, in __aexit__
  |     raise BaseExceptionGroup(
  | exceptiongroup.ExceptionGroup: unhandled errors in a TaskGroup (1 sub-exception)
  +-+---------------- 1 ----------------
    | Traceback (most recent call last):
    |   File "/usr/local/lib/python3.10/site-packages/starlette/middleware/errors.py", line 164, in __call__
    |     await self.app(scope, receive, _send)
    |   File "/usr/local/lib/python3.10/site-packages/starlette/middleware/base.py", line 193, in __call__
    |     response = await self.dispatch_func(request, call_next)
    |   File "/app/app/main.py", line 116, in add_security_headers
    |     response = await call_next(request)
    |   File "/usr/local/lib/python3.10/site-packages/starlette/middleware/base.py", line 168, in call_next
    |     raise app_exc from app_exc.__cause__ or app_exc.__context__
    |   File "/usr/local/lib/python3.10/site-packages/starlette/middleware/base.py", line 144, in coro
    |     await self.app(scope, receive_or_disconnect, send_no_error)
    |   File "/usr/local/lib/python3.10/site-packages/starlette/middleware/base.py", line 193, in __call__
    |     response = await self.dispatch_func(request, call_next)
    |   File "/app/app/main.py", line 109, in verify_gateway_api_key
    |     response = await call_next(request)
    |   File "/usr/local/lib/python3.10/site-packages/starlette/middleware/base.py", line 168, in call_next
    |     raise app_exc from app_exc.__cause__ or app_exc.__context__
    |   File "/usr/local/lib/python3.10/site-packages/starlette/middleware/base.py", line 144, in coro
    |     await self.app(scope, receive_or_disconnect, send_no_error)
    |   File "/usr/local/lib/python3.10/site-packages/starlette/middleware/cors.py", line 88, in __call__
    |     await self.app(scope, receive, send)
    |   File "/usr/local/lib/python3.10/site-packages/starlette/middleware/exceptions.py", line 63, in __call__
    |     await wrap_app_handling_exceptions(self.app, conn)(scope, receive, send)
    |   File "/usr/local/lib/python3.10/site-packages/starlette/_exception_handler.py", line 53, in wrapped_app
    |     raise exc
    |   File "/usr/local/lib/python3.10/site-packages/starlette/_exception_handler.py", line 42, in wrapped_app
    |     await app(scope, receive, sender)
    |   File "/usr/local/lib/python3.10/site-packages/fastapi/middleware/asyncexitstack.py", line 18, in __call__
    |     await self.app(scope, receive, send)
    |   File "/usr/local/lib/python3.10/site-packages/starlette/routing.py", line 660, in __call__
    |     await self.middleware_stack(scope, receive, send)
    |   File "/usr/local/lib/python3.10/site-packages/fastapi/routing.py", line 2692, in app
    |     await route.handle(scope, receive, send)
    |   File "/usr/local/lib/python3.10/site-packages/fastapi/routing.py", line 1773, in handle
    |     await self.original_router.handle(scope, receive, send)
    |   File "/usr/local/lib/python3.10/site-packages/fastapi/routing.py", line 2747, in handle
    |     await included_router._handle_selected(scope, receive, send)
    |   File "/usr/local/lib/python3.10/site-packages/fastapi/routing.py", line 1793, in _handle_selected
    |     await original_route.handle(scope, receive, send)
    |   File "/usr/local/lib/python3.10/site-packages/fastapi/routing.py", line 1272, in handle
    |     await app(scope, receive, send)
    |   File "/usr/local/lib/python3.10/site-packages/fastapi/routing.py", line 156, in app
    |     await wrap_app_handling_exceptions(app, request)(scope, receive, send)
    |   File "/usr/local/lib/python3.10/site-packages/starlette/_exception_handler.py", line 53, in wrapped_app
    |     raise exc
    |   File "/usr/local/lib/python3.10/site-packages/starlette/_exception_handler.py", line 42, in wrapped_app
    |     await app(scope, receive, sender)
    |   File "/usr/local/lib/python3.10/site-packages/fastapi/routing.py", line 142, in app
    |     response = await f(request)
    |   File "/usr/local/lib/python3.10/site-packages/fastapi/routing.py", line 698, in app
    |     raw_response = await run_endpoint_function(
    |   File "/usr/local/lib/python3.10/site-packages/fastapi/routing.py", line 352, in run_endpoint_function
    |     return await run_in_threadpool(dependant.call, **values)
    |   File "/usr/local/lib/python3.10/site-packages/starlette/concurrency.py", line 34, in run_in_threadpool
    |     return await anyio.to_thread.run_sync(func)
    |   File "/usr/local/lib/python3.10/site-packages/anyio/to_thread.py", line 65, in run_sync
    |     return await get_async_backend().run_sync_in_worker_thread(
    |   File "/usr/local/lib/python3.10/site-packages/anyio/_backends/_asyncio.py", line 2641, in run_sync_in_worker_thread
    |     return await future
    |   File "/usr/local/lib/python3.10/site-packages/anyio/_backends/_asyncio.py", line 1033, in run
    |     result = context.run(func, *args)
    |   File "/app/app/api/routes/dashboard_routes.py", line 28, in get_dashboard_summary
    |     priorities = db.query(AICollectionPriority).all()
    | NameError: name 'AICollectionPriority' is not defined
    +------------------------------------

The above exception was the direct cause of the following exception:

Traceback (most recent call last):
  File "/usr/local/lib/python3.10/site-packages/starlette/middleware/errors.py", line 164, in __call__
    await self.app(scope, receive, _send)
  File "/usr/local/lib/python3.10/site-packages/starlette/middleware/base.py", line 193, in __call__
    response = await self.dispatch_func(request, call_next)
  File "/app/app/main.py", line 116, in add_security_headers
    response = await call_next(request)
  File "/usr/local/lib/python3.10/site-packages/starlette/middleware/base.py", line 168, in call_next
    raise app_exc from app_exc.__cause__ or app_exc.__context__
  File "/usr/local/lib/python3.10/site-packages/starlette/middleware/base.py", line 144, in coro
    await self.app(scope, receive_or_disconnect, send_no_error)
  File "/usr/local/lib/python3.10/site-packages/starlette/middleware/base.py", line 193, in __call__
    response = await self.dispatch_func(request, call_next)
  File "/app/app/main.py", line 109, in verify_gateway_api_key
    response = await call_next(request)
  File "/usr/local/lib/python3.10/site-packages/starlette/middleware/base.py", line 168, in call_next
    raise app_exc from app_exc.__cause__ or app_exc.__context__
  File "/usr/local/lib/python3.10/site-packages/starlette/middleware/base.py", line 144, in coro
    await self.app(scope, receive_or_disconnect, send_no_error)
  File "/usr/local/lib/python3.10/site-packages/starlette/middleware/cors.py", line 88, in __call__
    await self.app(scope, receive, send)
  File "/usr/local/lib/python3.10/site-packages/starlette/middleware/exceptions.py", line 63, in __call__
    await wrap_app_handling_exceptions(self.app, conn)(scope, receive, send)
  File "/usr/local/lib/python3.10/site-packages/starlette/_exception_handler.py", line 53, in wrapped_app
    raise exc
  File "/usr/local/lib/python3.10/site-packages/starlette/_exception_handler.py", line 42, in wrapped_app
    await app(scope, receive, sender)
  File "/usr/local/lib/python3.10/site-packages/fastapi/middleware/asyncexitstack.py", line 18, in __call__
    await self.app(scope, receive, send)
  File "/usr/local/lib/python3.10/site-packages/starlette/routing.py", line 660, in __call__
    await self.middleware_stack(scope, receive, send)
  File "/usr/local/lib/python3.10/site-packages/fastapi/routing.py", line 2692, in app
    await route.handle(scope, receive, send)
  File "/usr/local/lib/python3.10/site-packages/fastapi/routing.py", line 1773, in handle
    await self.original_router.handle(scope, receive, send)
  File "/usr/local/lib/python3.10/site-packages/fastapi/routing.py", line 2747, in handle
    await included_router._handle_selected(scope, receive, send)
  File "/usr/local/lib/python3.10/site-packages/fastapi/routing.py", line 1793, in _handle_selected
    await original_route.handle(scope, receive, send)
  File "/usr/local/lib/python3.10/site-packages/fastapi/routing.py", line 1272, in handle
    await app(scope, receive, send)
  File "/usr/local/lib/python3.10/site-packages/fastapi/routing.py", line 156, in app
    await wrap_app_handling_exceptions(app, request)(scope, receive, send)
  File "/usr/local/lib/python3.10/site-packages/starlette/_exception_handler.py", line 53, in wrapped_app
    raise exc
  File "/usr/local/lib/python3.10/site-packages/starlette/_exception_handler.py", line 42, in wrapped_app
    await app(scope, receive, sender)
  File "/usr/local/lib/python3.10/site-packages/fastapi/routing.py", line 142, in app
    response = await f(request)
  File "/usr/local/lib/python3.10/site-packages/fastapi/routing.py", line 698, in app
    raw_response = await run_endpoint_function(
  File "/usr/local/lib/python3.10/site-packages/fastapi/routing.py", line 352, in run_endpoint_function
    return await run_in_threadpool(dependant.call, **values)
  File "/usr/local/lib/python3.10/site-packages/starlette/concurrency.py", line 34, in run_in_threadpool
    return await anyio.to_thread.run_sync(func)
  File "/usr/local/lib/python3.10/site-packages/anyio/to_thread.py", line 65, in run_sync
    return await get_async_backend().run_sync_in_worker_thread(
  File "/usr/local/lib/python3.10/site-packages/anyio/_backends/_asyncio.py", line 2641, in run_sync_in_worker_thread
    return await future
  File "/usr/local/lib/python3.10/site-packages/anyio/_backends/_asyncio.py", line 1033, in run
    result = context.run(func, *args)
  File "/app/app/api/routes/dashboard_routes.py", line 28, in get_dashboard_summary
    priorities = db.query(AICollectionPriority).all()
NameError: name 'AICollectionPriority' is not defined
ERROR:app.main:[4e0d30f6-4af8-4e73-866f-cfc348026329] Unhandled exception on /api/ai/dashboard/summary: name 'AICollectionPriority' is not defined
  + Exception Group Traceback (most recent call last):
  |   File "/usr/local/lib/python3.10/site-packages/starlette/_utils.py", line 85, in create_collapsing_task_group
  |     async with anyio.create_task_group() as tg:
  |   File "/usr/local/lib/python3.10/site-packages/anyio/_backends/_asyncio.py", line 815, in __aexit__
  |     raise BaseExceptionGroup(
  | exceptiongroup.ExceptionGroup: unhandled errors in a TaskGroup (1 sub-exception)
  +-+---------------- 1 ----------------
    | Traceback (most recent call last):
    |   File "/usr/local/lib/python3.10/site-packages/starlette/middleware/errors.py", line 164, in __call__
    |     await self.app(scope, receive, _send)
    |   File "/usr/local/lib/python3.10/site-packages/starlette/middleware/base.py", line 193, in __call__
    |     response = await self.dispatch_func(request, call_next)
    |   File "/app/app/main.py", line 116, in add_security_headers
    |     response = await call_next(request)
    |   File "/usr/local/lib/python3.10/site-packages/starlette/middleware/base.py", line 168, in call_next
    |     raise app_exc from app_exc.__cause__ or app_exc.__context__
    |   File "/usr/local/lib/python3.10/site-packages/starlette/middleware/base.py", line 144, in coro
    |     await self.app(scope, receive_or_disconnect, send_no_error)
    |   File "/usr/local/lib/python3.10/site-packages/starlette/middleware/base.py", line 193, in __call__
    |     response = await self.dispatch_func(request, call_next)
    |   File "/app/app/main.py", line 109, in verify_gateway_api_key
    |     response = await call_next(request)
    |   File "/usr/local/lib/python3.10/site-packages/starlette/middleware/base.py", line 168, in call_next
    |     raise app_exc from app_exc.__cause__ or app_exc.__context__
    |   File "/usr/local/lib/python3.10/site-packages/starlette/middleware/base.py", line 144, in coro
    |     await self.app(scope, receive_or_disconnect, send_no_error)
    |   File "/usr/local/lib/python3.10/site-packages/starlette/middleware/cors.py", line 88, in __call__
    |     await self.app(scope, receive, send)
    |   File "/usr/local/lib/python3.10/site-packages/starlette/middleware/exceptions.py", line 63, in __call__
    |     await wrap_app_handling_exceptions(self.app, conn)(scope, receive, send)
    |   File "/usr/local/lib/python3.10/site-packages/starlette/_exception_handler.py", line 53, in wrapped_app
    |     raise exc
    |   File "/usr/local/lib/python3.10/site-packages/starlette/_exception_handler.py", line 42, in wrapped_app
    |     await app(scope, receive, sender)
    |   File "/usr/local/lib/python3.10/site-packages/fastapi/middleware/asyncexitstack.py", line 18, in __call__
    |     await self.app(scope, receive, send)
    |   File "/usr/local/lib/python3.10/site-packages/starlette/routing.py", line 660, in __call__
    |     await self.middleware_stack(scope, receive, send)
    |   File "/usr/local/lib/python3.10/site-packages/fastapi/routing.py", line 2692, in app
    |     await route.handle(scope, receive, send)
    |   File "/usr/local/lib/python3.10/site-packages/fastapi/routing.py", line 1773, in handle
    |     await self.original_router.handle(scope, receive, send)
    |   File "/usr/local/lib/python3.10/site-packages/fastapi/routing.py", line 2747, in handle
    |     await included_router._handle_selected(scope, receive, send)
    |   File "/usr/local/lib/python3.10/site-packages/fastapi/routing.py", line 1793, in _handle_selected
    |     await original_route.handle(scope, receive, send)
    |   File "/usr/local/lib/python3.10/site-packages/fastapi/routing.py", line 1272, in handle
    |     await app(scope, receive, send)
    |   File "/usr/local/lib/python3.10/site-packages/fastapi/routing.py", line 156, in app
    |     await wrap_app_handling_exceptions(app, request)(scope, receive, send)
    |   File "/usr/local/lib/python3.10/site-packages/starlette/_exception_handler.py", line 53, in wrapped_app
    |     raise exc
    |   File "/usr/local/lib/python3.10/site-packages/starlette/_exception_handler.py", line 42, in wrapped_app
    |     await app(scope, receive, sender)
    |   File "/usr/local/lib/python3.10/site-packages/fastapi/routing.py", line 142, in app
    |     response = await f(request)
    |   File "/usr/local/lib/python3.10/site-packages/fastapi/routing.py", line 698, in app
    |     raw_response = await run_endpoint_function(
    |   File "/usr/local/lib/python3.10/site-packages/fastapi/routing.py", line 352, in run_endpoint_function
    |     return await run_in_threadpool(dependant.call, **values)
    |   File "/usr/local/lib/python3.10/site-packages/starlette/concurrency.py", line 34, in run_in_threadpool
    |     return await anyio.to_thread.run_sync(func)
    |   File "/usr/local/lib/python3.10/site-packages/anyio/to_thread.py", line 65, in run_sync
    |     return await get_async_backend().run_sync_in_worker_thread(
    |   File "/usr/local/lib/python3.10/site-packages/anyio/_backends/_asyncio.py", line 2641, in run_sync_in_worker_thread
    |     return await future
    |   File "/usr/local/lib/python3.10/site-packages/anyio/_backends/_asyncio.py", line 1033, in run
    |     result = context.run(func, *args)
    |   File "/app/app/api/routes/dashboard_routes.py", line 28, in get_dashboard_summary
    |     priorities = db.query(AICollectionPriority).all()
    | NameError: name 'AICollectionPriority' is not defined
    +------------------------------------

The above exception was the direct cause of the following exception:

Traceback (most recent call last):
  File "/usr/local/lib/python3.10/site-packages/starlette/middleware/errors.py", line 164, in __call__
    await self.app(scope, receive, _send)
  File "/usr/local/lib/python3.10/site-packages/starlette/middleware/base.py", line 193, in __call__
    response = await self.dispatch_func(request, call_next)
  File "/app/app/main.py", line 116, in add_security_headers
    response = await call_next(request)
  File "/usr/local/lib/python3.10/site-packages/starlette/middleware/base.py", line 168, in call_next
    raise app_exc from app_exc.__cause__ or app_exc.__context__
  File "/usr/local/lib/python3.10/site-packages/starlette/middleware/base.py", line 144, in coro
    await self.app(scope, receive_or_disconnect, send_no_error)
  File "/usr/local/lib/python3.10/site-packages/starlette/middleware/base.py", line 193, in __call__
    response = await self.dispatch_func(request, call_next)
  File "/app/app/main.py", line 109, in verify_gateway_api_key
    response = await call_next(request)
  File "/usr/local/lib/python3.10/site-packages/starlette/middleware/base.py", line 168, in call_next
    raise app_exc from app_exc.__cause__ or app_exc.__context__
  File "/usr/local/lib/python3.10/site-packages/starlette/middleware/base.py", line 144, in coro
    await self.app(scope, receive_or_disconnect, send_no_error)
  File "/usr/local/lib/python3.10/site-packages/starlette/middleware/cors.py", line 88, in __call__
    await self.app(scope, receive, send)
  File "/usr/local/lib/python3.10/site-packages/starlette/middleware/exceptions.py", line 63, in __call__
    await wrap_app_handling_exceptions(self.app, conn)(scope, receive, send)
  File "/usr/local/lib/python3.10/site-packages/starlette/_exception_handler.py", line 53, in wrapped_app
    raise exc
  File "/usr/local/lib/python3.10/site-packages/starlette/_exception_handler.py", line 42, in wrapped_app
    await app(scope, receive, sender)
  File "/usr/local/lib/python3.10/site-packages/fastapi/middleware/asyncexitstack.py", line 18, in __call__
    await self.app(scope, receive, send)
  File "/usr/local/lib/python3.10/site-packages/starlette/routing.py", line 660, in __call__
    await self.middleware_stack(scope, receive, send)
  File "/usr/local/lib/python3.10/site-packages/fastapi/routing.py", line 2692, in app
    await route.handle(scope, receive, send)
  File "/usr/local/lib/python3.10/site-packages/fastapi/routing.py", line 1773, in handle
    await self.original_router.handle(scope, receive, send)
  File "/usr/local/lib/python3.10/site-packages/fastapi/routing.py", line 2747, in handle
    await included_router._handle_selected(scope, receive, send)
  File "/usr/local/lib/python3.10/site-packages/fastapi/routing.py", line 1793, in _handle_selected
    await original_route.handle(scope, receive, send)
  File "/usr/local/lib/python3.10/site-packages/fastapi/routing.py", line 1272, in handle
    await app(scope, receive, send)
  File "/usr/local/lib/python3.10/site-packages/fastapi/routing.py", line 156, in app
    await wrap_app_handling_exceptions(app, request)(scope, receive, send)
  File "/usr/local/lib/python3.10/site-packages/starlette/_exception_handler.py", line 53, in wrapped_app
    raise exc
  File "/usr/local/lib/python3.10/site-packages/starlette/_exception_handler.py", line 42, in wrapped_app
    await app(scope, receive, sender)
  File "/usr/local/lib/python3.10/site-packages/fastapi/routing.py", line 142, in app
    response = await f(request)
  File "/usr/local/lib/python3.10/site-packages/fastapi/routing.py", line 698, in app
    raw_response = await run_endpoint_function(
  File "/usr/local/lib/python3.10/site-packages/fastapi/routing.py", line 352, in run_endpoint_function
    return await run_in_threadpool(dependant.call, **values)
  File "/usr/local/lib/python3.10/site-packages/starlette/concurrency.py", line 34, in run_in_threadpool
    return await anyio.to_thread.run_sync(func)
  File "/usr/local/lib/python3.10/site-packages/anyio/to_thread.py", line 65, in run_sync
    return await get_async_backend().run_sync_in_worker_thread(
  File "/usr/local/lib/python3.10/site-packages/anyio/_backends/_asyncio.py", line 2641, in run_sync_in_worker_thread
    return await future
  File "/usr/local/lib/python3.10/site-packages/anyio/_backends/_asyncio.py", line 1033, in run
    result = context.run(func, *args)
  File "/app/app/api/routes/dashboard_routes.py", line 28, in get_dashboard_summary
    priorities = db.query(AICollectionPriority).all()
NameError: name 'AICollectionPriority' is not defined
ERROR:app.main:[e7b01602-f9d3-4b92-a344-2538cf821a98] Unhandled exception on /api/ai/dashboard/summary: name 'AICollectionPriority' is not defined
  + Exception Group Traceback (most recent call last):
  |   File "/usr/local/lib/python3.10/site-packages/starlette/_utils.py", line 85, in create_collapsing_task_group
  |     async with anyio.create_task_group() as tg:
  |   File "/usr/local/lib/python3.10/site-packages/anyio/_backends/_asyncio.py", line 815, in __aexit__
  |     raise BaseExceptionGroup(
  | exceptiongroup.ExceptionGroup: unhandled errors in a TaskGroup (1 sub-exception)
  +-+---------------- 1 ----------------
    | Traceback (most recent call last):
    |   File "/usr/local/lib/python3.10/site-packages/starlette/middleware/errors.py", line 164, in __call__
    |     await self.app(scope, receive, _send)
    |   File "/usr/local/lib/python3.10/site-packages/starlette/middleware/base.py", line 193, in __call__
    |     response = await self.dispatch_func(request, call_next)
    |   File "/app/app/main.py", line 116, in add_security_headers
    |     response = await call_next(request)
    |   File "/usr/local/lib/python3.10/site-packages/starlette/middleware/base.py", line 168, in call_next
    |     raise app_exc from app_exc.__cause__ or app_exc.__context__
    |   File "/usr/local/lib/python3.10/site-packages/starlette/middleware/base.py", line 144, in coro
    |     await self.app(scope, receive_or_disconnect, send_no_error)
    |   File "/usr/local/lib/python3.10/site-packages/starlette/middleware/base.py", line 193, in __call__
    |     response = await self.dispatch_func(request, call_next)
    |   File "/app/app/main.py", line 109, in verify_gateway_api_key
    |     response = await call_next(request)
    |   File "/usr/local/lib/python3.10/site-packages/starlette/middleware/base.py", line 168, in call_next
    |     raise app_exc from app_exc.__cause__ or app_exc.__context__
    |   File "/usr/local/lib/python3.10/site-packages/starlette/middleware/base.py", line 144, in coro
    |     await self.app(scope, receive_or_disconnect, send_no_error)
    |   File "/usr/local/lib/python3.10/site-packages/starlette/middleware/cors.py", line 88, in __call__
    |     await self.app(scope, receive, send)
    |   File "/usr/local/lib/python3.10/site-packages/starlette/middleware/exceptions.py", line 63, in __call__
    |     await wrap_app_handling_exceptions(self.app, conn)(scope, receive, send)
    |   File "/usr/local/lib/python3.10/site-packages/starlette/_exception_handler.py", line 53, in wrapped_app
    |     raise exc
    |   File "/usr/local/lib/python3.10/site-packages/starlette/_exception_handler.py", line 42, in wrapped_app
    |     await app(scope, receive, sender)
    |   File "/usr/local/lib/python3.10/site-packages/fastapi/middleware/asyncexitstack.py", line 18, in __call__
    |     await self.app(scope, receive, send)
    |   File "/usr/local/lib/python3.10/site-packages/starlette/routing.py", line 660, in __call__
    |     await self.middleware_stack(scope, receive, send)
    |   File "/usr/local/lib/python3.10/site-packages/fastapi/routing.py", line 2692, in app
    |     await route.handle(scope, receive, send)
    |   File "/usr/local/lib/python3.10/site-packages/fastapi/routing.py", line 1773, in handle
    |     await self.original_router.handle(scope, receive, send)
    |   File "/usr/local/lib/python3.10/site-packages/fastapi/routing.py", line 2747, in handle
    |     await included_router._handle_selected(scope, receive, send)
    |   File "/usr/local/lib/python3.10/site-packages/fastapi/routing.py", line 1793, in _handle_selected
    |     await original_route.handle(scope, receive, send)
    |   File "/usr/local/lib/python3.10/site-packages/fastapi/routing.py", line 1272, in handle
    |     await app(scope, receive, send)
    |   File "/usr/local/lib/python3.10/site-packages/fastapi/routing.py", line 156, in app
    |     await wrap_app_handling_exceptions(app, request)(scope, receive, send)
    |   File "/usr/local/lib/python3.10/site-packages/starlette/_exception_handler.py", line 53, in wrapped_app
    |     raise exc
    |   File "/usr/local/lib/python3.10/site-packages/starlette/_exception_handler.py", line 42, in wrapped_app
    |     await app(scope, receive, sender)
    |   File "/usr/local/lib/python3.10/site-packages/fastapi/routing.py", line 142, in app
    |     response = await f(request)
    |   File "/usr/local/lib/python3.10/site-packages/fastapi/routing.py", line 698, in app
    |     raw_response = await run_endpoint_function(
    |   File "/usr/local/lib/python3.10/site-packages/fastapi/routing.py", line 352, in run_endpoint_function
    |     return await run_in_threadpool(dependant.call, **values)
    |   File "/usr/local/lib/python3.10/site-packages/starlette/concurrency.py", line 34, in run_in_threadpool
    |     return await anyio.to_thread.run_sync(func)
    |   File "/usr/local/lib/python3.10/site-packages/anyio/to_thread.py", line 65, in run_sync
    |     return await get_async_backend().run_sync_in_worker_thread(
    |   File "/usr/local/lib/python3.10/site-packages/anyio/_backends/_asyncio.py", line 2641, in run_sync_in_worker_thread
    |     return await future
    |   File "/usr/local/lib/python3.10/site-packages/anyio/_backends/_asyncio.py", line 1033, in run
    |     result = context.run(func, *args)
    |   File "/app/app/api/routes/dashboard_routes.py", line 28, in get_dashboard_summary
    |     priorities = db.query(AICollectionPriority).all()
    | NameError: name 'AICollectionPriority' is not defined
    +------------------------------------

The above exception was the direct cause of the following exception:

Traceback (most recent call last):
  File "/usr/local/lib/python3.10/site-packages/starlette/middleware/errors.py", line 164, in __call__
    await self.app(scope, receive, _send)
  File "/usr/local/lib/python3.10/site-packages/starlette/middleware/base.py", line 193, in __call__
    response = await self.dispatch_func(request, call_next)
  File "/app/app/main.py", line 116, in add_security_headers
    response = await call_next(request)
  File "/usr/local/lib/python3.10/site-packages/starlette/middleware/base.py", line 168, in call_next
    raise app_exc from app_exc.__cause__ or app_exc.__context__
  File "/usr/local/lib/python3.10/site-packages/starlette/middleware/base.py", line 144, in coro
    await self.app(scope, receive_or_disconnect, send_no_error)
  File "/usr/local/lib/python3.10/site-packages/starlette/middleware/base.py", line 193, in __call__
    response = await self.dispatch_func(request, call_next)
  File "/app/app/main.py", line 109, in verify_gateway_api_key
    response = await call_next(request)
  File "/usr/local/lib/python3.10/site-packages/starlette/middleware/base.py", line 168, in call_next
    raise app_exc from app_exc.__cause__ or app_exc.__context__
  File "/usr/local/lib/python3.10/site-packages/starlette/middleware/base.py", line 144, in coro
    await self.app(scope, receive_or_disconnect, send_no_error)
  File "/usr/local/lib/python3.10/site-packages/starlette/middleware/cors.py", line 88, in __call__
    await self.app(scope, receive, send)
  File "/usr/local/lib/python3.10/site-packages/starlette/middleware/exceptions.py", line 63, in __call__
    await wrap_app_handling_exceptions(self.app, conn)(scope, receive, send)
  File "/usr/local/lib/python3.10/site-packages/starlette/_exception_handler.py", line 53, in wrapped_app
    raise exc
  File "/usr/local/lib/python3.10/site-packages/starlette/_exception_handler.py", line 42, in wrapped_app
    await app(scope, receive, sender)
  File "/usr/local/lib/python3.10/site-packages/fastapi/middleware/asyncexitstack.py", line 18, in __call__
    await self.app(scope, receive, send)
  File "/usr/local/lib/python3.10/site-packages/starlette/routing.py", line 660, in __call__
    await self.middleware_stack(scope, receive, send)
  File "/usr/local/lib/python3.10/site-packages/fastapi/routing.py", line 2692, in app
    await route.handle(scope, receive, send)
  File "/usr/local/lib/python3.10/site-packages/fastapi/routing.py", line 1773, in handle
    await self.original_router.handle(scope, receive, send)
  File "/usr/local/lib/python3.10/site-packages/fastapi/routing.py", line 2747, in handle
    await included_router._handle_selected(scope, receive, send)
  File "/usr/local/lib/python3.10/site-packages/fastapi/routing.py", line 1793, in _handle_selected
    await original_route.handle(scope, receive, send)
  File "/usr/local/lib/python3.10/site-packages/fastapi/routing.py", line 1272, in handle
    await app(scope, receive, send)
  File "/usr/local/lib/python3.10/site-packages/fastapi/routing.py", line 156, in app
    await wrap_app_handling_exceptions(app, request)(scope, receive, send)
  File "/usr/local/lib/python3.10/site-packages/starlette/_exception_handler.py", line 53, in wrapped_app
    raise exc
  File "/usr/local/lib/python3.10/site-packages/starlette/_exception_handler.py", line 42, in wrapped_app
    await app(scope, receive, sender)
  File "/usr/local/lib/python3.10/site-packages/fastapi/routing.py", line 142, in app
    response = await f(request)
  File "/usr/local/lib/python3.10/site-packages/fastapi/routing.py", line 698, in app
    raw_response = await run_endpoint_function(
  File "/usr/local/lib/python3.10/site-packages/fastapi/routing.py", line 352, in run_endpoint_function
    return await run_in_threadpool(dependant.call, **values)
  File "/usr/local/lib/python3.10/site-packages/starlette/concurrency.py", line 34, in run_in_threadpool
    return await anyio.to_thread.run_sync(func)
  File "/usr/local/lib/python3.10/site-packages/anyio/to_thread.py", line 65, in run_sync
    return await get_async_backend().run_sync_in_worker_thread(
  File "/usr/local/lib/python3.10/site-packages/anyio/_backends/_asyncio.py", line 2641, in run_sync_in_worker_thread
    return await future
  File "/usr/local/lib/python3.10/site-packages/anyio/_backends/_asyncio.py", line 1033, in run
    result = context.run(func, *args)
  File "/app/app/api/routes/dashboard_routes.py", line 28, in get_dashboard_summary
    priorities = db.query(AICollectionPriority).all()
NameError: name 'AICollectionPriority' is not defined
ERROR:app.main:[70338f1b-c224-4615-99d7-33be3639ccae] Unhandled exception on /api/ai/dashboard/summary: name 'AICollectionPriority' is not defined
  + Exception Group Traceback (most recent call last):
  |   File "/usr/local/lib/python3.10/site-packages/starlette/_utils.py", line 85, in create_collapsing_task_group
  |     async with anyio.create_task_group() as tg:
  |   File "/usr/local/lib/python3.10/site-packages/anyio/_backends/_asyncio.py", line 815, in __aexit__
  |     raise BaseExceptionGroup(
  | exceptiongroup.ExceptionGroup: unhandled errors in a TaskGroup (1 sub-exception)
  +-+---------------- 1 ----------------
    | Traceback (most recent call last):
    |   File "/usr/local/lib/python3.10/site-packages/starlette/middleware/errors.py", line 164, in __call__
    |     await self.app(scope, receive, _send)
    |   File "/usr/local/lib/python3.10/site-packages/starlette/middleware/base.py", line 193, in __call__
    |     response = await self.dispatch_func(request, call_next)
    |   File "/app/app/main.py", line 116, in add_security_headers
    |     response = await call_next(request)
    |   File "/usr/local/lib/python3.10/site-packages/starlette/middleware/base.py", line 168, in call_next
    |     raise app_exc from app_exc.__cause__ or app_exc.__context__
    |   File "/usr/local/lib/python3.10/site-packages/starlette/middleware/base.py", line 144, in coro
    |     await self.app(scope, receive_or_disconnect, send_no_error)
    |   File "/usr/local/lib/python3.10/site-packages/starlette/middleware/base.py", line 193, in __call__
    |     response = await self.dispatch_func(request, call_next)
    |   File "/app/app/main.py", line 109, in verify_gateway_api_key
    |     response = await call_next(request)
    |   File "/usr/local/lib/python3.10/site-packages/starlette/middleware/base.py", line 168, in call_next
    |     raise app_exc from app_exc.__cause__ or app_exc.__context__
    |   File "/usr/local/lib/python3.10/site-packages/starlette/middleware/base.py", line 144, in coro
    |     await self.app(scope, receive_or_disconnect, send_no_error)
    |   File "/usr/local/lib/python3.10/site-packages/starlette/middleware/cors.py", line 88, in __call__
    |     await self.app(scope, receive, send)
    |   File "/usr/local/lib/python3.10/site-packages/starlette/middleware/exceptions.py", line 63, in __call__
    |     await wrap_app_handling_exceptions(self.app, conn)(scope, receive, send)
    |   File "/usr/local/lib/python3.10/site-packages/starlette/_exception_handler.py", line 53, in wrapped_app
    |     raise exc
    |   File "/usr/local/lib/python3.10/site-packages/starlette/_exception_handler.py", line 42, in wrapped_app
    |     await app(scope, receive, sender)
    |   File "/usr/local/lib/python3.10/site-packages/fastapi/middleware/asyncexitstack.py", line 18, in __call__
    |     await self.app(scope, receive, send)
    |   File "/usr/local/lib/python3.10/site-packages/starlette/routing.py", line 660, in __call__
    |     await self.middleware_stack(scope, receive, send)
    |   File "/usr/local/lib/python3.10/site-packages/fastapi/routing.py", line 2692, in app
    |     await route.handle(scope, receive, send)
    |   File "/usr/local/lib/python3.10/site-packages/fastapi/routing.py", line 1773, in handle
    |     await self.original_router.handle(scope, receive, send)
    |   File "/usr/local/lib/python3.10/site-packages/fastapi/routing.py", line 2747, in handle
    |     await included_router._handle_selected(scope, receive, send)
    |   File "/usr/local/lib/python3.10/site-packages/fastapi/routing.py", line 1793, in _handle_selected
    |     await original_route.handle(scope, receive, send)
    |   File "/usr/local/lib/python3.10/site-packages/fastapi/routing.py", line 1272, in handle
    |     await app(scope, receive, send)
    |   File "/usr/local/lib/python3.10/site-packages/fastapi/routing.py", line 156, in app
    |     await wrap_app_handling_exceptions(app, request)(scope, receive, send)
    |   File "/usr/local/lib/python3.10/site-packages/starlette/_exception_handler.py", line 53, in wrapped_app
    |     raise exc
    |   File "/usr/local/lib/python3.10/site-packages/starlette/_exception_handler.py", line 42, in wrapped_app
    |     await app(scope, receive, sender)
    |   File "/usr/local/lib/python3.10/site-packages/fastapi/routing.py", line 142, in app
    |     response = await f(request)
    |   File "/usr/local/lib/python3.10/site-packages/fastapi/routing.py", line 698, in app
    |     raw_response = await run_endpoint_function(
    |   File "/usr/local/lib/python3.10/site-packages/fastapi/routing.py", line 352, in run_endpoint_function
    |     return await run_in_threadpool(dependant.call, **values)
    |   File "/usr/local/lib/python3.10/site-packages/starlette/concurrency.py", line 34, in run_in_threadpool
    |     return await anyio.to_thread.run_sync(func)
    |   File "/usr/local/lib/python3.10/site-packages/anyio/to_thread.py", line 65, in run_sync
    |     return await get_async_backend().run_sync_in_worker_thread(
    |   File "/usr/local/lib/python3.10/site-packages/anyio/_backends/_asyncio.py", line 2641, in run_sync_in_worker_thread
    |     return await future
    |   File "/usr/local/lib/python3.10/site-packages/anyio/_backends/_asyncio.py", line 1033, in run
    |     result = context.run(func, *args)
    |   File "/app/app/api/routes/dashboard_routes.py", line 28, in get_dashboard_summary
    |     priorities = db.query(AICollectionPriority).all()
    | NameError: name 'AICollectionPriority' is not defined
    +------------------------------------

The above exception was the direct cause of the following exception:

Traceback (most recent call last):
  File "/usr/local/lib/python3.10/site-packages/starlette/middleware/errors.py", line 164, in __call__
    await self.app(scope, receive, _send)
  File "/usr/local/lib/python3.10/site-packages/starlette/middleware/base.py", line 193, in __call__
    response = await self.dispatch_func(request, call_next)
  File "/app/app/main.py", line 116, in add_security_headers
    response = await call_next(request)
  File "/usr/local/lib/python3.10/site-packages/starlette/middleware/base.py", line 168, in call_next
    raise app_exc from app_exc.__cause__ or app_exc.__context__
  File "/usr/local/lib/python3.10/site-packages/starlette/middleware/base.py", line 144, in coro
    await self.app(scope, receive_or_disconnect, send_no_error)
  File "/usr/local/lib/python3.10/site-packages/starlette/middleware/base.py", line 193, in __call__
    response = await self.dispatch_func(request, call_next)
  File "/app/app/main.py", line 109, in verify_gateway_api_key
    response = await call_next(request)
  File "/usr/local/lib/python3.10/site-packages/starlette/middleware/base.py", line 168, in call_next
    raise app_exc from app_exc.__cause__ or app_exc.__context__
  File "/usr/local/lib/python3.10/site-packages/starlette/middleware/base.py", line 144, in coro
    await self.app(scope, receive_or_disconnect, send_no_error)
  File "/usr/local/lib/python3.10/site-packages/starlette/middleware/cors.py", line 88, in __call__
    await self.app(scope, receive, send)
  File "/usr/local/lib/python3.10/site-packages/starlette/middleware/exceptions.py", line 63, in __call__
    await wrap_app_handling_exceptions(self.app, conn)(scope, receive, send)
  File "/usr/local/lib/python3.10/site-packages/starlette/_exception_handler.py", line 53, in wrapped_app
    raise exc
  File "/usr/local/lib/python3.10/site-packages/starlette/_exception_handler.py", line 42, in wrapped_app
    await app(scope, receive, sender)
  File "/usr/local/lib/python3.10/site-packages/fastapi/middleware/asyncexitstack.py", line 18, in __call__
    await self.app(scope, receive, send)
  File "/usr/local/lib/python3.10/site-packages/starlette/routing.py", line 660, in __call__
    await self.middleware_stack(scope, receive, send)
  File "/usr/local/lib/python3.10/site-packages/fastapi/routing.py", line 2692, in app
    await route.handle(scope, receive, send)
  File "/usr/local/lib/python3.10/site-packages/fastapi/routing.py", line 1773, in handle
    await self.original_router.handle(scope, receive, send)
  File "/usr/local/lib/python3.10/site-packages/fastapi/routing.py", line 2747, in handle
    await included_router._handle_selected(scope, receive, send)
  File "/usr/local/lib/python3.10/site-packages/fastapi/routing.py", line 1793, in _handle_selected
    await original_route.handle(scope, receive, send)
  File "/usr/local/lib/python3.10/site-packages/fastapi/routing.py", line 1272, in handle
    await app(scope, receive, send)
  File "/usr/local/lib/python3.10/site-packages/fastapi/routing.py", line 156, in app
    await wrap_app_handling_exceptions(app, request)(scope, receive, send)
  File "/usr/local/lib/python3.10/site-packages/starlette/_exception_handler.py", line 53, in wrapped_app
    raise exc
  File "/usr/local/lib/python3.10/site-packages/starlette/_exception_handler.py", line 42, in wrapped_app
    await app(scope, receive, sender)
  File "/usr/local/lib/python3.10/site-packages/fastapi/routing.py", line 142, in app
    response = await f(request)
  File "/usr/local/lib/python3.10/site-packages/fastapi/routing.py", line 698, in app
    raw_response = await run_endpoint_function(
  File "/usr/local/lib/python3.10/site-packages/fastapi/routing.py", line 352, in run_endpoint_function
    return await run_in_threadpool(dependant.call, **values)
  File "/usr/local/lib/python3.10/site-packages/starlette/concurrency.py", line 34, in run_in_threadpool
    return await anyio.to_thread.run_sync(func)
  File "/usr/local/lib/python3.10/site-packages/anyio/to_thread.py", line 65, in run_sync
    return await get_async_backend().run_sync_in_worker_thread(
  File "/usr/local/lib/python3.10/site-packages/anyio/_backends/_asyncio.py", line 2641, in run_sync_in_worker_thread
    return await future
  File "/usr/local/lib/python3.10/site-packages/anyio/_backends/_asyncio.py", line 1033, in run
    result = context.run(func, *args)
  File "/app/app/api/routes/dashboard_routes.py", line 28, in get_dashboard_summary
    priorities = db.query(AICollectionPriority).all()
NameError: name 'AICollectionPriority' is not defined
ERROR:app.main:[e26a622b-20c5-400e-b9e7-fabecb6e2ac9] Unhandled exception on /api/ai/dashboard/summary: name 'AICollectionPriority' is not defined
  + Exception Group Traceback (most recent call last):
  |   File "/usr/local/lib/python3.10/site-packages/starlette/_utils.py", line 85, in create_collapsing_task_group
  |     async with anyio.create_task_group() as tg:
  |   File "/usr/local/lib/python3.10/site-packages/anyio/_backends/_asyncio.py", line 815, in __aexit__
  |     raise BaseExceptionGroup(
  | exceptiongroup.ExceptionGroup: unhandled errors in a TaskGroup (1 sub-exception)
  +-+---------------- 1 ----------------
    | Traceback (most recent call last):
    |   File "/usr/local/lib/python3.10/site-packages/starlette/middleware/errors.py", line 164, in __call__
    |     await self.app(scope, receive, _send)
    |   File "/usr/local/lib/python3.10/site-packages/starlette/middleware/base.py", line 193, in __call__
    |     response = await self.dispatch_func(request, call_next)
    |   File "/app/app/main.py", line 116, in add_security_headers
    |     response = await call_next(request)
    |   File "/usr/local/lib/python3.10/site-packages/starlette/middleware/base.py", line 168, in call_next
    |     raise app_exc from app_exc.__cause__ or app_exc.__context__
    |   File "/usr/local/lib/python3.10/site-packages/starlette/middleware/base.py", line 144, in coro
    |     await self.app(scope, receive_or_disconnect, send_no_error)
    |   File "/usr/local/lib/python3.10/site-packages/starlette/middleware/base.py", line 193, in __call__
    |     response = await self.dispatch_func(request, call_next)
    |   File "/app/app/main.py", line 109, in verify_gateway_api_key
    |     response = await call_next(request)
    |   File "/usr/local/lib/python3.10/site-packages/starlette/middleware/base.py", line 168, in call_next
    |     raise app_exc from app_exc.__cause__ or app_exc.__context__
    |   File "/usr/local/lib/python3.10/site-packages/starlette/middleware/base.py", line 144, in coro
    |     await self.app(scope, receive_or_disconnect, send_no_error)
    |   File "/usr/local/lib/python3.10/site-packages/starlette/middleware/cors.py", line 88, in __call__
    |     await self.app(scope, receive, send)
    |   File "/usr/local/lib/python3.10/site-packages/starlette/middleware/exceptions.py", line 63, in __call__
    |     await wrap_app_handling_exceptions(self.app, conn)(scope, receive, send)
    |   File "/usr/local/lib/python3.10/site-packages/starlette/_exception_handler.py", line 53, in wrapped_app
    |     raise exc
    |   File "/usr/local/lib/python3.10/site-packages/starlette/_exception_handler.py", line 42, in wrapped_app
    |     await app(scope, receive, sender)
    |   File "/usr/local/lib/python3.10/site-packages/fastapi/middleware/asyncexitstack.py", line 18, in __call__
    |     await self.app(scope, receive, send)
    |   File "/usr/local/lib/python3.10/site-packages/starlette/routing.py", line 660, in __call__
    |     await self.middleware_stack(scope, receive, send)
    |   File "/usr/local/lib/python3.10/site-packages/fastapi/routing.py", line 2692, in app
    |     await route.handle(scope, receive, send)
    |   File "/usr/local/lib/python3.10/site-packages/fastapi/routing.py", line 1773, in handle
    |     await self.original_router.handle(scope, receive, send)
    |   File "/usr/local/lib/python3.10/site-packages/fastapi/routing.py", line 2747, in handle
    |     await included_router._handle_selected(scope, receive, send)
    |   File "/usr/local/lib/python3.10/site-packages/fastapi/routing.py", line 1793, in _handle_selected
    |     await original_route.handle(scope, receive, send)
    |   File "/usr/local/lib/python3.10/site-packages/fastapi/routing.py", line 1272, in handle
    |     await app(scope, receive, send)
    |   File "/usr/local/lib/python3.10/site-packages/fastapi/routing.py", line 156, in app
    |     await wrap_app_handling_exceptions(app, request)(scope, receive, send)
    |   File "/usr/local/lib/python3.10/site-packages/starlette/_exception_handler.py", line 53, in wrapped_app
    |     raise exc
    |   File "/usr/local/lib/python3.10/site-packages/starlette/_exception_handler.py", line 42, in wrapped_app
    |     await app(scope, receive, sender)
    |   File "/usr/local/lib/python3.10/site-packages/fastapi/routing.py", line 142, in app
    |     response = await f(request)
    |   File "/usr/local/lib/python3.10/site-packages/fastapi/routing.py", line 698, in app
    |     raw_response = await run_endpoint_function(
    |   File "/usr/local/lib/python3.10/site-packages/fastapi/routing.py", line 352, in run_endpoint_function
    |     return await run_in_threadpool(dependant.call, **values)
    |   File "/usr/local/lib/python3.10/site-packages/starlette/concurrency.py", line 34, in run_in_threadpool
    |     return await anyio.to_thread.run_sync(func)
    |   File "/usr/local/lib/python3.10/site-packages/anyio/to_thread.py", line 65, in run_sync
    |     return await get_async_backend().run_sync_in_worker_thread(
    |   File "/usr/local/lib/python3.10/site-packages/anyio/_backends/_asyncio.py", line 2641, in run_sync_in_worker_thread
    |     return await future
    |   File "/usr/local/lib/python3.10/site-packages/anyio/_backends/_asyncio.py", line 1033, in run
    |     result = context.run(func, *args)
    |   File "/app/app/api/routes/dashboard_routes.py", line 28, in get_dashboard_summary
    |     priorities = db.query(AICollectionPriority).all()
    | NameError: name 'AICollectionPriority' is not defined
    +------------------------------------

The above exception was the direct cause of the following exception:

Traceback (most recent call last):
  File "/usr/local/lib/python3.10/site-packages/starlette/middleware/errors.py", line 164, in __call__
    await self.app(scope, receive, _send)
  File "/usr/local/lib/python3.10/site-packages/starlette/middleware/base.py", line 193, in __call__
    response = await self.dispatch_func(request, call_next)
  File "/app/app/main.py", line 116, in add_security_headers
    response = await call_next(request)
  File "/usr/local/lib/python3.10/site-packages/starlette/middleware/base.py", line 168, in call_next
    raise app_exc from app_exc.__cause__ or app_exc.__context__
  File "/usr/local/lib/python3.10/site-packages/starlette/middleware/base.py", line 144, in coro
    await self.app(scope, receive_or_disconnect, send_no_error)
  File "/usr/local/lib/python3.10/site-packages/starlette/middleware/base.py", line 193, in __call__
    response = await self.dispatch_func(request, call_next)
  File "/app/app/main.py", line 109, in verify_gateway_api_key
    response = await call_next(request)
  File "/usr/local/lib/python3.10/site-packages/starlette/middleware/base.py", line 168, in call_next
    raise app_exc from app_exc.__cause__ or app_exc.__context__
  File "/usr/local/lib/python3.10/site-packages/starlette/middleware/base.py", line 144, in coro
    await self.app(scope, receive_or_disconnect, send_no_error)
  File "/usr/local/lib/python3.10/site-packages/starlette/middleware/cors.py", line 88, in __call__
    await self.app(scope, receive, send)
  File "/usr/local/lib/python3.10/site-packages/starlette/middleware/exceptions.py", line 63, in __call__
    await wrap_app_handling_exceptions(self.app, conn)(scope, receive, send)
  File "/usr/local/lib/python3.10/site-packages/starlette/_exception_handler.py", line 53, in wrapped_app
    raise exc
  File "/usr/local/lib/python3.10/site-packages/starlette/_exception_handler.py", line 42, in wrapped_app
    await app(scope, receive, sender)
  File "/usr/local/lib/python3.10/site-packages/fastapi/middleware/asyncexitstack.py", line 18, in __call__
    await self.app(scope, receive, send)
  File "/usr/local/lib/python3.10/site-packages/starlette/routing.py", line 660, in __call__
    await self.middleware_stack(scope, receive, send)
  File "/usr/local/lib/python3.10/site-packages/fastapi/routing.py", line 2692, in app
    await route.handle(scope, receive, send)
  File "/usr/local/lib/python3.10/site-packages/fastapi/routing.py", line 1773, in handle
    await self.original_router.handle(scope, receive, send)
  File "/usr/local/lib/python3.10/site-packages/fastapi/routing.py", line 2747, in handle
    await included_router._handle_selected(scope, receive, send)
  File "/usr/local/lib/python3.10/site-packages/fastapi/routing.py", line 1793, in _handle_selected
    await original_route.handle(scope, receive, send)
  File "/usr/local/lib/python3.10/site-packages/fastapi/routing.py", line 1272, in handle
    await app(scope, receive, send)
  File "/usr/local/lib/python3.10/site-packages/fastapi/routing.py", line 156, in app
    await wrap_app_handling_exceptions(app, request)(scope, receive, send)
  File "/usr/local/lib/python3.10/site-packages/starlette/_exception_handler.py", line 53, in wrapped_app
    raise exc
  File "/usr/local/lib/python3.10/site-packages/starlette/_exception_handler.py", line 42, in wrapped_app
    await app(scope, receive, sender)
  File "/usr/local/lib/python3.10/site-packages/fastapi/routing.py", line 142, in app
    response = await f(request)
  File "/usr/local/lib/python3.10/site-packages/fastapi/routing.py", line 698, in app
    raw_response = await run_endpoint_function(
  File "/usr/local/lib/python3.10/site-packages/fastapi/routing.py", line 352, in run_endpoint_function
    return await run_in_threadpool(dependant.call, **values)
  File "/usr/local/lib/python3.10/site-packages/starlette/concurrency.py", line 34, in run_in_threadpool
    return await anyio.to_thread.run_sync(func)
  File "/usr/local/lib/python3.10/site-packages/anyio/to_thread.py", line 65, in run_sync
    return await get_async_backend().run_sync_in_worker_thread(
  File "/usr/local/lib/python3.10/site-packages/anyio/_backends/_asyncio.py", line 2641, in run_sync_in_worker_thread
    return await future
  File "/usr/local/lib/python3.10/site-packages/anyio/_backends/_asyncio.py", line 1033, in run
    result = context.run(func, *args)
  File "/app/app/api/routes/dashboard_routes.py", line 28, in get_dashboard_summary
    priorities = db.query(AICollectionPriority).all()
NameError: name 'AICollectionPriority' is not defined
ERROR:app.main:[c655ecd7-d61a-4dd4-b0d1-675bac2277bc] Unhandled exception on /api/ai/dashboard/summary: name 'AICollectionPriority' is not defined
  + Exception Group Traceback (most recent call last):
  |   File "/usr/local/lib/python3.10/site-packages/starlette/_utils.py", line 85, in create_collapsing_task_group
  |     async with anyio.create_task_group() as tg:
  |   File "/usr/local/lib/python3.10/site-packages/anyio/_backends/_asyncio.py", line 815, in __aexit__
  |     raise BaseExceptionGroup(
  | exceptiongroup.ExceptionGroup: unhandled errors in a TaskGroup (1 sub-exception)
  +-+---------------- 1 ----------------
    | Traceback (most recent call last):
    |   File "/usr/local/lib/python3.10/site-packages/starlette/middleware/errors.py", line 164, in __call__
    |     await self.app(scope, receive, _send)
    |   File "/usr/local/lib/python3.10/site-packages/starlette/middleware/base.py", line 193, in __call__
    |     response = await self.dispatch_func(request, call_next)
    |   File "/app/app/main.py", line 116, in add_security_headers
    |     response = await call_next(request)
    |   File "/usr/local/lib/python3.10/site-packages/starlette/middleware/base.py", line 168, in call_next
    |     raise app_exc from app_exc.__cause__ or app_exc.__context__
    |   File "/usr/local/lib/python3.10/site-packages/starlette/middleware/base.py", line 144, in coro
    |     await self.app(scope, receive_or_disconnect, send_no_error)
    |   File "/usr/local/lib/python3.10/site-packages/starlette/middleware/base.py", line 193, in __call__
    |     response = await self.dispatch_func(request, call_next)
    |   File "/app/app/main.py", line 109, in verify_gateway_api_key
    |     response = await call_next(request)
    |   File "/usr/local/lib/python3.10/site-packages/starlette/middleware/base.py", line 168, in call_next
    |     raise app_exc from app_exc.__cause__ or app_exc.__context__
    |   File "/usr/local/lib/python3.10/site-packages/starlette/middleware/base.py", line 144, in coro
    |     await self.app(scope, receive_or_disconnect, send_no_error)
    |   File "/usr/local/lib/python3.10/site-packages/starlette/middleware/cors.py", line 88, in __call__
    |     await self.app(scope, receive, send)
    |   File "/usr/local/lib/python3.10/site-packages/starlette/middleware/exceptions.py", line 63, in __call__
    |     await wrap_app_handling_exceptions(self.app, conn)(scope, receive, send)
    |   File "/usr/local/lib/python3.10/site-packages/starlette/_exception_handler.py", line 53, in wrapped_app
    |     raise exc
    |   File "/usr/local/lib/python3.10/site-packages/starlette/_exception_handler.py", line 42, in wrapped_app
    |     await app(scope, receive, sender)
    |   File "/usr/local/lib/python3.10/site-packages/fastapi/middleware/asyncexitstack.py", line 18, in __call__
    |     await self.app(scope, receive, send)
    |   File "/usr/local/lib/python3.10/site-packages/starlette/routing.py", line 660, in __call__
    |     await self.middleware_stack(scope, receive, send)
    |   File "/usr/local/lib/python3.10/site-packages/fastapi/routing.py", line 2692, in app
    |     await route.handle(scope, receive, send)
    |   File "/usr/local/lib/python3.10/site-packages/fastapi/routing.py", line 1773, in handle
    |     await self.original_router.handle(scope, receive, send)
    |   File "/usr/local/lib/python3.10/site-packages/fastapi/routing.py", line 2747, in handle
    |     await included_router._handle_selected(scope, receive, send)
    |   File "/usr/local/lib/python3.10/site-packages/fastapi/routing.py", line 1793, in _handle_selected
    |     await original_route.handle(scope, receive, send)
    |   File "/usr/local/lib/python3.10/site-packages/fastapi/routing.py", line 1272, in handle
    |     await app(scope, receive, send)
    |   File "/usr/local/lib/python3.10/site-packages/fastapi/routing.py", line 156, in app
    |     await wrap_app_handling_exceptions(app, request)(scope, receive, send)
    |   File "/usr/local/lib/python3.10/site-packages/starlette/_exception_handler.py", line 53, in wrapped_app
    |     raise exc
    |   File "/usr/local/lib/python3.10/site-packages/starlette/_exception_handler.py", line 42, in wrapped_app
    |     await app(scope, receive, sender)
    |   File "/usr/local/lib/python3.10/site-packages/fastapi/routing.py", line 142, in app
    |     response = await f(request)
    |   File "/usr/local/lib/python3.10/site-packages/fastapi/routing.py", line 698, in app
    |     raw_response = await run_endpoint_function(
    |   File "/usr/local/lib/python3.10/site-packages/fastapi/routing.py", line 352, in run_endpoint_function
    |     return await run_in_threadpool(dependant.call, **values)
    |   File "/usr/local/lib/python3.10/site-packages/starlette/concurrency.py", line 34, in run_in_threadpool
    |     return await anyio.to_thread.run_sync(func)
    |   File "/usr/local/lib/python3.10/site-packages/anyio/to_thread.py", line 65, in run_sync
    |     return await get_async_backend().run_sync_in_worker_thread(
    |   File "/usr/local/lib/python3.10/site-packages/anyio/_backends/_asyncio.py", line 2641, in run_sync_in_worker_thread
    |     return await future
    |   File "/usr/local/lib/python3.10/site-packages/anyio/_backends/_asyncio.py", line 1033, in run
    |     result = context.run(func, *args)
    |   File "/app/app/api/routes/dashboard_routes.py", line 28, in get_dashboard_summary
    |     priorities = db.query(AICollectionPriority).all()
    | NameError: name 'AICollectionPriority' is not defined
    +------------------------------------

The above exception was the direct cause of the following exception:

Traceback (most recent call last):
  File "/usr/local/lib/python3.10/site-packages/starlette/middleware/errors.py", line 164, in __call__
    await self.app(scope, receive, _send)
  File "/usr/local/lib/python3.10/site-packages/starlette/middleware/base.py", line 193, in __call__
    response = await self.dispatch_func(request, call_next)
  File "/app/app/main.py", line 116, in add_security_headers
    response = await call_next(request)
  File "/usr/local/lib/python3.10/site-packages/starlette/middleware/base.py", line 168, in call_next
    raise app_exc from app_exc.__cause__ or app_exc.__context__
  File "/usr/local/lib/python3.10/site-packages/starlette/middleware/base.py", line 144, in coro
    await self.app(scope, receive_or_disconnect, send_no_error)
  File "/usr/local/lib/python3.10/site-packages/starlette/middleware/base.py", line 193, in __call__
    response = await self.dispatch_func(request, call_next)
  File "/app/app/main.py", line 109, in verify_gateway_api_key
    response = await call_next(request)
  File "/usr/local/lib/python3.10/site-packages/starlette/middleware/base.py", line 168, in call_next
    raise app_exc from app_exc.__cause__ or app_exc.__context__
  File "/usr/local/lib/python3.10/site-packages/starlette/middleware/base.py", line 144, in coro
    await self.app(scope, receive_or_disconnect, send_no_error)
  File "/usr/local/lib/python3.10/site-packages/starlette/middleware/cors.py", line 88, in __call__
    await self.app(scope, receive, send)
  File "/usr/local/lib/python3.10/site-packages/starlette/middleware/exceptions.py", line 63, in __call__
    await wrap_app_handling_exceptions(self.app, conn)(scope, receive, send)
  File "/usr/local/lib/python3.10/site-packages/starlette/_exception_handler.py", line 53, in wrapped_app
    raise exc
  File "/usr/local/lib/python3.10/site-packages/starlette/_exception_handler.py", line 42, in wrapped_app
    await app(scope, receive, sender)
  File "/usr/local/lib/python3.10/site-packages/fastapi/middleware/asyncexitstack.py", line 18, in __call__
    await self.app(scope, receive, send)
  File "/usr/local/lib/python3.10/site-packages/starlette/routing.py", line 660, in __call__
    await self.middleware_stack(scope, receive, send)
  File "/usr/local/lib/python3.10/site-packages/fastapi/routing.py", line 2692, in app
    await route.handle(scope, receive, send)
  File "/usr/local/lib/python3.10/site-packages/fastapi/routing.py", line 1773, in handle
    await self.original_router.handle(scope, receive, send)
  File "/usr/local/lib/python3.10/site-packages/fastapi/routing.py", line 2747, in handle
    await included_router._handle_selected(scope, receive, send)
  File "/usr/local/lib/python3.10/site-packages/fastapi/routing.py", line 1793, in _handle_selected
    await original_route.handle(scope, receive, send)
  File "/usr/local/lib/python3.10/site-packages/fastapi/routing.py", line 1272, in handle
    await app(scope, receive, send)
  File "/usr/local/lib/python3.10/site-packages/fastapi/routing.py", line 156, in app
    await wrap_app_handling_exceptions(app, request)(scope, receive, send)
  File "/usr/local/lib/python3.10/site-packages/starlette/_exception_handler.py", line 53, in wrapped_app
    raise exc
  File "/usr/local/lib/python3.10/site-packages/starlette/_exception_handler.py", line 42, in wrapped_app
    await app(scope, receive, sender)
  File "/usr/local/lib/python3.10/site-packages/fastapi/routing.py", line 142, in app
    response = await f(request)
  File "/usr/local/lib/python3.10/site-packages/fastapi/routing.py", line 698, in app
    raw_response = await run_endpoint_function(
  File "/usr/local/lib/python3.10/site-packages/fastapi/routing.py", line 352, in run_endpoint_function
    return await run_in_threadpool(dependant.call, **values)
  File "/usr/local/lib/python3.10/site-packages/starlette/concurrency.py", line 34, in run_in_threadpool
    return await anyio.to_thread.run_sync(func)
  File "/usr/local/lib/python3.10/site-packages/anyio/to_thread.py", line 65, in run_sync
    return await get_async_backend().run_sync_in_worker_thread(
  File "/usr/local/lib/python3.10/site-packages/anyio/_backends/_asyncio.py", line 2641, in run_sync_in_worker_thread
    return await future
  File "/usr/local/lib/python3.10/site-packages/anyio/_backends/_asyncio.py", line 1033, in run
    result = context.run(func, *args)
  File "/app/app/api/routes/dashboard_routes.py", line 28, in get_dashboard_summary
    priorities = db.query(AICollectionPriority).all()
NameError: name 'AICollectionPriority' is not defined
ERROR:app.main:[959db110-953b-41f3-89b5-54e558b6bb10] Unhandled exception on /api/ai/dashboard/summary: name 'AICollectionPriority' is not defined
  + Exception Group Traceback (most recent call last):
  |   File "/usr/local/lib/python3.10/site-packages/starlette/_utils.py", line 85, in create_collapsing_task_group
  |     async with anyio.create_task_group() as tg:
  |   File "/usr/local/lib/python3.10/site-packages/anyio/_backends/_asyncio.py", line 815, in __aexit__
  |     raise BaseExceptionGroup(
  | exceptiongroup.ExceptionGroup: unhandled errors in a TaskGroup (1 sub-exception)
  +-+---------------- 1 ----------------
    | Traceback (most recent call last):
    |   File "/usr/local/lib/python3.10/site-packages/starlette/middleware/errors.py", line 164, in __call__
    |     await self.app(scope, receive, _send)
    |   File "/usr/local/lib/python3.10/site-packages/starlette/middleware/base.py", line 193, in __call__
    |     response = await self.dispatch_func(request, call_next)
    |   File "/app/app/main.py", line 116, in add_security_headers
    |     response = await call_next(request)
    |   File "/usr/local/lib/python3.10/site-packages/starlette/middleware/base.py", line 168, in call_next
    |     raise app_exc from app_exc.__cause__ or app_exc.__context__
    |   File "/usr/local/lib/python3.10/site-packages/starlette/middleware/base.py", line 144, in coro
    |     await self.app(scope, receive_or_disconnect, send_no_error)
    |   File "/usr/local/lib/python3.10/site-packages/starlette/middleware/base.py", line 193, in __call__
    |     response = await self.dispatch_func(request, call_next)
    |   File "/app/app/main.py", line 109, in verify_gateway_api_key
    |     response = await call_next(request)
    |   File "/usr/local/lib/python3.10/site-packages/starlette/middleware/base.py", line 168, in call_next
    |     raise app_exc from app_exc.__cause__ or app_exc.__context__
    |   File "/usr/local/lib/python3.10/site-packages/starlette/middleware/base.py", line 144, in coro
    |     await self.app(scope, receive_or_disconnect, send_no_error)
    |   File "/usr/local/lib/python3.10/site-packages/starlette/middleware/cors.py", line 88, in __call__
    |     await self.app(scope, receive, send)
    |   File "/usr/local/lib/python3.10/site-packages/starlette/middleware/exceptions.py", line 63, in __call__
    |     await wrap_app_handling_exceptions(self.app, conn)(scope, receive, send)
    |   File "/usr/local/lib/python3.10/site-packages/starlette/_exception_handler.py", line 53, in wrapped_app
    |     raise exc
    |   File "/usr/local/lib/python3.10/site-packages/starlette/_exception_handler.py", line 42, in wrapped_app
    |     await app(scope, receive, sender)
    |   File "/usr/local/lib/python3.10/site-packages/fastapi/middleware/asyncexitstack.py", line 18, in __call__
    |     await self.app(scope, receive, send)
    |   File "/usr/local/lib/python3.10/site-packages/starlette/routing.py", line 660, in __call__
    |     await self.middleware_stack(scope, receive, send)
    |   File "/usr/local/lib/python3.10/site-packages/fastapi/routing.py", line 2692, in app
    |     await route.handle(scope, receive, send)
    |   File "/usr/local/lib/python3.10/site-packages/fastapi/routing.py", line 1773, in handle
    |     await self.original_router.handle(scope, receive, send)
    |   File "/usr/local/lib/python3.10/site-packages/fastapi/routing.py", line 2747, in handle
    |     await included_router._handle_selected(scope, receive, send)
    |   File "/usr/local/lib/python3.10/site-packages/fastapi/routing.py", line 1793, in _handle_selected
    |     await original_route.handle(scope, receive, send)
    |   File "/usr/local/lib/python3.10/site-packages/fastapi/routing.py", line 1272, in handle
    |     await app(scope, receive, send)
    |   File "/usr/local/lib/python3.10/site-packages/fastapi/routing.py", line 156, in app
    |     await wrap_app_handling_exceptions(app, request)(scope, receive, send)
    |   File "/usr/local/lib/python3.10/site-packages/starlette/_exception_handler.py", line 53, in wrapped_app
    |     raise exc
    |   File "/usr/local/lib/python3.10/site-packages/starlette/_exception_handler.py", line 42, in wrapped_app
    |     await app(scope, receive, sender)
    |   File "/usr/local/lib/python3.10/site-packages/fastapi/routing.py", line 142, in app
    |     response = await f(request)
    |   File "/usr/local/lib/python3.10/site-packages/fastapi/routing.py", line 698, in app
    |     raw_response = await run_endpoint_function(
    |   File "/usr/local/lib/python3.10/site-packages/fastapi/routing.py", line 352, in run_endpoint_function
    |     return await run_in_threadpool(dependant.call, **values)
    |   File "/usr/local/lib/python3.10/site-packages/starlette/concurrency.py", line 34, in run_in_threadpool
    |     return await anyio.to_thread.run_sync(func)
    |   File "/usr/local/lib/python3.10/site-packages/anyio/to_thread.py", line 65, in run_sync
    |     return await get_async_backend().run_sync_in_worker_thread(
    |   File "/usr/local/lib/python3.10/site-packages/anyio/_backends/_asyncio.py", line 2641, in run_sync_in_worker_thread
    |     return await future
    |   File "/usr/local/lib/python3.10/site-packages/anyio/_backends/_asyncio.py", line 1033, in run
    |     result = context.run(func, *args)
    |   File "/app/app/api/routes/dashboard_routes.py", line 28, in get_dashboard_summary
    |     priorities = db.query(AICollectionPriority).all()
    | NameError: name 'AICollectionPriority' is not defined
    +------------------------------------

The above exception was the direct cause of the following exception:

Traceback (most recent call last):
  File "/usr/local/lib/python3.10/site-packages/starlette/middleware/errors.py", line 164, in __call__
    await self.app(scope, receive, _send)
  File "/usr/local/lib/python3.10/site-packages/starlette/middleware/base.py", line 193, in __call__
    response = await self.dispatch_func(request, call_next)
  File "/app/app/main.py", line 116, in add_security_headers
    response = await call_next(request)
  File "/usr/local/lib/python3.10/site-packages/starlette/middleware/base.py", line 168, in call_next
    raise app_exc from app_exc.__cause__ or app_exc.__context__
  File "/usr/local/lib/python3.10/site-packages/starlette/middleware/base.py", line 144, in coro
    await self.app(scope, receive_or_disconnect, send_no_error)
  File "/usr/local/lib/python3.10/site-packages/starlette/middleware/base.py", line 193, in __call__
    response = await self.dispatch_func(request, call_next)
  File "/app/app/main.py", line 109, in verify_gateway_api_key
    response = await call_next(request)
  File "/usr/local/lib/python3.10/site-packages/starlette/middleware/base.py", line 168, in call_next
    raise app_exc from app_exc.__cause__ or app_exc.__context__
  File "/usr/local/lib/python3.10/site-packages/starlette/middleware/base.py", line 144, in coro
    await self.app(scope, receive_or_disconnect, send_no_error)
  File "/usr/local/lib/python3.10/site-packages/starlette/middleware/cors.py", line 88, in __call__
    await self.app(scope, receive, send)
  File "/usr/local/lib/python3.10/site-packages/starlette/middleware/exceptions.py", line 63, in __call__
    await wrap_app_handling_exceptions(self.app, conn)(scope, receive, send)
  File "/usr/local/lib/python3.10/site-packages/starlette/_exception_handler.py", line 53, in wrapped_app
    raise exc
  File "/usr/local/lib/python3.10/site-packages/starlette/_exception_handler.py", line 42, in wrapped_app
    await app(scope, receive, sender)
  File "/usr/local/lib/python3.10/site-packages/fastapi/middleware/asyncexitstack.py", line 18, in __call__
    await self.app(scope, receive, send)
  File "/usr/local/lib/python3.10/site-packages/starlette/routing.py", line 660, in __call__
    await self.middleware_stack(scope, receive, send)
  File "/usr/local/lib/python3.10/site-packages/fastapi/routing.py", line 2692, in app
    await route.handle(scope, receive, send)
  File "/usr/local/lib/python3.10/site-packages/fastapi/routing.py", line 1773, in handle
    await self.original_router.handle(scope, receive, send)
  File "/usr/local/lib/python3.10/site-packages/fastapi/routing.py", line 2747, in handle
    await included_router._handle_selected(scope, receive, send)
  File "/usr/local/lib/python3.10/site-packages/fastapi/routing.py", line 1793, in _handle_selected
    await original_route.handle(scope, receive, send)
  File "/usr/local/lib/python3.10/site-packages/fastapi/routing.py", line 1272, in handle
    await app(scope, receive, send)
  File "/usr/local/lib/python3.10/site-packages/fastapi/routing.py", line 156, in app
    await wrap_app_handling_exceptions(app, request)(scope, receive, send)
  File "/usr/local/lib/python3.10/site-packages/starlette/_exception_handler.py", line 53, in wrapped_app
    raise exc
  File "/usr/local/lib/python3.10/site-packages/starlette/_exception_handler.py", line 42, in wrapped_app
    await app(scope, receive, sender)
  File "/usr/local/lib/python3.10/site-packages/fastapi/routing.py", line 142, in app
    response = await f(request)
  File "/usr/local/lib/python3.10/site-packages/fastapi/routing.py", line 698, in app
    raw_response = await run_endpoint_function(
  File "/usr/local/lib/python3.10/site-packages/fastapi/routing.py", line 352, in run_endpoint_function
    return await run_in_threadpool(dependant.call, **values)
  File "/usr/local/lib/python3.10/site-packages/starlette/concurrency.py", line 34, in run_in_threadpool
    return await anyio.to_thread.run_sync(func)
  File "/usr/local/lib/python3.10/site-packages/anyio/to_thread.py", line 65, in run_sync
    return await get_async_backend().run_sync_in_worker_thread(
  File "/usr/local/lib/python3.10/site-packages/anyio/_backends/_asyncio.py", line 2641, in run_sync_in_worker_thread
    return await future
  File "/usr/local/lib/python3.10/site-packages/anyio/_backends/_asyncio.py", line 1033, in run
    result = context.run(func, *args)
  File "/app/app/api/routes/dashboard_routes.py", line 28, in get_dashboard_summary
    priorities = db.query(AICollectionPriority).all()
NameError: name 'AICollectionPriority' is not defined
ERROR:app.main:[b72e933c-d367-4a3a-9f4e-72635240fd7f] Unhandled exception on /api/ai/dashboard/summary: name 'AICollectionPriority' is not defined
  + Exception Group Traceback (most recent call last):
  |   File "/usr/local/lib/python3.10/site-packages/starlette/_utils.py", line 85, in create_collapsing_task_group
  |     async with anyio.create_task_group() as tg:
  |   File "/usr/local/lib/python3.10/site-packages/anyio/_backends/_asyncio.py", line 815, in __aexit__
  |     raise BaseExceptionGroup(
  | exceptiongroup.ExceptionGroup: unhandled errors in a TaskGroup (1 sub-exception)
  +-+---------------- 1 ----------------
    | Traceback (most recent call last):
    |   File "/usr/local/lib/python3.10/site-packages/starlette/middleware/errors.py", line 164, in __call__
    |     await self.app(scope, receive, _send)
    |   File "/usr/local/lib/python3.10/site-packages/starlette/middleware/base.py", line 193, in __call__
    |     response = await self.dispatch_func(request, call_next)
    |   File "/app/app/main.py", line 116, in add_security_headers
    |     response = await call_next(request)
    |   File "/usr/local/lib/python3.10/site-packages/starlette/middleware/base.py", line 168, in call_next
    |     raise app_exc from app_exc.__cause__ or app_exc.__context__
    |   File "/usr/local/lib/python3.10/site-packages/starlette/middleware/base.py", line 144, in coro
    |     await self.app(scope, receive_or_disconnect, send_no_error)
    |   File "/usr/local/lib/python3.10/site-packages/starlette/middleware/base.py", line 193, in __call__
    |     response = await self.dispatch_func(request, call_next)
    |   File "/app/app/main.py", line 109, in verify_gateway_api_key
    |     response = await call_next(request)
    |   File "/usr/local/lib/python3.10/site-packages/starlette/middleware/base.py", line 168, in call_next
    |     raise app_exc from app_exc.__cause__ or app_exc.__context__
    |   File "/usr/local/lib/python3.10/site-packages/starlette/middleware/base.py", line 144, in coro
    |     await self.app(scope, receive_or_disconnect, send_no_error)
    |   File "/usr/local/lib/python3.10/site-packages/starlette/middleware/cors.py", line 88, in __call__
    |     await self.app(scope, receive, send)
    |   File "/usr/local/lib/python3.10/site-packages/starlette/middleware/exceptions.py", line 63, in __call__
    |     await wrap_app_handling_exceptions(self.app, conn)(scope, receive, send)
    |   File "/usr/local/lib/python3.10/site-packages/starlette/_exception_handler.py", line 53, in wrapped_app
    |     raise exc
    |   File "/usr/local/lib/python3.10/site-packages/starlette/_exception_handler.py", line 42, in wrapped_app
    |     await app(scope, receive, sender)
    |   File "/usr/local/lib/python3.10/site-packages/fastapi/middleware/asyncexitstack.py", line 18, in __call__
    |     await self.app(scope, receive, send)
    |   File "/usr/local/lib/python3.10/site-packages/starlette/routing.py", line 660, in __call__
    |     await self.middleware_stack(scope, receive, send)
    |   File "/usr/local/lib/python3.10/site-packages/fastapi/routing.py", line 2692, in app
    |     await route.handle(scope, receive, send)
    |   File "/usr/local/lib/python3.10/site-packages/fastapi/routing.py", line 1773, in handle
    |     await self.original_router.handle(scope, receive, send)
    |   File "/usr/local/lib/python3.10/site-packages/fastapi/routing.py", line 2747, in handle
    |     await included_router._handle_selected(scope, receive, send)
    |   File "/usr/local/lib/python3.10/site-packages/fastapi/routing.py", line 1793, in _handle_selected
    |     await original_route.handle(scope, receive, send)
    |   File "/usr/local/lib/python3.10/site-packages/fastapi/routing.py", line 1272, in handle
    |     await app(scope, receive, send)
    |   File "/usr/local/lib/python3.10/site-packages/fastapi/routing.py", line 156, in app
    |     await wrap_app_handling_exceptions(app, request)(scope, receive, send)
    |   File "/usr/local/lib/python3.10/site-packages/starlette/_exception_handler.py", line 53, in wrapped_app
    |     raise exc
    |   File "/usr/local/lib/python3.10/site-packages/starlette/_exception_handler.py", line 42, in wrapped_app
    |     await app(scope, receive, sender)
    |   File "/usr/local/lib/python3.10/site-packages/fastapi/routing.py", line 142, in app
    |     response = await f(request)
    |   File "/usr/local/lib/python3.10/site-packages/fastapi/routing.py", line 698, in app
    |     raw_response = await run_endpoint_function(
    |   File "/usr/local/lib/python3.10/site-packages/fastapi/routing.py", line 352, in run_endpoint_function
    |     return await run_in_threadpool(dependant.call, **values)
    |   File "/usr/local/lib/python3.10/site-packages/starlette/concurrency.py", line 34, in run_in_threadpool
    |     return await anyio.to_thread.run_sync(func)
    |   File "/usr/local/lib/python3.10/site-packages/anyio/to_thread.py", line 65, in run_sync
    |     return await get_async_backend().run_sync_in_worker_thread(
    |   File "/usr/local/lib/python3.10/site-packages/anyio/_backends/_asyncio.py", line 2641, in run_sync_in_worker_thread
    |     return await future
    |   File "/usr/local/lib/python3.10/site-packages/anyio/_backends/_asyncio.py", line 1033, in run
    |     result = context.run(func, *args)
    |   File "/app/app/api/routes/dashboard_routes.py", line 28, in get_dashboard_summary
    |     priorities = db.query(AICollectionPriority).all()
    | NameError: name 'AICollectionPriority' is not defined
    +------------------------------------

The above exception was the direct cause of the following exception:

Traceback (most recent call last):
  File "/usr/local/lib/python3.10/site-packages/starlette/middleware/errors.py", line 164, in __call__
    await self.app(scope, receive, _send)
  File "/usr/local/lib/python3.10/site-packages/starlette/middleware/base.py", line 193, in __call__
    response = await self.dispatch_func(request, call_next)
  File "/app/app/main.py", line 116, in add_security_headers
    response = await call_next(request)
  File "/usr/local/lib/python3.10/site-packages/starlette/middleware/base.py", line 168, in call_next
    raise app_exc from app_exc.__cause__ or app_exc.__context__
  File "/usr/local/lib/python3.10/site-packages/starlette/middleware/base.py", line 144, in coro
    await self.app(scope, receive_or_disconnect, send_no_error)
  File "/usr/local/lib/python3.10/site-packages/starlette/middleware/base.py", line 193, in __call__
    response = await self.dispatch_func(request, call_next)
  File "/app/app/main.py", line 109, in verify_gateway_api_key
    response = await call_next(request)
  File "/usr/local/lib/python3.10/site-packages/starlette/middleware/base.py", line 168, in call_next
    raise app_exc from app_exc.__cause__ or app_exc.__context__
  File "/usr/local/lib/python3.10/site-packages/starlette/middleware/base.py", line 144, in coro
    await self.app(scope, receive_or_disconnect, send_no_error)
  File "/usr/local/lib/python3.10/site-packages/starlette/middleware/cors.py", line 88, in __call__
    await self.app(scope, receive, send)
  File "/usr/local/lib/python3.10/site-packages/starlette/middleware/exceptions.py", line 63, in __call__
    await wrap_app_handling_exceptions(self.app, conn)(scope, receive, send)
  File "/usr/local/lib/python3.10/site-packages/starlette/_exception_handler.py", line 53, in wrapped_app
    raise exc
  File "/usr/local/lib/python3.10/site-packages/starlette/_exception_handler.py", line 42, in wrapped_app
    await app(scope, receive, sender)
  File "/usr/local/lib/python3.10/site-packages/fastapi/middleware/asyncexitstack.py", line 18, in __call__
    await self.app(scope, receive, send)
  File "/usr/local/lib/python3.10/site-packages/starlette/routing.py", line 660, in __call__
    await self.middleware_stack(scope, receive, send)
  File "/usr/local/lib/python3.10/site-packages/fastapi/routing.py", line 2692, in app
    await route.handle(scope, receive, send)
  File "/usr/local/lib/python3.10/site-packages/fastapi/routing.py", line 1773, in handle
    await self.original_router.handle(scope, receive, send)
  File "/usr/local/lib/python3.10/site-packages/fastapi/routing.py", line 2747, in handle
    await included_router._handle_selected(scope, receive, send)
  File "/usr/local/lib/python3.10/site-packages/fastapi/routing.py", line 1793, in _handle_selected
    await original_route.handle(scope, receive, send)
  File "/usr/local/lib/python3.10/site-packages/fastapi/routing.py", line 1272, in handle
    await app(scope, receive, send)
  File "/usr/local/lib/python3.10/site-packages/fastapi/routing.py", line 156, in app
    await wrap_app_handling_exceptions(app, request)(scope, receive, send)
  File "/usr/local/lib/python3.10/site-packages/starlette/_exception_handler.py", line 53, in wrapped_app
    raise exc
  File "/usr/local/lib/python3.10/site-packages/starlette/_exception_handler.py", line 42, in wrapped_app
    await app(scope, receive, sender)
  File "/usr/local/lib/python3.10/site-packages/fastapi/routing.py", line 142, in app
    response = await f(request)
  File "/usr/local/lib/python3.10/site-packages/fastapi/routing.py", line 698, in app
    raw_response = await run_endpoint_function(
  File "/usr/local/lib/python3.10/site-packages/fastapi/routing.py", line 352, in run_endpoint_function
    return await run_in_threadpool(dependant.call, **values)
  File "/usr/local/lib/python3.10/site-packages/starlette/concurrency.py", line 34, in run_in_threadpool
    return await anyio.to_thread.run_sync(func)
  File "/usr/local/lib/python3.10/site-packages/anyio/to_thread.py", line 65, in run_sync
    return await get_async_backend().run_sync_in_worker_thread(
  File "/usr/local/lib/python3.10/site-packages/anyio/_backends/_asyncio.py", line 2641, in run_sync_in_worker_thread
    return await future
  File "/usr/local/lib/python3.10/site-packages/anyio/_backends/_asyncio.py", line 1033, in run
    result = context.run(func, *args)
  File "/app/app/api/routes/dashboard_routes.py", line 28, in get_dashboard_summary
    priorities = db.query(AICollectionPriority).all()
NameError: name 'AICollectionPriority' is not defined
ERROR:app.main:[e9f106bb-0605-4932-a86f-612727ff17f4] Unhandled exception on /api/ai/dashboard/summary: name 'AICollectionPriority' is not defined
  + Exception Group Traceback (most recent call last):
  |   File "/usr/local/lib/python3.10/site-packages/starlette/_utils.py", line 85, in create_collapsing_task_group
  |     async with anyio.create_task_group() as tg:
  |   File "/usr/local/lib/python3.10/site-packages/anyio/_backends/_asyncio.py", line 815, in __aexit__
  |     raise BaseExceptionGroup(
  | exceptiongroup.ExceptionGroup: unhandled errors in a TaskGroup (1 sub-exception)
  +-+---------------- 1 ----------------
    | Traceback (most recent call last):
    |   File "/usr/local/lib/python3.10/site-packages/starlette/middleware/errors.py", line 164, in __call__
    |     await self.app(scope, receive, _send)
    |   File "/usr/local/lib/python3.10/site-packages/starlette/middleware/base.py", line 193, in __call__
    |     response = await self.dispatch_func(request, call_next)
    |   File "/app/app/main.py", line 116, in add_security_headers
    |     response = await call_next(request)
    |   File "/usr/local/lib/python3.10/site-packages/starlette/middleware/base.py", line 168, in call_next
    |     raise app_exc from app_exc.__cause__ or app_exc.__context__
    |   File "/usr/local/lib/python3.10/site-packages/starlette/middleware/base.py", line 144, in coro
    |     await self.app(scope, receive_or_disconnect, send_no_error)
    |   File "/usr/local/lib/python3.10/site-packages/starlette/middleware/base.py", line 193, in __call__
    |     response = await self.dispatch_func(request, call_next)
    |   File "/app/app/main.py", line 109, in verify_gateway_api_key
    |     response = await call_next(request)
    |   File "/usr/local/lib/python3.10/site-packages/starlette/middleware/base.py", line 168, in call_next
    |     raise app_exc from app_exc.__cause__ or app_exc.__context__
    |   File "/usr/local/lib/python3.10/site-packages/starlette/middleware/base.py", line 144, in coro
    |     await self.app(scope, receive_or_disconnect, send_no_error)
    |   File "/usr/local/lib/python3.10/site-packages/starlette/middleware/cors.py", line 88, in __call__
    |     await self.app(scope, receive, send)
    |   File "/usr/local/lib/python3.10/site-packages/starlette/middleware/exceptions.py", line 63, in __call__
    |     await wrap_app_handling_exceptions(self.app, conn)(scope, receive, send)
    |   File "/usr/local/lib/python3.10/site-packages/starlette/_exception_handler.py", line 53, in wrapped_app
    |     raise exc
    |   File "/usr/local/lib/python3.10/site-packages/starlette/_exception_handler.py", line 42, in wrapped_app
    |     await app(scope, receive, sender)
    |   File "/usr/local/lib/python3.10/site-packages/fastapi/middleware/asyncexitstack.py", line 18, in __call__
    |     await self.app(scope, receive, send)
    |   File "/usr/local/lib/python3.10/site-packages/starlette/routing.py", line 660, in __call__
    |     await self.middleware_stack(scope, receive, send)
    |   File "/usr/local/lib/python3.10/site-packages/fastapi/routing.py", line 2692, in app
    |     await route.handle(scope, receive, send)
    |   File "/usr/local/lib/python3.10/site-packages/fastapi/routing.py", line 1773, in handle
    |     await self.original_router.handle(scope, receive, send)
    |   File "/usr/local/lib/python3.10/site-packages/fastapi/routing.py", line 2747, in handle
    |     await included_router._handle_selected(scope, receive, send)
    |   File "/usr/local/lib/python3.10/site-packages/fastapi/routing.py", line 1793, in _handle_selected
    |     await original_route.handle(scope, receive, send)
    |   File "/usr/local/lib/python3.10/site-packages/fastapi/routing.py", line 1272, in handle
    |     await app(scope, receive, send)
    |   File "/usr/local/lib/python3.10/site-packages/fastapi/routing.py", line 156, in app
    |     await wrap_app_handling_exceptions(app, request)(scope, receive, send)
    |   File "/usr/local/lib/python3.10/site-packages/starlette/_exception_handler.py", line 53, in wrapped_app
    |     raise exc
    |   File "/usr/local/lib/python3.10/site-packages/starlette/_exception_handler.py", line 42, in wrapped_app
    |     await app(scope, receive, sender)
    |   File "/usr/local/lib/python3.10/site-packages/fastapi/routing.py", line 142, in app
    |     response = await f(request)
    |   File "/usr/local/lib/python3.10/site-packages/fastapi/routing.py", line 698, in app
    |     raw_response = await run_endpoint_function(
    |   File "/usr/local/lib/python3.10/site-packages/fastapi/routing.py", line 352, in run_endpoint_function
    |     return await run_in_threadpool(dependant.call, **values)
    |   File "/usr/local/lib/python3.10/site-packages/starlette/concurrency.py", line 34, in run_in_threadpool
    |     return await anyio.to_thread.run_sync(func)
    |   File "/usr/local/lib/python3.10/site-packages/anyio/to_thread.py", line 65, in run_sync
    |     return await get_async_backend().run_sync_in_worker_thread(
    |   File "/usr/local/lib/python3.10/site-packages/anyio/_backends/_asyncio.py", line 2641, in run_sync_in_worker_thread
    |     return await future
    |   File "/usr/local/lib/python3.10/site-packages/anyio/_backends/_asyncio.py", line 1033, in run
    |     result = context.run(func, *args)
    |   File "/app/app/api/routes/dashboard_routes.py", line 28, in get_dashboard_summary
    |     priorities = db.query(AICollectionPriority).all()
    | NameError: name 'AICollectionPriority' is not defined
    +------------------------------------

The above exception was the direct cause of the following exception:

Traceback (most recent call last):
  File "/usr/local/lib/python3.10/site-packages/starlette/middleware/errors.py", line 164, in __call__
    await self.app(scope, receive, _send)
  File "/usr/local/lib/python3.10/site-packages/starlette/middleware/base.py", line 193, in __call__
    response = await self.dispatch_func(request, call_next)
  File "/app/app/main.py", line 116, in add_security_headers
    response = await call_next(request)
  File "/usr/local/lib/python3.10/site-packages/starlette/middleware/base.py", line 168, in call_next
    raise app_exc from app_exc.__cause__ or app_exc.__context__
  File "/usr/local/lib/python3.10/site-packages/starlette/middleware/base.py", line 144, in coro
    await self.app(scope, receive_or_disconnect, send_no_error)
  File "/usr/local/lib/python3.10/site-packages/starlette/middleware/base.py", line 193, in __call__
    response = await self.dispatch_func(request, call_next)
  File "/app/app/main.py", line 109, in verify_gateway_api_key
    response = await call_next(request)
  File "/usr/local/lib/python3.10/site-packages/starlette/middleware/base.py", line 168, in call_next
    raise app_exc from app_exc.__cause__ or app_exc.__context__
  File "/usr/local/lib/python3.10/site-packages/starlette/middleware/base.py", line 144, in coro
    await self.app(scope, receive_or_disconnect, send_no_error)
  File "/usr/local/lib/python3.10/site-packages/starlette/middleware/cors.py", line 88, in __call__
    await self.app(scope, receive, send)
  File "/usr/local/lib/python3.10/site-packages/starlette/middleware/exceptions.py", line 63, in __call__
    await wrap_app_handling_exceptions(self.app, conn)(scope, receive, send)
  File "/usr/local/lib/python3.10/site-packages/starlette/_exception_handler.py", line 53, in wrapped_app
    raise exc
  File "/usr/local/lib/python3.10/site-packages/starlette/_exception_handler.py", line 42, in wrapped_app
    await app(scope, receive, sender)
  File "/usr/local/lib/python3.10/site-packages/fastapi/middleware/asyncexitstack.py", line 18, in __call__
    await self.app(scope, receive, send)
  File "/usr/local/lib/python3.10/site-packages/starlette/routing.py", line 660, in __call__
    await self.middleware_stack(scope, receive, send)
  File "/usr/local/lib/python3.10/site-packages/fastapi/routing.py", line 2692, in app
    await route.handle(scope, receive, send)
  File "/usr/local/lib/python3.10/site-packages/fastapi/routing.py", line 1773, in handle
    await self.original_router.handle(scope, receive, send)
  File "/usr/local/lib/python3.10/site-packages/fastapi/routing.py", line 2747, in handle
    await included_router._handle_selected(scope, receive, send)
  File "/usr/local/lib/python3.10/site-packages/fastapi/routing.py", line 1793, in _handle_selected
    await original_route.handle(scope, receive, send)
  File "/usr/local/lib/python3.10/site-packages/fastapi/routing.py", line 1272, in handle
    await app(scope, receive, send)
  File "/usr/local/lib/python3.10/site-packages/fastapi/routing.py", line 156, in app
    await wrap_app_handling_exceptions(app, request)(scope, receive, send)
  File "/usr/local/lib/python3.10/site-packages/starlette/_exception_handler.py", line 53, in wrapped_app
    raise exc
  File "/usr/local/lib/python3.10/site-packages/starlette/_exception_handler.py", line 42, in wrapped_app
    await app(scope, receive, sender)
  File "/usr/local/lib/python3.10/site-packages/fastapi/routing.py", line 142, in app
    response = await f(request)
  File "/usr/local/lib/python3.10/site-packages/fastapi/routing.py", line 698, in app
    raw_response = await run_endpoint_function(
  File "/usr/local/lib/python3.10/site-packages/fastapi/routing.py", line 352, in run_endpoint_function
    return await run_in_threadpool(dependant.call, **values)
  File "/usr/local/lib/python3.10/site-packages/starlette/concurrency.py", line 34, in run_in_threadpool
    return await anyio.to_thread.run_sync(func)
  File "/usr/local/lib/python3.10/site-packages/anyio/to_thread.py", line 65, in run_sync
    return await get_async_backend().run_sync_in_worker_thread(
  File "/usr/local/lib/python3.10/site-packages/anyio/_backends/_asyncio.py", line 2641, in run_sync_in_worker_thread
    return await future
  File "/usr/local/lib/python3.10/site-packages/anyio/_backends/_asyncio.py", line 1033, in run
    result = context.run(func, *args)
  File "/app/app/api/routes/dashboard_routes.py", line 28, in get_dashboard_summary
    priorities = db.query(AICollectionPriority).all()
NameError: name 'AICollectionPriority' is not defined
ERROR:app.main:[366b5498-cbb1-49ad-b628-22c23c09551a] Unhandled exception on /api/ai/dashboard/summary: name 'AICollectionPriority' is not defined
  + Exception Group Traceback (most recent call last):
  |   File "/usr/local/lib/python3.10/site-packages/starlette/_utils.py", line 85, in create_collapsing_task_group
  |     async with anyio.create_task_group() as tg:
  |   File "/usr/local/lib/python3.10/site-packages/anyio/_backends/_asyncio.py", line 815, in __aexit__
  |     raise BaseExceptionGroup(
  | exceptiongroup.ExceptionGroup: unhandled errors in a TaskGroup (1 sub-exception)
  +-+---------------- 1 ----------------
    | Traceback (most recent call last):
    |   File "/usr/local/lib/python3.10/site-packages/starlette/middleware/errors.py", line 164, in __call__
    |     await self.app(scope, receive, _send)
    |   File "/usr/local/lib/python3.10/site-packages/starlette/middleware/base.py", line 193, in __call__
    |     response = await self.dispatch_func(request, call_next)
    |   File "/app/app/main.py", line 116, in add_security_headers
    |     response = await call_next(request)
    |   File "/usr/local/lib/python3.10/site-packages/starlette/middleware/base.py", line 168, in call_next
    |     raise app_exc from app_exc.__cause__ or app_exc.__context__
    |   File "/usr/local/lib/python3.10/site-packages/starlette/middleware/base.py", line 144, in coro
    |     await self.app(scope, receive_or_disconnect, send_no_error)
    |   File "/usr/local/lib/python3.10/site-packages/starlette/middleware/base.py", line 193, in __call__
    |     response = await self.dispatch_func(request, call_next)
    |   File "/app/app/main.py", line 109, in verify_gateway_api_key
    |     response = await call_next(request)
    |   File "/usr/local/lib/python3.10/site-packages/starlette/middleware/base.py", line 168, in call_next
    |     raise app_exc from app_exc.__cause__ or app_exc.__context__
    |   File "/usr/local/lib/python3.10/site-packages/starlette/middleware/base.py", line 144, in coro
    |     await self.app(scope, receive_or_disconnect, send_no_error)
    |   File "/usr/local/lib/python3.10/site-packages/starlette/middleware/cors.py", line 88, in __call__
    |     await self.app(scope, receive, send)
    |   File "/usr/local/lib/python3.10/site-packages/starlette/middleware/exceptions.py", line 63, in __call__
    |     await wrap_app_handling_exceptions(self.app, conn)(scope, receive, send)
    |   File "/usr/local/lib/python3.10/site-packages/starlette/_exception_handler.py", line 53, in wrapped_app
    |     raise exc
    |   File "/usr/local/lib/python3.10/site-packages/starlette/_exception_handler.py", line 42, in wrapped_app
    |     await app(scope, receive, sender)
    |   File "/usr/local/lib/python3.10/site-packages/fastapi/middleware/asyncexitstack.py", line 18, in __call__
    |     await self.app(scope, receive, send)
    |   File "/usr/local/lib/python3.10/site-packages/starlette/routing.py", line 660, in __call__
    |     await self.middleware_stack(scope, receive, send)
    |   File "/usr/local/lib/python3.10/site-packages/fastapi/routing.py", line 2692, in app
    |     await route.handle(scope, receive, send)
    |   File "/usr/local/lib/python3.10/site-packages/fastapi/routing.py", line 1773, in handle
    |     await self.original_router.handle(scope, receive, send)
    |   File "/usr/local/lib/python3.10/site-packages/fastapi/routing.py", line 2747, in handle
    |     await included_router._handle_selected(scope, receive, send)
    |   File "/usr/local/lib/python3.10/site-packages/fastapi/routing.py", line 1793, in _handle_selected
    |     await original_route.handle(scope, receive, send)
    |   File "/usr/local/lib/python3.10/site-packages/fastapi/routing.py", line 1272, in handle
    |     await app(scope, receive, send)
    |   File "/usr/local/lib/python3.10/site-packages/fastapi/routing.py", line 156, in app
    |     await wrap_app_handling_exceptions(app, request)(scope, receive, send)
    |   File "/usr/local/lib/python3.10/site-packages/starlette/_exception_handler.py", line 53, in wrapped_app
    |     raise exc
    |   File "/usr/local/lib/python3.10/site-packages/starlette/_exception_handler.py", line 42, in wrapped_app
    |     await app(scope, receive, sender)
    |   File "/usr/local/lib/python3.10/site-packages/fastapi/routing.py", line 142, in app
    |     response = await f(request)
    |   File "/usr/local/lib/python3.10/site-packages/fastapi/routing.py", line 698, in app
    |     raw_response = await run_endpoint_function(
    |   File "/usr/local/lib/python3.10/site-packages/fastapi/routing.py", line 352, in run_endpoint_function
    |     return await run_in_threadpool(dependant.call, **values)
    |   File "/usr/local/lib/python3.10/site-packages/starlette/concurrency.py", line 34, in run_in_threadpool
    |     return await anyio.to_thread.run_sync(func)
    |   File "/usr/local/lib/python3.10/site-packages/anyio/to_thread.py", line 65, in run_sync
    |     return await get_async_backend().run_sync_in_worker_thread(
    |   File "/usr/local/lib/python3.10/site-packages/anyio/_backends/_asyncio.py", line 2641, in run_sync_in_worker_thread
    |     return await future
    |   File "/usr/local/lib/python3.10/site-packages/anyio/_backends/_asyncio.py", line 1033, in run
    |     result = context.run(func, *args)
    |   File "/app/app/api/routes/dashboard_routes.py", line 28, in get_dashboard_summary
    |     priorities = db.query(AICollectionPriority).all()
    | NameError: name 'AICollectionPriority' is not defined
    +------------------------------------

The above exception was the direct cause of the following exception:

Traceback (most recent call last):
  File "/usr/local/lib/python3.10/site-packages/starlette/middleware/errors.py", line 164, in __call__
    await self.app(scope, receive, _send)
  File "/usr/local/lib/python3.10/site-packages/starlette/middleware/base.py", line 193, in __call__
    response = await self.dispatch_func(request, call_next)
  File "/app/app/main.py", line 116, in add_security_headers
    response = await call_next(request)
  File "/usr/local/lib/python3.10/site-packages/starlette/middleware/base.py", line 168, in call_next
    raise app_exc from app_exc.__cause__ or app_exc.__context__
  File "/usr/local/lib/python3.10/site-packages/starlette/middleware/base.py", line 144, in coro
    await self.app(scope, receive_or_disconnect, send_no_error)
  File "/usr/local/lib/python3.10/site-packages/starlette/middleware/base.py", line 193, in __call__
    response = await self.dispatch_func(request, call_next)
  File "/app/app/main.py", line 109, in verify_gateway_api_key
    response = await call_next(request)
  File "/usr/local/lib/python3.10/site-packages/starlette/middleware/base.py", line 168, in call_next
    raise app_exc from app_exc.__cause__ or app_exc.__context__
  File "/usr/local/lib/python3.10/site-packages/starlette/middleware/base.py", line 144, in coro
    await self.app(scope, receive_or_disconnect, send_no_error)
  File "/usr/local/lib/python3.10/site-packages/starlette/middleware/cors.py", line 88, in __call__
    await self.app(scope, receive, send)
  File "/usr/local/lib/python3.10/site-packages/starlette/middleware/exceptions.py", line 63, in __call__
    await wrap_app_handling_exceptions(self.app, conn)(scope, receive, send)
  File "/usr/local/lib/python3.10/site-packages/starlette/_exception_handler.py", line 53, in wrapped_app
    raise exc
  File "/usr/local/lib/python3.10/site-packages/starlette/_exception_handler.py", line 42, in wrapped_app
    await app(scope, receive, sender)
  File "/usr/local/lib/python3.10/site-packages/fastapi/middleware/asyncexitstack.py", line 18, in __call__
    await self.app(scope, receive, send)
  File "/usr/local/lib/python3.10/site-packages/starlette/routing.py", line 660, in __call__
    await self.middleware_stack(scope, receive, send)
  File "/usr/local/lib/python3.10/site-packages/fastapi/routing.py", line 2692, in app
    await route.handle(scope, receive, send)
  File "/usr/local/lib/python3.10/site-packages/fastapi/routing.py", line 1773, in handle
    await self.original_router.handle(scope, receive, send)
  File "/usr/local/lib/python3.10/site-packages/fastapi/routing.py", line 2747, in handle
    await included_router._handle_selected(scope, receive, send)
  File "/usr/local/lib/python3.10/site-packages/fastapi/routing.py", line 1793, in _handle_selected
    await original_route.handle(scope, receive, send)
  File "/usr/local/lib/python3.10/site-packages/fastapi/routing.py", line 1272, in handle
    await app(scope, receive, send)
  File "/usr/local/lib/python3.10/site-packages/fastapi/routing.py", line 156, in app
    await wrap_app_handling_exceptions(app, request)(scope, receive, send)
  File "/usr/local/lib/python3.10/site-packages/starlette/_exception_handler.py", line 53, in wrapped_app
    raise exc
  File "/usr/local/lib/python3.10/site-packages/starlette/_exception_handler.py", line 42, in wrapped_app
    await app(scope, receive, sender)
  File "/usr/local/lib/python3.10/site-packages/fastapi/routing.py", line 142, in app
    response = await f(request)
  File "/usr/local/lib/python3.10/site-packages/fastapi/routing.py", line 698, in app
    raw_response = await run_endpoint_function(
  File "/usr/local/lib/python3.10/site-packages/fastapi/routing.py", line 352, in run_endpoint_function
    return await run_in_threadpool(dependant.call, **values)
  File "/usr/local/lib/python3.10/site-packages/starlette/concurrency.py", line 34, in run_in_threadpool
    return await anyio.to_thread.run_sync(func)
  File "/usr/local/lib/python3.10/site-packages/anyio/to_thread.py", line 65, in run_sync
    return await get_async_backend().run_sync_in_worker_thread(
  File "/usr/local/lib/python3.10/site-packages/anyio/_backends/_asyncio.py", line 2641, in run_sync_in_worker_thread
    return await future
  File "/usr/local/lib/python3.10/site-packages/anyio/_backends/_asyncio.py", line 1033, in run
    result = context.run(func, *args)
  File "/app/app/api/routes/dashboard_routes.py", line 28, in get_dashboard_summary
    priorities = db.query(AICollectionPriority).all()
NameError: name 'AICollectionPriority' is not defined
ERROR:app.main:[a5a2e1a4-f734-4d09-b0a8-3ae891f46ac3] Unhandled exception on /api/ai/dashboard/summary: name 'AICollectionPriority' is not defined
  + Exception Group Traceback (most recent call last):
  |   File "/usr/local/lib/python3.10/site-packages/starlette/_utils.py", line 85, in create_collapsing_task_group
  |     async with anyio.create_task_group() as tg:
  |   File "/usr/local/lib/python3.10/site-packages/anyio/_backends/_asyncio.py", line 815, in __aexit__
  |     raise BaseExceptionGroup(
  | exceptiongroup.ExceptionGroup: unhandled errors in a TaskGroup (1 sub-exception)
  +-+---------------- 1 ----------------
    | Traceback (most recent call last):
    |   File "/usr/local/lib/python3.10/site-packages/starlette/middleware/errors.py", line 164, in __call__
    |     await self.app(scope, receive, _send)
    |   File "/usr/local/lib/python3.10/site-packages/starlette/middleware/base.py", line 193, in __call__
    |     response = await self.dispatch_func(request, call_next)
    |   File "/app/app/main.py", line 116, in add_security_headers
    |     response = await call_next(request)
    |   File "/usr/local/lib/python3.10/site-packages/starlette/middleware/base.py", line 168, in call_next
    |     raise app_exc from app_exc.__cause__ or app_exc.__context__
    |   File "/usr/local/lib/python3.10/site-packages/starlette/middleware/base.py", line 144, in coro
    |     await self.app(scope, receive_or_disconnect, send_no_error)
    |   File "/usr/local/lib/python3.10/site-packages/starlette/middleware/base.py", line 193, in __call__
    |     response = await self.dispatch_func(request, call_next)
    |   File "/app/app/main.py", line 109, in verify_gateway_api_key
    |     response = await call_next(request)
    |   File "/usr/local/lib/python3.10/site-packages/starlette/middleware/base.py", line 168, in call_next
    |     raise app_exc from app_exc.__cause__ or app_exc.__context__
    |   File "/usr/local/lib/python3.10/site-packages/starlette/middleware/base.py", line 144, in coro
    |     await self.app(scope, receive_or_disconnect, send_no_error)
    |   File "/usr/local/lib/python3.10/site-packages/starlette/middleware/cors.py", line 88, in __call__
    |     await self.app(scope, receive, send)
    |   File "/usr/local/lib/python3.10/site-packages/starlette/middleware/exceptions.py", line 63, in __call__
    |     await wrap_app_handling_exceptions(self.app, conn)(scope, receive, send)
    |   File "/usr/local/lib/python3.10/site-packages/starlette/_exception_handler.py", line 53, in wrapped_app
    |     raise exc
    |   File "/usr/local/lib/python3.10/site-packages/starlette/_exception_handler.py", line 42, in wrapped_app
    |     await app(scope, receive, sender)
    |   File "/usr/local/lib/python3.10/site-packages/fastapi/middleware/asyncexitstack.py", line 18, in __call__
    |     await self.app(scope, receive, send)
    |   File "/usr/local/lib/python3.10/site-packages/starlette/routing.py", line 660, in __call__
    |     await self.middleware_stack(scope, receive, send)
    |   File "/usr/local/lib/python3.10/site-packages/fastapi/routing.py", line 2692, in app
    |     await route.handle(scope, receive, send)
    |   File "/usr/local/lib/python3.10/site-packages/fastapi/routing.py", line 1773, in handle
    |     await self.original_router.handle(scope, receive, send)
    |   File "/usr/local/lib/python3.10/site-packages/fastapi/routing.py", line 2747, in handle
    |     await included_router._handle_selected(scope, receive, send)
    |   File "/usr/local/lib/python3.10/site-packages/fastapi/routing.py", line 1793, in _handle_selected
    |     await original_route.handle(scope, receive, send)
    |   File "/usr/local/lib/python3.10/site-packages/fastapi/routing.py", line 1272, in handle
    |     await app(scope, receive, send)
    |   File "/usr/local/lib/python3.10/site-packages/fastapi/routing.py", line 156, in app
    |     await wrap_app_handling_exceptions(app, request)(scope, receive, send)
    |   File "/usr/local/lib/python3.10/site-packages/starlette/_exception_handler.py", line 53, in wrapped_app
    |     raise exc
    |   File "/usr/local/lib/python3.10/site-packages/starlette/_exception_handler.py", line 42, in wrapped_app
    |     await app(scope, receive, sender)
    |   File "/usr/local/lib/python3.10/site-packages/fastapi/routing.py", line 142, in app
    |     response = await f(request)
    |   File "/usr/local/lib/python3.10/site-packages/fastapi/routing.py", line 698, in app
    |     raw_response = await run_endpoint_function(
    |   File "/usr/local/lib/python3.10/site-packages/fastapi/routing.py", line 352, in run_endpoint_function
    |     return await run_in_threadpool(dependant.call, **values)
    |   File "/usr/local/lib/python3.10/site-packages/starlette/concurrency.py", line 34, in run_in_threadpool
    |     return await anyio.to_thread.run_sync(func)
    |   File "/usr/local/lib/python3.10/site-packages/anyio/to_thread.py", line 65, in run_sync
    |     return await get_async_backend().run_sync_in_worker_thread(
    |   File "/usr/local/lib/python3.10/site-packages/anyio/_backends/_asyncio.py", line 2641, in run_sync_in_worker_thread
    |     return await future
    |   File "/usr/local/lib/python3.10/site-packages/anyio/_backends/_asyncio.py", line 1033, in run
    |     result = context.run(func, *args)
    |   File "/app/app/api/routes/dashboard_routes.py", line 28, in get_dashboard_summary
    |     priorities = db.query(AICollectionPriority).all()
    | NameError: name 'AICollectionPriority' is not defined
    +------------------------------------

The above exception was the direct cause of the following exception:

Traceback (most recent call last):
  File "/usr/local/lib/python3.10/site-packages/starlette/middleware/errors.py", line 164, in __call__
    await self.app(scope, receive, _send)
  File "/usr/local/lib/python3.10/site-packages/starlette/middleware/base.py", line 193, in __call__
    response = await self.dispatch_func(request, call_next)
  File "/app/app/main.py", line 116, in add_security_headers
    response = await call_next(request)
  File "/usr/local/lib/python3.10/site-packages/starlette/middleware/base.py", line 168, in call_next
    raise app_exc from app_exc.__cause__ or app_exc.__context__
  File "/usr/local/lib/python3.10/site-packages/starlette/middleware/base.py", line 144, in coro
    await self.app(scope, receive_or_disconnect, send_no_error)
  File "/usr/local/lib/python3.10/site-packages/starlette/middleware/base.py", line 193, in __call__
    response = await self.dispatch_func(request, call_next)
  File "/app/app/main.py", line 109, in verify_gateway_api_key
    response = await call_next(request)
  File "/usr/local/lib/python3.10/site-packages/starlette/middleware/base.py", line 168, in call_next
    raise app_exc from app_exc.__cause__ or app_exc.__context__
  File "/usr/local/lib/python3.10/site-packages/starlette/middleware/base.py", line 144, in coro
    await self.app(scope, receive_or_disconnect, send_no_error)
  File "/usr/local/lib/python3.10/site-packages/starlette/middleware/cors.py", line 88, in __call__
    await self.app(scope, receive, send)
  File "/usr/local/lib/python3.10/site-packages/starlette/middleware/exceptions.py", line 63, in __call__
    await wrap_app_handling_exceptions(self.app, conn)(scope, receive, send)
  File "/usr/local/lib/python3.10/site-packages/starlette/_exception_handler.py", line 53, in wrapped_app
    raise exc
  File "/usr/local/lib/python3.10/site-packages/starlette/_exception_handler.py", line 42, in wrapped_app
    await app(scope, receive, sender)
  File "/usr/local/lib/python3.10/site-packages/fastapi/middleware/asyncexitstack.py", line 18, in __call__
    await self.app(scope, receive, send)
  File "/usr/local/lib/python3.10/site-packages/starlette/routing.py", line 660, in __call__
    await self.middleware_stack(scope, receive, send)
  File "/usr/local/lib/python3.10/site-packages/fastapi/routing.py", line 2692, in app
    await route.handle(scope, receive, send)
  File "/usr/local/lib/python3.10/site-packages/fastapi/routing.py", line 1773, in handle
    await self.original_router.handle(scope, receive, send)
  File "/usr/local/lib/python3.10/site-packages/fastapi/routing.py", line 2747, in handle
    await included_router._handle_selected(scope, receive, send)
  File "/usr/local/lib/python3.10/site-packages/fastapi/routing.py", line 1793, in _handle_selected
    await original_route.handle(scope, receive, send)
  File "/usr/local/lib/python3.10/site-packages/fastapi/routing.py", line 1272, in handle
    await app(scope, receive, send)
  File "/usr/local/lib/python3.10/site-packages/fastapi/routing.py", line 156, in app
    await wrap_app_handling_exceptions(app, request)(scope, receive, send)
  File "/usr/local/lib/python3.10/site-packages/starlette/_exception_handler.py", line 53, in wrapped_app
    raise exc
  File "/usr/local/lib/python3.10/site-packages/starlette/_exception_handler.py", line 42, in wrapped_app
    await app(scope, receive, sender)
  File "/usr/local/lib/python3.10/site-packages/fastapi/routing.py", line 142, in app
    response = await f(request)
  File "/usr/local/lib/python3.10/site-packages/fastapi/routing.py", line 698, in app
    raw_response = await run_endpoint_function(
  File "/usr/local/lib/python3.10/site-packages/fastapi/routing.py", line 352, in run_endpoint_function
    return await run_in_threadpool(dependant.call, **values)
  File "/usr/local/lib/python3.10/site-packages/starlette/concurrency.py", line 34, in run_in_threadpool
    return await anyio.to_thread.run_sync(func)
  File "/usr/local/lib/python3.10/site-packages/anyio/to_thread.py", line 65, in run_sync
    return await get_async_backend().run_sync_in_worker_thread(
  File "/usr/local/lib/python3.10/site-packages/anyio/_backends/_asyncio.py", line 2641, in run_sync_in_worker_thread
    return await future
  File "/usr/local/lib/python3.10/site-packages/anyio/_backends/_asyncio.py", line 1033, in run
    result = context.run(func, *args)
  File "/app/app/api/routes/dashboard_routes.py", line 28, in get_dashboard_summary
    priorities = db.query(AICollectionPriority).all()
NameError: name 'AICollectionPriority' is not defined
ERROR:app.main:[68e636a9-da40-4553-b62f-abaecb1b7170] Unhandled exception on /api/ai/dashboard/summary: name 'AICollectionPriority' is not defined
  + Exception Group Traceback (most recent call last):
  |   File "/usr/local/lib/python3.10/site-packages/starlette/_utils.py", line 85, in create_collapsing_task_group
  |     async with anyio.create_task_group() as tg:
  |   File "/usr/local/lib/python3.10/site-packages/anyio/_backends/_asyncio.py", line 815, in __aexit__
  |     raise BaseExceptionGroup(
  | exceptiongroup.ExceptionGroup: unhandled errors in a TaskGroup (1 sub-exception)
  +-+---------------- 1 ----------------
    | Traceback (most recent call last):
    |   File "/usr/local/lib/python3.10/site-packages/starlette/middleware/errors.py", line 164, in __call__
    |     await self.app(scope, receive, _send)
    |   File "/usr/local/lib/python3.10/site-packages/starlette/middleware/base.py", line 193, in __call__
    |     response = await self.dispatch_func(request, call_next)
    |   File "/app/app/main.py", line 116, in add_security_headers
    |     response = await call_next(request)
    |   File "/usr/local/lib/python3.10/site-packages/starlette/middleware/base.py", line 168, in call_next
    |     raise app_exc from app_exc.__cause__ or app_exc.__context__
    |   File "/usr/local/lib/python3.10/site-packages/starlette/middleware/base.py", line 144, in coro
    |     await self.app(scope, receive_or_disconnect, send_no_error)
    |   File "/usr/local/lib/python3.10/site-packages/starlette/middleware/base.py", line 193, in __call__
    |     response = await self.dispatch_func(request, call_next)
    |   File "/app/app/main.py", line 109, in verify_gateway_api_key
    |     response = await call_next(request)
    |   File "/usr/local/lib/python3.10/site-packages/starlette/middleware/base.py", line 168, in call_next
    |     raise app_exc from app_exc.__cause__ or app_exc.__context__
    |   File "/usr/local/lib/python3.10/site-packages/starlette/middleware/base.py", line 144, in coro
    |     await self.app(scope, receive_or_disconnect, send_no_error)
    |   File "/usr/local/lib/python3.10/site-packages/starlette/middleware/cors.py", line 88, in __call__
    |     await self.app(scope, receive, send)
    |   File "/usr/local/lib/python3.10/site-packages/starlette/middleware/exceptions.py", line 63, in __call__
    |     await wrap_app_handling_exceptions(self.app, conn)(scope, receive, send)
    |   File "/usr/local/lib/python3.10/site-packages/starlette/_exception_handler.py", line 53, in wrapped_app
    |     raise exc
    |   File "/usr/local/lib/python3.10/site-packages/starlette/_exception_handler.py", line 42, in wrapped_app
    |     await app(scope, receive, sender)
    |   File "/usr/local/lib/python3.10/site-packages/fastapi/middleware/asyncexitstack.py", line 18, in __call__
    |     await self.app(scope, receive, send)
    |   File "/usr/local/lib/python3.10/site-packages/starlette/routing.py", line 660, in __call__
    |     await self.middleware_stack(scope, receive, send)
    |   File "/usr/local/lib/python3.10/site-packages/fastapi/routing.py", line 2692, in app
    |     await route.handle(scope, receive, send)
    |   File "/usr/local/lib/python3.10/site-packages/fastapi/routing.py", line 1773, in handle
    |     await self.original_router.handle(scope, receive, send)
    |   File "/usr/local/lib/python3.10/site-packages/fastapi/routing.py", line 2747, in handle
    |     await included_router._handle_selected(scope, receive, send)
    |   File "/usr/local/lib/python3.10/site-packages/fastapi/routing.py", line 1793, in _handle_selected
    |     await original_route.handle(scope, receive, send)
    |   File "/usr/local/lib/python3.10/site-packages/fastapi/routing.py", line 1272, in handle
    |     await app(scope, receive, send)
    |   File "/usr/local/lib/python3.10/site-packages/fastapi/routing.py", line 156, in app
    |     await wrap_app_handling_exceptions(app, request)(scope, receive, send)
    |   File "/usr/local/lib/python3.10/site-packages/starlette/_exception_handler.py", line 53, in wrapped_app
    |     raise exc
    |   File "/usr/local/lib/python3.10/site-packages/starlette/_exception_handler.py", line 42, in wrapped_app
    |     await app(scope, receive, sender)
    |   File "/usr/local/lib/python3.10/site-packages/fastapi/routing.py", line 142, in app
    |     response = await f(request)
    |   File "/usr/local/lib/python3.10/site-packages/fastapi/routing.py", line 698, in app
    |     raw_response = await run_endpoint_function(
    |   File "/usr/local/lib/python3.10/site-packages/fastapi/routing.py", line 352, in run_endpoint_function
    |     return await run_in_threadpool(dependant.call, **values)
    |   File "/usr/local/lib/python3.10/site-packages/starlette/concurrency.py", line 34, in run_in_threadpool
    |     return await anyio.to_thread.run_sync(func)
    |   File "/usr/local/lib/python3.10/site-packages/anyio/to_thread.py", line 65, in run_sync
    |     return await get_async_backend().run_sync_in_worker_thread(
    |   File "/usr/local/lib/python3.10/site-packages/anyio/_backends/_asyncio.py", line 2641, in run_sync_in_worker_thread
    |     return await future
    |   File "/usr/local/lib/python3.10/site-packages/anyio/_backends/_asyncio.py", line 1033, in run
    |     result = context.run(func, *args)
    |   File "/app/app/api/routes/dashboard_routes.py", line 28, in get_dashboard_summary
    |     priorities = db.query(AICollectionPriority).all()
    | NameError: name 'AICollectionPriority' is not defined
    +------------------------------------

The above exception was the direct cause of the following exception:

Traceback (most recent call last):
  File "/usr/local/lib/python3.10/site-packages/starlette/middleware/errors.py", line 164, in __call__
    await self.app(scope, receive, _send)
  File "/usr/local/lib/python3.10/site-packages/starlette/middleware/base.py", line 193, in __call__
    response = await self.dispatch_func(request, call_next)
  File "/app/app/main.py", line 116, in add_security_headers
    response = await call_next(request)
  File "/usr/local/lib/python3.10/site-packages/starlette/middleware/base.py", line 168, in call_next
    raise app_exc from app_exc.__cause__ or app_exc.__context__
  File "/usr/local/lib/python3.10/site-packages/starlette/middleware/base.py", line 144, in coro
    await self.app(scope, receive_or_disconnect, send_no_error)
  File "/usr/local/lib/python3.10/site-packages/starlette/middleware/base.py", line 193, in __call__
    response = await self.dispatch_func(request, call_next)
  File "/app/app/main.py", line 109, in verify_gateway_api_key
    response = await call_next(request)
  File "/usr/local/lib/python3.10/site-packages/starlette/middleware/base.py", line 168, in call_next
    raise app_exc from app_exc.__cause__ or app_exc.__context__
  File "/usr/local/lib/python3.10/site-packages/starlette/middleware/base.py", line 144, in coro
    await self.app(scope, receive_or_disconnect, send_no_error)
  File "/usr/local/lib/python3.10/site-packages/starlette/middleware/cors.py", line 88, in __call__
    await self.app(scope, receive, send)
  File "/usr/local/lib/python3.10/site-packages/starlette/middleware/exceptions.py", line 63, in __call__
    await wrap_app_handling_exceptions(self.app, conn)(scope, receive, send)
  File "/usr/local/lib/python3.10/site-packages/starlette/_exception_handler.py", line 53, in wrapped_app
    raise exc
  File "/usr/local/lib/python3.10/site-packages/starlette/_exception_handler.py", line 42, in wrapped_app
    await app(scope, receive, sender)
  File "/usr/local/lib/python3.10/site-packages/fastapi/middleware/asyncexitstack.py", line 18, in __call__
    await self.app(scope, receive, send)
  File "/usr/local/lib/python3.10/site-packages/starlette/routing.py", line 660, in __call__
    await self.middleware_stack(scope, receive, send)
  File "/usr/local/lib/python3.10/site-packages/fastapi/routing.py", line 2692, in app
    await route.handle(scope, receive, send)
  File "/usr/local/lib/python3.10/site-packages/fastapi/routing.py", line 1773, in handle
    await self.original_router.handle(scope, receive, send)
  File "/usr/local/lib/python3.10/site-packages/fastapi/routing.py", line 2747, in handle
    await included_router._handle_selected(scope, receive, send)
  File "/usr/local/lib/python3.10/site-packages/fastapi/routing.py", line 1793, in _handle_selected
    await original_route.handle(scope, receive, send)
  File "/usr/local/lib/python3.10/site-packages/fastapi/routing.py", line 1272, in handle
    await app(scope, receive, send)
  File "/usr/local/lib/python3.10/site-packages/fastapi/routing.py", line 156, in app
    await wrap_app_handling_exceptions(app, request)(scope, receive, send)
  File "/usr/local/lib/python3.10/site-packages/starlette/_exception_handler.py", line 53, in wrapped_app
    raise exc
  File "/usr/local/lib/python3.10/site-packages/starlette/_exception_handler.py", line 42, in wrapped_app
    await app(scope, receive, sender)
  File "/usr/local/lib/python3.10/site-packages/fastapi/routing.py", line 142, in app
    response = await f(request)
  File "/usr/local/lib/python3.10/site-packages/fastapi/routing.py", line 698, in app
    raw_response = await run_endpoint_function(
  File "/usr/local/lib/python3.10/site-packages/fastapi/routing.py", line 352, in run_endpoint_function
    return await run_in_threadpool(dependant.call, **values)
  File "/usr/local/lib/python3.10/site-packages/starlette/concurrency.py", line 34, in run_in_threadpool
    return await anyio.to_thread.run_sync(func)
  File "/usr/local/lib/python3.10/site-packages/anyio/to_thread.py", line 65, in run_sync
    return await get_async_backend().run_sync_in_worker_thread(
  File "/usr/local/lib/python3.10/site-packages/anyio/_backends/_asyncio.py", line 2641, in run_sync_in_worker_thread
    return await future
  File "/usr/local/lib/python3.10/site-packages/anyio/_backends/_asyncio.py", line 1033, in run
    result = context.run(func, *args)
  File "/app/app/api/routes/dashboard_routes.py", line 28, in get_dashboard_summary
    priorities = db.query(AICollectionPriority).all()
NameError: name 'AICollectionPriority' is not defined
ERROR:app.main:[cfcef019-4f76-41d1-91bb-bc33fcde95fa] Unhandled exception on /api/ai/dashboard/summary: name 'AICollectionPriority' is not defined
  + Exception Group Traceback (most recent call last):
  |   File "/usr/local/lib/python3.10/site-packages/starlette/_utils.py", line 85, in create_collapsing_task_group
  |     async with anyio.create_task_group() as tg:
  |   File "/usr/local/lib/python3.10/site-packages/anyio/_backends/_asyncio.py", line 815, in __aexit__
  |     raise BaseExceptionGroup(
  | exceptiongroup.ExceptionGroup: unhandled errors in a TaskGroup (1 sub-exception)
  +-+---------------- 1 ----------------
    | Traceback (most recent call last):
    |   File "/usr/local/lib/python3.10/site-packages/starlette/middleware/errors.py", line 164, in __call__
    |     await self.app(scope, receive, _send)
    |   File "/usr/local/lib/python3.10/site-packages/starlette/middleware/base.py", line 193, in __call__
    |     response = await self.dispatch_func(request, call_next)
    |   File "/app/app/main.py", line 116, in add_security_headers
    |     response = await call_next(request)
    |   File "/usr/local/lib/python3.10/site-packages/starlette/middleware/base.py", line 168, in call_next
    |     raise app_exc from app_exc.__cause__ or app_exc.__context__
    |   File "/usr/local/lib/python3.10/site-packages/starlette/middleware/base.py", line 144, in coro
    |     await self.app(scope, receive_or_disconnect, send_no_error)
    |   File "/usr/local/lib/python3.10/site-packages/starlette/middleware/base.py", line 193, in __call__
    |     response = await self.dispatch_func(request, call_next)
    |   File "/app/app/main.py", line 109, in verify_gateway_api_key
    |     response = await call_next(request)
    |   File "/usr/local/lib/python3.10/site-packages/starlette/middleware/base.py", line 168, in call_next
    |     raise app_exc from app_exc.__cause__ or app_exc.__context__
    |   File "/usr/local/lib/python3.10/site-packages/starlette/middleware/base.py", line 144, in coro
    |     await self.app(scope, receive_or_disconnect, send_no_error)
    |   File "/usr/local/lib/python3.10/site-packages/starlette/middleware/cors.py", line 88, in __call__
    |     await self.app(scope, receive, send)
    |   File "/usr/local/lib/python3.10/site-packages/starlette/middleware/exceptions.py", line 63, in __call__
    |     await wrap_app_handling_exceptions(self.app, conn)(scope, receive, send)
    |   File "/usr/local/lib/python3.10/site-packages/starlette/_exception_handler.py", line 53, in wrapped_app
    |     raise exc
    |   File "/usr/local/lib/python3.10/site-packages/starlette/_exception_handler.py", line 42, in wrapped_app
    |     await app(scope, receive, sender)
    |   File "/usr/local/lib/python3.10/site-packages/fastapi/middleware/asyncexitstack.py", line 18, in __call__
    |     await self.app(scope, receive, send)
    |   File "/usr/local/lib/python3.10/site-packages/starlette/routing.py", line 660, in __call__
    |     await self.middleware_stack(scope, receive, send)
    |   File "/usr/local/lib/python3.10/site-packages/fastapi/routing.py", line 2692, in app
    |     await route.handle(scope, receive, send)
    |   File "/usr/local/lib/python3.10/site-packages/fastapi/routing.py", line 1773, in handle
    |     await self.original_router.handle(scope, receive, send)
    |   File "/usr/local/lib/python3.10/site-packages/fastapi/routing.py", line 2747, in handle
    |     await included_router._handle_selected(scope, receive, send)
    |   File "/usr/local/lib/python3.10/site-packages/fastapi/routing.py", line 1793, in _handle_selected
    |     await original_route.handle(scope, receive, send)
    |   File "/usr/local/lib/python3.10/site-packages/fastapi/routing.py", line 1272, in handle
    |     await app(scope, receive, send)
    |   File "/usr/local/lib/python3.10/site-packages/fastapi/routing.py", line 156, in app
    |     await wrap_app_handling_exceptions(app, request)(scope, receive, send)
    |   File "/usr/local/lib/python3.10/site-packages/starlette/_exception_handler.py", line 53, in wrapped_app
    |     raise exc
    |   File "/usr/local/lib/python3.10/site-packages/starlette/_exception_handler.py", line 42, in wrapped_app
    |     await app(scope, receive, sender)
    |   File "/usr/local/lib/python3.10/site-packages/fastapi/routing.py", line 142, in app
    |     response = await f(request)
    |   File "/usr/local/lib/python3.10/site-packages/fastapi/routing.py", line 698, in app
    |     raw_response = await run_endpoint_function(
    |   File "/usr/local/lib/python3.10/site-packages/fastapi/routing.py", line 352, in run_endpoint_function
    |     return await run_in_threadpool(dependant.call, **values)
    |   File "/usr/local/lib/python3.10/site-packages/starlette/concurrency.py", line 34, in run_in_threadpool
    |     return await anyio.to_thread.run_sync(func)
    |   File "/usr/local/lib/python3.10/site-packages/anyio/to_thread.py", line 65, in run_sync
    |     return await get_async_backend().run_sync_in_worker_thread(
    |   File "/usr/local/lib/python3.10/site-packages/anyio/_backends/_asyncio.py", line 2641, in run_sync_in_worker_thread
    |     return await future
    |   File "/usr/local/lib/python3.10/site-packages/anyio/_backends/_asyncio.py", line 1033, in run
    |     result = context.run(func, *args)
    |   File "/app/app/api/routes/dashboard_routes.py", line 28, in get_dashboard_summary
    |     priorities = db.query(AICollectionPriority).all()
    | NameError: name 'AICollectionPriority' is not defined
    +------------------------------------

The above exception was the direct cause of the following exception:

Traceback (most recent call last):
  File "/usr/local/lib/python3.10/site-packages/starlette/middleware/errors.py", line 164, in __call__
    await self.app(scope, receive, _send)
  File "/usr/local/lib/python3.10/site-packages/starlette/middleware/base.py", line 193, in __call__
    response = await self.dispatch_func(request, call_next)
  File "/app/app/main.py", line 116, in add_security_headers
    response = await call_next(request)
  File "/usr/local/lib/python3.10/site-packages/starlette/middleware/base.py", line 168, in call_next
    raise app_exc from app_exc.__cause__ or app_exc.__context__
  File "/usr/local/lib/python3.10/site-packages/starlette/middleware/base.py", line 144, in coro
    await self.app(scope, receive_or_disconnect, send_no_error)
  File "/usr/local/lib/python3.10/site-packages/starlette/middleware/base.py", line 193, in __call__
    response = await self.dispatch_func(request, call_next)
  File "/app/app/main.py", line 109, in verify_gateway_api_key
    response = await call_next(request)
  File "/usr/local/lib/python3.10/site-packages/starlette/middleware/base.py", line 168, in call_next
    raise app_exc from app_exc.__cause__ or app_exc.__context__
  File "/usr/local/lib/python3.10/site-packages/starlette/middleware/base.py", line 144, in coro
    await self.app(scope, receive_or_disconnect, send_no_error)
  File "/usr/local/lib/python3.10/site-packages/starlette/middleware/cors.py", line 88, in __call__
    await self.app(scope, receive, send)
  File "/usr/local/lib/python3.10/site-packages/starlette/middleware/exceptions.py", line 63, in __call__
    await wrap_app_handling_exceptions(self.app, conn)(scope, receive, send)
  File "/usr/local/lib/python3.10/site-packages/starlette/_exception_handler.py", line 53, in wrapped_app
    raise exc
  File "/usr/local/lib/python3.10/site-packages/starlette/_exception_handler.py", line 42, in wrapped_app
    await app(scope, receive, sender)
  File "/usr/local/lib/python3.10/site-packages/fastapi/middleware/asyncexitstack.py", line 18, in __call__
    await self.app(scope, receive, send)
  File "/usr/local/lib/python3.10/site-packages/starlette/routing.py", line 660, in __call__
    await self.middleware_stack(scope, receive, send)
  File "/usr/local/lib/python3.10/site-packages/fastapi/routing.py", line 2692, in app
    await route.handle(scope, receive, send)
  File "/usr/local/lib/python3.10/site-packages/fastapi/routing.py", line 1773, in handle
    await self.original_router.handle(scope, receive, send)
  File "/usr/local/lib/python3.10/site-packages/fastapi/routing.py", line 2747, in handle
    await included_router._handle_selected(scope, receive, send)
  File "/usr/local/lib/python3.10/site-packages/fastapi/routing.py", line 1793, in _handle_selected
    await original_route.handle(scope, receive, send)
  File "/usr/local/lib/python3.10/site-packages/fastapi/routing.py", line 1272, in handle
    await app(scope, receive, send)
  File "/usr/local/lib/python3.10/site-packages/fastapi/routing.py", line 156, in app
    await wrap_app_handling_exceptions(app, request)(scope, receive, send)
  File "/usr/local/lib/python3.10/site-packages/starlette/_exception_handler.py", line 53, in wrapped_app
    raise exc
  File "/usr/local/lib/python3.10/site-packages/starlette/_exception_handler.py", line 42, in wrapped_app
    await app(scope, receive, sender)
  File "/usr/local/lib/python3.10/site-packages/fastapi/routing.py", line 142, in app
    response = await f(request)
  File "/usr/local/lib/python3.10/site-packages/fastapi/routing.py", line 698, in app
    raw_response = await run_endpoint_function(
  File "/usr/local/lib/python3.10/site-packages/fastapi/routing.py", line 352, in run_endpoint_function
    return await run_in_threadpool(dependant.call, **values)
  File "/usr/local/lib/python3.10/site-packages/starlette/concurrency.py", line 34, in run_in_threadpool
    return await anyio.to_thread.run_sync(func)
  File "/usr/local/lib/python3.10/site-packages/anyio/to_thread.py", line 65, in run_sync
    return await get_async_backend().run_sync_in_worker_thread(
  File "/usr/local/lib/python3.10/site-packages/anyio/_backends/_asyncio.py", line 2641, in run_sync_in_worker_thread
    return await future
  File "/usr/local/lib/python3.10/site-packages/anyio/_backends/_asyncio.py", line 1033, in run
    result = context.run(func, *args)
  File "/app/app/api/routes/dashboard_routes.py", line 28, in get_dashboard_summary
    priorities = db.query(AICollectionPriority).all()
NameError: name 'AICollectionPriority' is not defined
ERROR:app.main:[f25ba5c8-4857-428e-91f5-37d25f670576] Unhandled exception on /api/ai/dashboard/summary: name 'AICollectionPriority' is not defined
  + Exception Group Traceback (most recent call last):
  |   File "/usr/local/lib/python3.10/site-packages/starlette/_utils.py", line 85, in create_collapsing_task_group
  |     async with anyio.create_task_group() as tg:
  |   File "/usr/local/lib/python3.10/site-packages/anyio/_backends/_asyncio.py", line 815, in __aexit__
  |     raise BaseExceptionGroup(
  | exceptiongroup.ExceptionGroup: unhandled errors in a TaskGroup (1 sub-exception)
  +-+---------------- 1 ----------------
    | Traceback (most recent call last):
    |   File "/usr/local/lib/python3.10/site-packages/starlette/middleware/errors.py", line 164, in __call__
    |     await self.app(scope, receive, _send)
    |   File "/usr/local/lib/python3.10/site-packages/starlette/middleware/base.py", line 193, in __call__
    |     response = await self.dispatch_func(request, call_next)
    |   File "/app/app/main.py", line 116, in add_security_headers
    |     response = await call_next(request)
    |   File "/usr/local/lib/python3.10/site-packages/starlette/middleware/base.py", line 168, in call_next
    |     raise app_exc from app_exc.__cause__ or app_exc.__context__
    |   File "/usr/local/lib/python3.10/site-packages/starlette/middleware/base.py", line 144, in coro
    |     await self.app(scope, receive_or_disconnect, send_no_error)
    |   File "/usr/local/lib/python3.10/site-packages/starlette/middleware/base.py", line 193, in __call__
    |     response = await self.dispatch_func(request, call_next)
    |   File "/app/app/main.py", line 109, in verify_gateway_api_key
    |     response = await call_next(request)
    |   File "/usr/local/lib/python3.10/site-packages/starlette/middleware/base.py", line 168, in call_next
    |     raise app_exc from app_exc.__cause__ or app_exc.__context__
    |   File "/usr/local/lib/python3.10/site-packages/starlette/middleware/base.py", line 144, in coro
    |     await self.app(scope, receive_or_disconnect, send_no_error)
    |   File "/usr/local/lib/python3.10/site-packages/starlette/middleware/cors.py", line 88, in __call__
    |     await self.app(scope, receive, send)
    |   File "/usr/local/lib/python3.10/site-packages/starlette/middleware/exceptions.py", line 63, in __call__
    |     await wrap_app_handling_exceptions(self.app, conn)(scope, receive, send)
    |   File "/usr/local/lib/python3.10/site-packages/starlette/_exception_handler.py", line 53, in wrapped_app
    |     raise exc
    |   File "/usr/local/lib/python3.10/site-packages/starlette/_exception_handler.py", line 42, in wrapped_app
    |     await app(scope, receive, sender)
    |   File "/usr/local/lib/python3.10/site-packages/fastapi/middleware/asyncexitstack.py", line 18, in __call__
    |     await self.app(scope, receive, send)
    |   File "/usr/local/lib/python3.10/site-packages/starlette/routing.py", line 660, in __call__
    |     await self.middleware_stack(scope, receive, send)
    |   File "/usr/local/lib/python3.10/site-packages/fastapi/routing.py", line 2692, in app
    |     await route.handle(scope, receive, send)
    |   File "/usr/local/lib/python3.10/site-packages/fastapi/routing.py", line 1773, in handle
    |     await self.original_router.handle(scope, receive, send)
    |   File "/usr/local/lib/python3.10/site-packages/fastapi/routing.py", line 2747, in handle
    |     await included_router._handle_selected(scope, receive, send)
    |   File "/usr/local/lib/python3.10/site-packages/fastapi/routing.py", line 1793, in _handle_selected
    |     await original_route.handle(scope, receive, send)
    |   File "/usr/local/lib/python3.10/site-packages/fastapi/routing.py", line 1272, in handle
    |     await app(scope, receive, send)
    |   File "/usr/local/lib/python3.10/site-packages/fastapi/routing.py", line 156, in app
    |     await wrap_app_handling_exceptions(app, request)(scope, receive, send)
    |   File "/usr/local/lib/python3.10/site-packages/starlette/_exception_handler.py", line 53, in wrapped_app
    |     raise exc
    |   File "/usr/local/lib/python3.10/site-packages/starlette/_exception_handler.py", line 42, in wrapped_app
    |     await app(scope, receive, sender)
    |   File "/usr/local/lib/python3.10/site-packages/fastapi/routing.py", line 142, in app
    |     response = await f(request)
    |   File "/usr/local/lib/python3.10/site-packages/fastapi/routing.py", line 698, in app
    |     raw_response = await run_endpoint_function(
    |   File "/usr/local/lib/python3.10/site-packages/fastapi/routing.py", line 352, in run_endpoint_function
    |     return await run_in_threadpool(dependant.call, **values)
    |   File "/usr/local/lib/python3.10/site-packages/starlette/concurrency.py", line 34, in run_in_threadpool
    |     return await anyio.to_thread.run_sync(func)
    |   File "/usr/local/lib/python3.10/site-packages/anyio/to_thread.py", line 65, in run_sync
    |     return await get_async_backend().run_sync_in_worker_thread(
    |   File "/usr/local/lib/python3.10/site-packages/anyio/_backends/_asyncio.py", line 2641, in run_sync_in_worker_thread
    |     return await future
    |   File "/usr/local/lib/python3.10/site-packages/anyio/_backends/_asyncio.py", line 1033, in run
    |     result = context.run(func, *args)
    |   File "/app/app/api/routes/dashboard_routes.py", line 28, in get_dashboard_summary
    |     priorities = db.query(AICollectionPriority).all()
    | NameError: name 'AICollectionPriority' is not defined
    +------------------------------------

The above exception was the direct cause of the following exception:

Traceback (most recent call last):
  File "/usr/local/lib/python3.10/site-packages/starlette/middleware/errors.py", line 164, in __call__
    await self.app(scope, receive, _send)
  File "/usr/local/lib/python3.10/site-packages/starlette/middleware/base.py", line 193, in __call__
    response = await self.dispatch_func(request, call_next)
  File "/app/app/main.py", line 116, in add_security_headers
    response = await call_next(request)
  File "/usr/local/lib/python3.10/site-packages/starlette/middleware/base.py", line 168, in call_next
    raise app_exc from app_exc.__cause__ or app_exc.__context__
  File "/usr/local/lib/python3.10/site-packages/starlette/middleware/base.py", line 144, in coro
    await self.app(scope, receive_or_disconnect, send_no_error)
  File "/usr/local/lib/python3.10/site-packages/starlette/middleware/base.py", line 193, in __call__
    response = await self.dispatch_func(request, call_next)
  File "/app/app/main.py", line 109, in verify_gateway_api_key
    response = await call_next(request)
  File "/usr/local/lib/python3.10/site-packages/starlette/middleware/base.py", line 168, in call_next
    raise app_exc from app_exc.__cause__ or app_exc.__context__
  File "/usr/local/lib/python3.10/site-packages/starlette/middleware/base.py", line 144, in coro
    await self.app(scope, receive_or_disconnect, send_no_error)
  File "/usr/local/lib/python3.10/site-packages/starlette/middleware/cors.py", line 88, in __call__
    await self.app(scope, receive, send)
  File "/usr/local/lib/python3.10/site-packages/starlette/middleware/exceptions.py", line 63, in __call__
    await wrap_app_handling_exceptions(self.app, conn)(scope, receive, send)
  File "/usr/local/lib/python3.10/site-packages/starlette/_exception_handler.py", line 53, in wrapped_app
    raise exc
  File "/usr/local/lib/python3.10/site-packages/starlette/_exception_handler.py", line 42, in wrapped_app
    await app(scope, receive, sender)
  File "/usr/local/lib/python3.10/site-packages/fastapi/middleware/asyncexitstack.py", line 18, in __call__
    await self.app(scope, receive, send)
  File "/usr/local/lib/python3.10/site-packages/starlette/routing.py", line 660, in __call__
    await self.middleware_stack(scope, receive, send)
  File "/usr/local/lib/python3.10/site-packages/fastapi/routing.py", line 2692, in app
    await route.handle(scope, receive, send)
  File "/usr/local/lib/python3.10/site-packages/fastapi/routing.py", line 1773, in handle
    await self.original_router.handle(scope, receive, send)
  File "/usr/local/lib/python3.10/site-packages/fastapi/routing.py", line 2747, in handle
    await included_router._handle_selected(scope, receive, send)
  File "/usr/local/lib/python3.10/site-packages/fastapi/routing.py", line 1793, in _handle_selected
    await original_route.handle(scope, receive, send)
  File "/usr/local/lib/python3.10/site-packages/fastapi/routing.py", line 1272, in handle
    await app(scope, receive, send)
  File "/usr/local/lib/python3.10/site-packages/fastapi/routing.py", line 156, in app
    await wrap_app_handling_exceptions(app, request)(scope, receive, send)
  File "/usr/local/lib/python3.10/site-packages/starlette/_exception_handler.py", line 53, in wrapped_app
    raise exc
  File "/usr/local/lib/python3.10/site-packages/starlette/_exception_handler.py", line 42, in wrapped_app
    await app(scope, receive, sender)
  File "/usr/local/lib/python3.10/site-packages/fastapi/routing.py", line 142, in app
    response = await f(request)
  File "/usr/local/lib/python3.10/site-packages/fastapi/routing.py", line 698, in app
    raw_response = await run_endpoint_function(
  File "/usr/local/lib/python3.10/site-packages/fastapi/routing.py", line 352, in run_endpoint_function
    return await run_in_threadpool(dependant.call, **values)
  File "/usr/local/lib/python3.10/site-packages/starlette/concurrency.py", line 34, in run_in_threadpool
    return await anyio.to_thread.run_sync(func)
  File "/usr/local/lib/python3.10/site-packages/anyio/to_thread.py", line 65, in run_sync
    return await get_async_backend().run_sync_in_worker_thread(
  File "/usr/local/lib/python3.10/site-packages/anyio/_backends/_asyncio.py", line 2641, in run_sync_in_worker_thread
    return await future
  File "/usr/local/lib/python3.10/site-packages/anyio/_backends/_asyncio.py", line 1033, in run
    result = context.run(func, *args)
  File "/app/app/api/routes/dashboard_routes.py", line 28, in get_dashboard_summary
    priorities = db.query(AICollectionPriority).all()
NameError: name 'AICollectionPriority' is not defined
ERROR:app.main:[38aae0e7-ddf9-4db4-954f-09c92a98c896] Unhandled exception on /api/ai/dashboard/summary: name 'AICollectionPriority' is not defined
  + Exception Group Traceback (most recent call last):
  |   File "/usr/local/lib/python3.10/site-packages/starlette/_utils.py", line 85, in create_collapsing_task_group
  |     async with anyio.create_task_group() as tg:
  |   File "/usr/local/lib/python3.10/site-packages/anyio/_backends/_asyncio.py", line 815, in __aexit__
  |     raise BaseExceptionGroup(
  | exceptiongroup.ExceptionGroup: unhandled errors in a TaskGroup (1 sub-exception)
  +-+---------------- 1 ----------------
    | Traceback (most recent call last):
    |   File "/usr/local/lib/python3.10/site-packages/starlette/middleware/errors.py", line 164, in __call__
    |     await self.app(scope, receive, _send)
    |   File "/usr/local/lib/python3.10/site-packages/starlette/middleware/base.py", line 193, in __call__
    |     response = await self.dispatch_func(request, call_next)
    |   File "/app/app/main.py", line 116, in add_security_headers
    |     response = await call_next(request)
    |   File "/usr/local/lib/python3.10/site-packages/starlette/middleware/base.py", line 168, in call_next
    |     raise app_exc from app_exc.__cause__ or app_exc.__context__
    |   File "/usr/local/lib/python3.10/site-packages/starlette/middleware/base.py", line 144, in coro
    |     await self.app(scope, receive_or_disconnect, send_no_error)
    |   File "/usr/local/lib/python3.10/site-packages/starlette/middleware/base.py", line 193, in __call__
    |     response = await self.dispatch_func(request, call_next)
    |   File "/app/app/main.py", line 109, in verify_gateway_api_key
    |     response = await call_next(request)
    |   File "/usr/local/lib/python3.10/site-packages/starlette/middleware/base.py", line 168, in call_next
    |     raise app_exc from app_exc.__cause__ or app_exc.__context__
    |   File "/usr/local/lib/python3.10/site-packages/starlette/middleware/base.py", line 144, in coro
    |     await self.app(scope, receive_or_disconnect, send_no_error)
    |   File "/usr/local/lib/python3.10/site-packages/starlette/middleware/cors.py", line 88, in __call__
    |     await self.app(scope, receive, send)
    |   File "/usr/local/lib/python3.10/site-packages/starlette/middleware/exceptions.py", line 63, in __call__
    |     await wrap_app_handling_exceptions(self.app, conn)(scope, receive, send)
    |   File "/usr/local/lib/python3.10/site-packages/starlette/_exception_handler.py", line 53, in wrapped_app
    |     raise exc
    |   File "/usr/local/lib/python3.10/site-packages/starlette/_exception_handler.py", line 42, in wrapped_app
    |     await app(scope, receive, sender)
    |   File "/usr/local/lib/python3.10/site-packages/fastapi/middleware/asyncexitstack.py", line 18, in __call__
    |     await self.app(scope, receive, send)
    |   File "/usr/local/lib/python3.10/site-packages/starlette/routing.py", line 660, in __call__
    |     await self.middleware_stack(scope, receive, send)
    |   File "/usr/local/lib/python3.10/site-packages/fastapi/routing.py", line 2692, in app
    |     await route.handle(scope, receive, send)
    |   File "/usr/local/lib/python3.10/site-packages/fastapi/routing.py", line 1773, in handle
    |     await self.original_router.handle(scope, receive, send)
    |   File "/usr/local/lib/python3.10/site-packages/fastapi/routing.py", line 2747, in handle
    |     await included_router._handle_selected(scope, receive, send)
    |   File "/usr/local/lib/python3.10/site-packages/fastapi/routing.py", line 1793, in _handle_selected
    |     await original_route.handle(scope, receive, send)
    |   File "/usr/local/lib/python3.10/site-packages/fastapi/routing.py", line 1272, in handle
    |     await app(scope, receive, send)
    |   File "/usr/local/lib/python3.10/site-packages/fastapi/routing.py", line 156, in app
    |     await wrap_app_handling_exceptions(app, request)(scope, receive, send)
    |   File "/usr/local/lib/python3.10/site-packages/starlette/_exception_handler.py", line 53, in wrapped_app
    |     raise exc
    |   File "/usr/local/lib/python3.10/site-packages/starlette/_exception_handler.py", line 42, in wrapped_app
    |     await app(scope, receive, sender)
    |   File "/usr/local/lib/python3.10/site-packages/fastapi/routing.py", line 142, in app
    |     response = await f(request)
    |   File "/usr/local/lib/python3.10/site-packages/fastapi/routing.py", line 698, in app
    |     raw_response = await run_endpoint_function(
    |   File "/usr/local/lib/python3.10/site-packages/fastapi/routing.py", line 352, in run_endpoint_function
    |     return await run_in_threadpool(dependant.call, **values)
    |   File "/usr/local/lib/python3.10/site-packages/starlette/concurrency.py", line 34, in run_in_threadpool
    |     return await anyio.to_thread.run_sync(func)
    |   File "/usr/local/lib/python3.10/site-packages/anyio/to_thread.py", line 65, in run_sync
    |     return await get_async_backend().run_sync_in_worker_thread(
    |   File "/usr/local/lib/python3.10/site-packages/anyio/_backends/_asyncio.py", line 2641, in run_sync_in_worker_thread
    |     return await future
    |   File "/usr/local/lib/python3.10/site-packages/anyio/_backends/_asyncio.py", line 1033, in run
    |     result = context.run(func, *args)
    |   File "/app/app/api/routes/dashboard_routes.py", line 28, in get_dashboard_summary
    |     priorities = db.query(AICollectionPriority).all()
    | NameError: name 'AICollectionPriority' is not defined
    +------------------------------------

The above exception was the direct cause of the following exception:

Traceback (most recent call last):
  File "/usr/local/lib/python3.10/site-packages/starlette/middleware/errors.py", line 164, in __call__
    await self.app(scope, receive, _send)
  File "/usr/local/lib/python3.10/site-packages/starlette/middleware/base.py", line 193, in __call__
    response = await self.dispatch_func(request, call_next)
  File "/app/app/main.py", line 116, in add_security_headers
    response = await call_next(request)
  File "/usr/local/lib/python3.10/site-packages/starlette/middleware/base.py", line 168, in call_next
    raise app_exc from app_exc.__cause__ or app_exc.__context__
  File "/usr/local/lib/python3.10/site-packages/starlette/middleware/base.py", line 144, in coro
    await self.app(scope, receive_or_disconnect, send_no_error)
  File "/usr/local/lib/python3.10/site-packages/starlette/middleware/base.py", line 193, in __call__
    response = await self.dispatch_func(request, call_next)
  File "/app/app/main.py", line 109, in verify_gateway_api_key
    response = await call_next(request)
  File "/usr/local/lib/python3.10/site-packages/starlette/middleware/base.py", line 168, in call_next
    raise app_exc from app_exc.__cause__ or app_exc.__context__
  File "/usr/local/lib/python3.10/site-packages/starlette/middleware/base.py", line 144, in coro
    await self.app(scope, receive_or_disconnect, send_no_error)
  File "/usr/local/lib/python3.10/site-packages/starlette/middleware/cors.py", line 88, in __call__
    await self.app(scope, receive, send)
  File "/usr/local/lib/python3.10/site-packages/starlette/middleware/exceptions.py", line 63, in __call__
    await wrap_app_handling_exceptions(self.app, conn)(scope, receive, send)
  File "/usr/local/lib/python3.10/site-packages/starlette/_exception_handler.py", line 53, in wrapped_app
    raise exc
  File "/usr/local/lib/python3.10/site-packages/starlette/_exception_handler.py", line 42, in wrapped_app
    await app(scope, receive, sender)
  File "/usr/local/lib/python3.10/site-packages/fastapi/middleware/asyncexitstack.py", line 18, in __call__
    await self.app(scope, receive, send)
  File "/usr/local/lib/python3.10/site-packages/starlette/routing.py", line 660, in __call__
    await self.middleware_stack(scope, receive, send)
  File "/usr/local/lib/python3.10/site-packages/fastapi/routing.py", line 2692, in app
    await route.handle(scope, receive, send)
  File "/usr/local/lib/python3.10/site-packages/fastapi/routing.py", line 1773, in handle
    await self.original_router.handle(scope, receive, send)
  File "/usr/local/lib/python3.10/site-packages/fastapi/routing.py", line 2747, in handle
    await included_router._handle_selected(scope, receive, send)
  File "/usr/local/lib/python3.10/site-packages/fastapi/routing.py", line 1793, in _handle_selected
    await original_route.handle(scope, receive, send)
  File "/usr/local/lib/python3.10/site-packages/fastapi/routing.py", line 1272, in handle
    await app(scope, receive, send)
  File "/usr/local/lib/python3.10/site-packages/fastapi/routing.py", line 156, in app
    await wrap_app_handling_exceptions(app, request)(scope, receive, send)
  File "/usr/local/lib/python3.10/site-packages/starlette/_exception_handler.py", line 53, in wrapped_app
    raise exc
  File "/usr/local/lib/python3.10/site-packages/starlette/_exception_handler.py", line 42, in wrapped_app
    await app(scope, receive, sender)
  File "/usr/local/lib/python3.10/site-packages/fastapi/routing.py", line 142, in app
    response = await f(request)
  File "/usr/local/lib/python3.10/site-packages/fastapi/routing.py", line 698, in app
    raw_response = await run_endpoint_function(
  File "/usr/local/lib/python3.10/site-packages/fastapi/routing.py", line 352, in run_endpoint_function
    return await run_in_threadpool(dependant.call, **values)
  File "/usr/local/lib/python3.10/site-packages/starlette/concurrency.py", line 34, in run_in_threadpool
    return await anyio.to_thread.run_sync(func)
  File "/usr/local/lib/python3.10/site-packages/anyio/to_thread.py", line 65, in run_sync
    return await get_async_backend().run_sync_in_worker_thread(
  File "/usr/local/lib/python3.10/site-packages/anyio/_backends/_asyncio.py", line 2641, in run_sync_in_worker_thread
    return await future
  File "/usr/local/lib/python3.10/site-packages/anyio/_backends/_asyncio.py", line 1033, in run
    result = context.run(func, *args)
  File "/app/app/api/routes/dashboard_routes.py", line 28, in get_dashboard_summary
    priorities = db.query(AICollectionPriority).all()
NameError: name 'AICollectionPriority' is not defined
ERROR:app.main:[898c37d7-ca39-4e43-932a-f060ad469347] Unhandled exception on /api/ai/dashboard/summary: name 'AICollectionPriority' is not defined
  + Exception Group Traceback (most recent call last):
  |   File "/usr/local/lib/python3.10/site-packages/starlette/_utils.py", line 85, in create_collapsing_task_group
  |     async with anyio.create_task_group() as tg:
  |   File "/usr/local/lib/python3.10/site-packages/anyio/_backends/_asyncio.py", line 815, in __aexit__
  |     raise BaseExceptionGroup(
  | exceptiongroup.ExceptionGroup: unhandled errors in a TaskGroup (1 sub-exception)
  +-+---------------- 1 ----------------
    | Traceback (most recent call last):
    |   File "/usr/local/lib/python3.10/site-packages/starlette/middleware/errors.py", line 164, in __call__
    |     await self.app(scope, receive, _send)
    |   File "/usr/local/lib/python3.10/site-packages/starlette/middleware/base.py", line 193, in __call__
    |     response = await self.dispatch_func(request, call_next)
    |   File "/app/app/main.py", line 116, in add_security_headers
    |     response = await call_next(request)
    |   File "/usr/local/lib/python3.10/site-packages/starlette/middleware/base.py", line 168, in call_next
    |     raise app_exc from app_exc.__cause__ or app_exc.__context__
    |   File "/usr/local/lib/python3.10/site-packages/starlette/middleware/base.py", line 144, in coro
    |     await self.app(scope, receive_or_disconnect, send_no_error)
    |   File "/usr/local/lib/python3.10/site-packages/starlette/middleware/base.py", line 193, in __call__
    |     response = await self.dispatch_func(request, call_next)
    |   File "/app/app/main.py", line 109, in verify_gateway_api_key
    |     response = await call_next(request)
    |   File "/usr/local/lib/python3.10/site-packages/starlette/middleware/base.py", line 168, in call_next
    |     raise app_exc from app_exc.__cause__ or app_exc.__context__
    |   File "/usr/local/lib/python3.10/site-packages/starlette/middleware/base.py", line 144, in coro
    |     await self.app(scope, receive_or_disconnect, send_no_error)
    |   File "/usr/local/lib/python3.10/site-packages/starlette/middleware/cors.py", line 88, in __call__
    |     await self.app(scope, receive, send)
    |   File "/usr/local/lib/python3.10/site-packages/starlette/middleware/exceptions.py", line 63, in __call__
    |     await wrap_app_handling_exceptions(self.app, conn)(scope, receive, send)
    |   File "/usr/local/lib/python3.10/site-packages/starlette/_exception_handler.py", line 53, in wrapped_app
    |     raise exc
    |   File "/usr/local/lib/python3.10/site-packages/starlette/_exception_handler.py", line 42, in wrapped_app
    |     await app(scope, receive, sender)
    |   File "/usr/local/lib/python3.10/site-packages/fastapi/middleware/asyncexitstack.py", line 18, in __call__
    |     await self.app(scope, receive, send)
    |   File "/usr/local/lib/python3.10/site-packages/starlette/routing.py", line 660, in __call__
    |     await self.middleware_stack(scope, receive, send)
    |   File "/usr/local/lib/python3.10/site-packages/fastapi/routing.py", line 2692, in app
    |     await route.handle(scope, receive, send)
    |   File "/usr/local/lib/python3.10/site-packages/fastapi/routing.py", line 1773, in handle
    |     await self.original_router.handle(scope, receive, send)
    |   File "/usr/local/lib/python3.10/site-packages/fastapi/routing.py", line 2747, in handle
    |     await included_router._handle_selected(scope, receive, send)
    |   File "/usr/local/lib/python3.10/site-packages/fastapi/routing.py", line 1793, in _handle_selected
    |     await original_route.handle(scope, receive, send)
    |   File "/usr/local/lib/python3.10/site-packages/fastapi/routing.py", line 1272, in handle
    |     await app(scope, receive, send)
    |   File "/usr/local/lib/python3.10/site-packages/fastapi/routing.py", line 156, in app
    |     await wrap_app_handling_exceptions(app, request)(scope, receive, send)
    |   File "/usr/local/lib/python3.10/site-packages/starlette/_exception_handler.py", line 53, in wrapped_app
    |     raise exc
    |   File "/usr/local/lib/python3.10/site-packages/starlette/_exception_handler.py", line 42, in wrapped_app
    |     await app(scope, receive, sender)
    |   File "/usr/local/lib/python3.10/site-packages/fastapi/routing.py", line 142, in app
    |     response = await f(request)
    |   File "/usr/local/lib/python3.10/site-packages/fastapi/routing.py", line 698, in app
    |     raw_response = await run_endpoint_function(
    |   File "/usr/local/lib/python3.10/site-packages/fastapi/routing.py", line 352, in run_endpoint_function
    |     return await run_in_threadpool(dependant.call, **values)
    |   File "/usr/local/lib/python3.10/site-packages/starlette/concurrency.py", line 34, in run_in_threadpool
    |     return await anyio.to_thread.run_sync(func)
    |   File "/usr/local/lib/python3.10/site-packages/anyio/to_thread.py", line 65, in run_sync
    |     return await get_async_backend().run_sync_in_worker_thread(
    |   File "/usr/local/lib/python3.10/site-packages/anyio/_backends/_asyncio.py", line 2641, in run_sync_in_worker_thread
    |     return await future
    |   File "/usr/local/lib/python3.10/site-packages/anyio/_backends/_asyncio.py", line 1033, in run
    |     result = context.run(func, *args)
    |   File "/app/app/api/routes/dashboard_routes.py", line 28, in get_dashboard_summary
    |     priorities = db.query(AICollectionPriority).all()
    | NameError: name 'AICollectionPriority' is not defined
    +------------------------------------

The above exception was the direct cause of the following exception:

Traceback (most recent call last):
  File "/usr/local/lib/python3.10/site-packages/starlette/middleware/errors.py", line 164, in __call__
    await self.app(scope, receive, _send)
  File "/usr/local/lib/python3.10/site-packages/starlette/middleware/base.py", line 193, in __call__
    response = await self.dispatch_func(request, call_next)
  File "/app/app/main.py", line 116, in add_security_headers
    response = await call_next(request)
  File "/usr/local/lib/python3.10/site-packages/starlette/middleware/base.py", line 168, in call_next
    raise app_exc from app_exc.__cause__ or app_exc.__context__
  File "/usr/local/lib/python3.10/site-packages/starlette/middleware/base.py", line 144, in coro
    await self.app(scope, receive_or_disconnect, send_no_error)
  File "/usr/local/lib/python3.10/site-packages/starlette/middleware/base.py", line 193, in __call__
    response = await self.dispatch_func(request, call_next)
  File "/app/app/main.py", line 109, in verify_gateway_api_key
    response = await call_next(request)
  File "/usr/local/lib/python3.10/site-packages/starlette/middleware/base.py", line 168, in call_next
    raise app_exc from app_exc.__cause__ or app_exc.__context__
  File "/usr/local/lib/python3.10/site-packages/starlette/middleware/base.py", line 144, in coro
    await self.app(scope, receive_or_disconnect, send_no_error)
  File "/usr/local/lib/python3.10/site-packages/starlette/middleware/cors.py", line 88, in __call__
    await self.app(scope, receive, send)
  File "/usr/local/lib/python3.10/site-packages/starlette/middleware/exceptions.py", line 63, in __call__
    await wrap_app_handling_exceptions(self.app, conn)(scope, receive, send)
  File "/usr/local/lib/python3.10/site-packages/starlette/_exception_handler.py", line 53, in wrapped_app
    raise exc
  File "/usr/local/lib/python3.10/site-packages/starlette/_exception_handler.py", line 42, in wrapped_app
    await app(scope, receive, sender)
  File "/usr/local/lib/python3.10/site-packages/fastapi/middleware/asyncexitstack.py", line 18, in __call__
    await self.app(scope, receive, send)
  File "/usr/local/lib/python3.10/site-packages/starlette/routing.py", line 660, in __call__
    await self.middleware_stack(scope, receive, send)
  File "/usr/local/lib/python3.10/site-packages/fastapi/routing.py", line 2692, in app
    await route.handle(scope, receive, send)
  File "/usr/local/lib/python3.10/site-packages/fastapi/routing.py", line 1773, in handle
    await self.original_router.handle(scope, receive, send)
  File "/usr/local/lib/python3.10/site-packages/fastapi/routing.py", line 2747, in handle
    await included_router._handle_selected(scope, receive, send)
  File "/usr/local/lib/python3.10/site-packages/fastapi/routing.py", line 1793, in _handle_selected
    await original_route.handle(scope, receive, send)
  File "/usr/local/lib/python3.10/site-packages/fastapi/routing.py", line 1272, in handle
    await app(scope, receive, send)
  File "/usr/local/lib/python3.10/site-packages/fastapi/routing.py", line 156, in app
    await wrap_app_handling_exceptions(app, request)(scope, receive, send)
  File "/usr/local/lib/python3.10/site-packages/starlette/_exception_handler.py", line 53, in wrapped_app
    raise exc
  File "/usr/local/lib/python3.10/site-packages/starlette/_exception_handler.py", line 42, in wrapped_app
    await app(scope, receive, sender)
  File "/usr/local/lib/python3.10/site-packages/fastapi/routing.py", line 142, in app
    response = await f(request)
  File "/usr/local/lib/python3.10/site-packages/fastapi/routing.py", line 698, in app
    raw_response = await run_endpoint_function(
  File "/usr/local/lib/python3.10/site-packages/fastapi/routing.py", line 352, in run_endpoint_function
    return await run_in_threadpool(dependant.call, **values)
  File "/usr/local/lib/python3.10/site-packages/starlette/concurrency.py", line 34, in run_in_threadpool
    return await anyio.to_thread.run_sync(func)
  File "/usr/local/lib/python3.10/site-packages/anyio/to_thread.py", line 65, in run_sync
    return await get_async_backend().run_sync_in_worker_thread(
  File "/usr/local/lib/python3.10/site-packages/anyio/_backends/_asyncio.py", line 2641, in run_sync_in_worker_thread
    return await future
  File "/usr/local/lib/python3.10/site-packages/anyio/_backends/_asyncio.py", line 1033, in run
    result = context.run(func, *args)
  File "/app/app/api/routes/dashboard_routes.py", line 28, in get_dashboard_summary
    priorities = db.query(AICollectionPriority).all()
NameError: name 'AICollectionPriority' is not defined
ERROR:app.main:[7a6313dd-71cc-44c7-a9f1-55f008c70383] Unhandled exception on /api/ai/dashboard/summary: name 'AICollectionPriority' is not defined
  + Exception Group Traceback (most recent call last):
  |   File "/usr/local/lib/python3.10/site-packages/starlette/_utils.py", line 85, in create_collapsing_task_group
  |     async with anyio.create_task_group() as tg:
  |   File "/usr/local/lib/python3.10/site-packages/anyio/_backends/_asyncio.py", line 815, in __aexit__
  |     raise BaseExceptionGroup(
  | exceptiongroup.ExceptionGroup: unhandled errors in a TaskGroup (1 sub-exception)
  +-+---------------- 1 ----------------
    | Traceback (most recent call last):
    |   File "/usr/local/lib/python3.10/site-packages/starlette/middleware/errors.py", line 164, in __call__
    |     await self.app(scope, receive, _send)
    |   File "/usr/local/lib/python3.10/site-packages/starlette/middleware/base.py", line 193, in __call__
    |     response = await self.dispatch_func(request, call_next)
    |   File "/app/app/main.py", line 116, in add_security_headers
    |     response = await call_next(request)
    |   File "/usr/local/lib/python3.10/site-packages/starlette/middleware/base.py", line 168, in call_next
    |     raise app_exc from app_exc.__cause__ or app_exc.__context__
    |   File "/usr/local/lib/python3.10/site-packages/starlette/middleware/base.py", line 144, in coro
    |     await self.app(scope, receive_or_disconnect, send_no_error)
    |   File "/usr/local/lib/python3.10/site-packages/starlette/middleware/base.py", line 193, in __call__
    |     response = await self.dispatch_func(request, call_next)
    |   File "/app/app/main.py", line 109, in verify_gateway_api_key
    |     response = await call_next(request)
    |   File "/usr/local/lib/python3.10/site-packages/starlette/middleware/base.py", line 168, in call_next
    |     raise app_exc from app_exc.__cause__ or app_exc.__context__
    |   File "/usr/local/lib/python3.10/site-packages/starlette/middleware/base.py", line 144, in coro
    |     await self.app(scope, receive_or_disconnect, send_no_error)
    |   File "/usr/local/lib/python3.10/site-packages/starlette/middleware/cors.py", line 88, in __call__
    |     await self.app(scope, receive, send)
    |   File "/usr/local/lib/python3.10/site-packages/starlette/middleware/exceptions.py", line 63, in __call__
    |     await wrap_app_handling_exceptions(self.app, conn)(scope, receive, send)
    |   File "/usr/local/lib/python3.10/site-packages/starlette/_exception_handler.py", line 53, in wrapped_app
    |     raise exc
    |   File "/usr/local/lib/python3.10/site-packages/starlette/_exception_handler.py", line 42, in wrapped_app
    |     await app(scope, receive, sender)
    |   File "/usr/local/lib/python3.10/site-packages/fastapi/middleware/asyncexitstack.py", line 18, in __call__
    |     await self.app(scope, receive, send)
    |   File "/usr/local/lib/python3.10/site-packages/starlette/routing.py", line 660, in __call__
    |     await self.middleware_stack(scope, receive, send)
    |   File "/usr/local/lib/python3.10/site-packages/fastapi/routing.py", line 2692, in app
    |     await route.handle(scope, receive, send)
    |   File "/usr/local/lib/python3.10/site-packages/fastapi/routing.py", line 1773, in handle
    |     await self.original_router.handle(scope, receive, send)
    |   File "/usr/local/lib/python3.10/site-packages/fastapi/routing.py", line 2747, in handle
    |     await included_router._handle_selected(scope, receive, send)
    |   File "/usr/local/lib/python3.10/site-packages/fastapi/routing.py", line 1793, in _handle_selected
    |     await original_route.handle(scope, receive, send)
    |   File "/usr/local/lib/python3.10/site-packages/fastapi/routing.py", line 1272, in handle
    |     await app(scope, receive, send)
    |   File "/usr/local/lib/python3.10/site-packages/fastapi/routing.py", line 156, in app
    |     await wrap_app_handling_exceptions(app, request)(scope, receive, send)
    |   File "/usr/local/lib/python3.10/site-packages/starlette/_exception_handler.py", line 53, in wrapped_app
    |     raise exc
    |   File "/usr/local/lib/python3.10/site-packages/starlette/_exception_handler.py", line 42, in wrapped_app
    |     await app(scope, receive, sender)
    |   File "/usr/local/lib/python3.10/site-packages/fastapi/routing.py", line 142, in app
    |     response = await f(request)
    |   File "/usr/local/lib/python3.10/site-packages/fastapi/routing.py", line 698, in app
    |     raw_response = await run_endpoint_function(
    |   File "/usr/local/lib/python3.10/site-packages/fastapi/routing.py", line 352, in run_endpoint_function
    |     return await run_in_threadpool(dependant.call, **values)
    |   File "/usr/local/lib/python3.10/site-packages/starlette/concurrency.py", line 34, in run_in_threadpool
    |     return await anyio.to_thread.run_sync(func)
    |   File "/usr/local/lib/python3.10/site-packages/anyio/to_thread.py", line 65, in run_sync
    |     return await get_async_backend().run_sync_in_worker_thread(
    |   File "/usr/local/lib/python3.10/site-packages/anyio/_backends/_asyncio.py", line 2641, in run_sync_in_worker_thread
    |     return await future
    |   File "/usr/local/lib/python3.10/site-packages/anyio/_backends/_asyncio.py", line 1033, in run
    |     result = context.run(func, *args)
    |   File "/app/app/api/routes/dashboard_routes.py", line 28, in get_dashboard_summary
    |     priorities = db.query(AICollectionPriority).all()
    | NameError: name 'AICollectionPriority' is not defined
    +------------------------------------

The above exception was the direct cause of the following exception:

Traceback (most recent call last):
  File "/usr/local/lib/python3.10/site-packages/starlette/middleware/errors.py", line 164, in __call__
    await self.app(scope, receive, _send)
  File "/usr/local/lib/python3.10/site-packages/starlette/middleware/base.py", line 193, in __call__
    response = await self.dispatch_func(request, call_next)
  File "/app/app/main.py", line 116, in add_security_headers
    response = await call_next(request)
  File "/usr/local/lib/python3.10/site-packages/starlette/middleware/base.py", line 168, in call_next
    raise app_exc from app_exc.__cause__ or app_exc.__context__
  File "/usr/local/lib/python3.10/site-packages/starlette/middleware/base.py", line 144, in coro
    await self.app(scope, receive_or_disconnect, send_no_error)
  File "/usr/local/lib/python3.10/site-packages/starlette/middleware/base.py", line 193, in __call__
    response = await self.dispatch_func(request, call_next)
  File "/app/app/main.py", line 109, in verify_gateway_api_key
    response = await call_next(request)
  File "/usr/local/lib/python3.10/site-packages/starlette/middleware/base.py", line 168, in call_next
    raise app_exc from app_exc.__cause__ or app_exc.__context__
  File "/usr/local/lib/python3.10/site-packages/starlette/middleware/base.py", line 144, in coro
    await self.app(scope, receive_or_disconnect, send_no_error)
  File "/usr/local/lib/python3.10/site-packages/starlette/middleware/cors.py", line 88, in __call__
    await self.app(scope, receive, send)
  File "/usr/local/lib/python3.10/site-packages/starlette/middleware/exceptions.py", line 63, in __call__
    await wrap_app_handling_exceptions(self.app, conn)(scope, receive, send)
  File "/usr/local/lib/python3.10/site-packages/starlette/_exception_handler.py", line 53, in wrapped_app
    raise exc
  File "/usr/local/lib/python3.10/site-packages/starlette/_exception_handler.py", line 42, in wrapped_app
    await app(scope, receive, sender)
  File "/usr/local/lib/python3.10/site-packages/fastapi/middleware/asyncexitstack.py", line 18, in __call__
    await self.app(scope, receive, send)
  File "/usr/local/lib/python3.10/site-packages/starlette/routing.py", line 660, in __call__
    await self.middleware_stack(scope, receive, send)
  File "/usr/local/lib/python3.10/site-packages/fastapi/routing.py", line 2692, in app
    await route.handle(scope, receive, send)
  File "/usr/local/lib/python3.10/site-packages/fastapi/routing.py", line 1773, in handle
    await self.original_router.handle(scope, receive, send)
  File "/usr/local/lib/python3.10/site-packages/fastapi/routing.py", line 2747, in handle
    await included_router._handle_selected(scope, receive, send)
  File "/usr/local/lib/python3.10/site-packages/fastapi/routing.py", line 1793, in _handle_selected
    await original_route.handle(scope, receive, send)
  File "/usr/local/lib/python3.10/site-packages/fastapi/routing.py", line 1272, in handle
    await app(scope, receive, send)
  File "/usr/local/lib/python3.10/site-packages/fastapi/routing.py", line 156, in app
    await wrap_app_handling_exceptions(app, request)(scope, receive, send)
  File "/usr/local/lib/python3.10/site-packages/starlette/_exception_handler.py", line 53, in wrapped_app
    raise exc
  File "/usr/local/lib/python3.10/site-packages/starlette/_exception_handler.py", line 42, in wrapped_app
    await app(scope, receive, sender)
  File "/usr/local/lib/python3.10/site-packages/fastapi/routing.py", line 142, in app
    response = await f(request)
  File "/usr/local/lib/python3.10/site-packages/fastapi/routing.py", line 698, in app
    raw_response = await run_endpoint_function(
  File "/usr/local/lib/python3.10/site-packages/fastapi/routing.py", line 352, in run_endpoint_function
    return await run_in_threadpool(dependant.call, **values)
  File "/usr/local/lib/python3.10/site-packages/starlette/concurrency.py", line 34, in run_in_threadpool
    return await anyio.to_thread.run_sync(func)
  File "/usr/local/lib/python3.10/site-packages/anyio/to_thread.py", line 65, in run_sync
    return await get_async_backend().run_sync_in_worker_thread(
  File "/usr/local/lib/python3.10/site-packages/anyio/_backends/_asyncio.py", line 2641, in run_sync_in_worker_thread
    return await future
  File "/usr/local/lib/python3.10/site-packages/anyio/_backends/_asyncio.py", line 1033, in run
    result = context.run(func, *args)
  File "/app/app/api/routes/dashboard_routes.py", line 28, in get_dashboard_summary
    priorities = db.query(AICollectionPriority).all()
NameError: name 'AICollectionPriority' is not defined
ERROR:app.main:[1b85361a-3004-4888-b504-802ece6b86cb] Unhandled exception on /api/ai/dashboard/summary: name 'AICollectionPriority' is not defined
  + Exception Group Traceback (most recent call last):
  |   File "/usr/local/lib/python3.10/site-packages/starlette/_utils.py", line 85, in create_collapsing_task_group
  |     async with anyio.create_task_group() as tg:
  |   File "/usr/local/lib/python3.10/site-packages/anyio/_backends/_asyncio.py", line 815, in __aexit__
  |     raise BaseExceptionGroup(
  | exceptiongroup.ExceptionGroup: unhandled errors in a TaskGroup (1 sub-exception)
  +-+---------------- 1 ----------------
    | Traceback (most recent call last):
    |   File "/usr/local/lib/python3.10/site-packages/starlette/middleware/errors.py", line 164, in __call__
    |     await self.app(scope, receive, _send)
    |   File "/usr/local/lib/python3.10/site-packages/starlette/middleware/base.py", line 193, in __call__
    |     response = await self.dispatch_func(request, call_next)
    |   File "/app/app/main.py", line 116, in add_security_headers
    |     response = await call_next(request)
    |   File "/usr/local/lib/python3.10/site-packages/starlette/middleware/base.py", line 168, in call_next
    |     raise app_exc from app_exc.__cause__ or app_exc.__context__
    |   File "/usr/local/lib/python3.10/site-packages/starlette/middleware/base.py", line 144, in coro
    |     await self.app(scope, receive_or_disconnect, send_no_error)
    |   File "/usr/local/lib/python3.10/site-packages/starlette/middleware/base.py", line 193, in __call__
    |     response = await self.dispatch_func(request, call_next)
    |   File "/app/app/main.py", line 109, in verify_gateway_api_key
    |     response = await call_next(request)
    |   File "/usr/local/lib/python3.10/site-packages/starlette/middleware/base.py", line 168, in call_next
    |     raise app_exc from app_exc.__cause__ or app_exc.__context__
    |   File "/usr/local/lib/python3.10/site-packages/starlette/middleware/base.py", line 144, in coro
    |     await self.app(scope, receive_or_disconnect, send_no_error)
    |   File "/usr/local/lib/python3.10/site-packages/starlette/middleware/cors.py", line 88, in __call__
    |     await self.app(scope, receive, send)
    |   File "/usr/local/lib/python3.10/site-packages/starlette/middleware/exceptions.py", line 63, in __call__
    |     await wrap_app_handling_exceptions(self.app, conn)(scope, receive, send)
    |   File "/usr/local/lib/python3.10/site-packages/starlette/_exception_handler.py", line 53, in wrapped_app
    |     raise exc
    |   File "/usr/local/lib/python3.10/site-packages/starlette/_exception_handler.py", line 42, in wrapped_app
    |     await app(scope, receive, sender)
    |   File "/usr/local/lib/python3.10/site-packages/fastapi/middleware/asyncexitstack.py", line 18, in __call__
    |     await self.app(scope, receive, send)
    |   File "/usr/local/lib/python3.10/site-packages/starlette/routing.py", line 660, in __call__
    |     await self.middleware_stack(scope, receive, send)
    |   File "/usr/local/lib/python3.10/site-packages/fastapi/routing.py", line 2692, in app
    |     await route.handle(scope, receive, send)
    |   File "/usr/local/lib/python3.10/site-packages/fastapi/routing.py", line 1773, in handle
    |     await self.original_router.handle(scope, receive, send)
    |   File "/usr/local/lib/python3.10/site-packages/fastapi/routing.py", line 2747, in handle
    |     await included_router._handle_selected(scope, receive, send)
    |   File "/usr/local/lib/python3.10/site-packages/fastapi/routing.py", line 1793, in _handle_selected
    |     await original_route.handle(scope, receive, send)
    |   File "/usr/local/lib/python3.10/site-packages/fastapi/routing.py", line 1272, in handle
    |     await app(scope, receive, send)
    |   File "/usr/local/lib/python3.10/site-packages/fastapi/routing.py", line 156, in app
    |     await wrap_app_handling_exceptions(app, request)(scope, receive, send)
    |   File "/usr/local/lib/python3.10/site-packages/starlette/_exception_handler.py", line 53, in wrapped_app
    |     raise exc
    |   File "/usr/local/lib/python3.10/site-packages/starlette/_exception_handler.py", line 42, in wrapped_app
    |     await app(scope, receive, sender)
    |   File "/usr/local/lib/python3.10/site-packages/fastapi/routing.py", line 142, in app
    |     response = await f(request)
    |   File "/usr/local/lib/python3.10/site-packages/fastapi/routing.py", line 698, in app
    |     raw_response = await run_endpoint_function(
    |   File "/usr/local/lib/python3.10/site-packages/fastapi/routing.py", line 352, in run_endpoint_function
    |     return await run_in_threadpool(dependant.call, **values)
    |   File "/usr/local/lib/python3.10/site-packages/starlette/concurrency.py", line 34, in run_in_threadpool
    |     return await anyio.to_thread.run_sync(func)
    |   File "/usr/local/lib/python3.10/site-packages/anyio/to_thread.py", line 65, in run_sync
    |     return await get_async_backend().run_sync_in_worker_thread(
    |   File "/usr/local/lib/python3.10/site-packages/anyio/_backends/_asyncio.py", line 2641, in run_sync_in_worker_thread
    |     return await future
    |   File "/usr/local/lib/python3.10/site-packages/anyio/_backends/_asyncio.py", line 1033, in run
    |     result = context.run(func, *args)
    |   File "/app/app/api/routes/dashboard_routes.py", line 28, in get_dashboard_summary
    |     priorities = db.query(AICollectionPriority).all()
    | NameError: name 'AICollectionPriority' is not defined
    +------------------------------------

The above exception was the direct cause of the following exception:

Traceback (most recent call last):
  File "/usr/local/lib/python3.10/site-packages/starlette/middleware/errors.py", line 164, in __call__
    await self.app(scope, receive, _send)
  File "/usr/local/lib/python3.10/site-packages/starlette/middleware/base.py", line 193, in __call__
    response = await self.dispatch_func(request, call_next)
  File "/app/app/main.py", line 116, in add_security_headers
    response = await call_next(request)
  File "/usr/local/lib/python3.10/site-packages/starlette/middleware/base.py", line 168, in call_next
    raise app_exc from app_exc.__cause__ or app_exc.__context__
  File "/usr/local/lib/python3.10/site-packages/starlette/middleware/base.py", line 144, in coro
    await self.app(scope, receive_or_disconnect, send_no_error)
  File "/usr/local/lib/python3.10/site-packages/starlette/middleware/base.py", line 193, in __call__
    response = await self.dispatch_func(request, call_next)
  File "/app/app/main.py", line 109, in verify_gateway_api_key
    response = await call_next(request)
  File "/usr/local/lib/python3.10/site-packages/starlette/middleware/base.py", line 168, in call_next
    raise app_exc from app_exc.__cause__ or app_exc.__context__
  File "/usr/local/lib/python3.10/site-packages/starlette/middleware/base.py", line 144, in coro
    await self.app(scope, receive_or_disconnect, send_no_error)
  File "/usr/local/lib/python3.10/site-packages/starlette/middleware/cors.py", line 88, in __call__
    await self.app(scope, receive, send)
  File "/usr/local/lib/python3.10/site-packages/starlette/middleware/exceptions.py", line 63, in __call__
    await wrap_app_handling_exceptions(self.app, conn)(scope, receive, send)
  File "/usr/local/lib/python3.10/site-packages/starlette/_exception_handler.py", line 53, in wrapped_app
    raise exc
  File "/usr/local/lib/python3.10/site-packages/starlette/_exception_handler.py", line 42, in wrapped_app
    await app(scope, receive, sender)
  File "/usr/local/lib/python3.10/site-packages/fastapi/middleware/asyncexitstack.py", line 18, in __call__
    await self.app(scope, receive, send)
  File "/usr/local/lib/python3.10/site-packages/starlette/routing.py", line 660, in __call__
    await self.middleware_stack(scope, receive, send)
  File "/usr/local/lib/python3.10/site-packages/fastapi/routing.py", line 2692, in app
    await route.handle(scope, receive, send)
  File "/usr/local/lib/python3.10/site-packages/fastapi/routing.py", line 1773, in handle
    await self.original_router.handle(scope, receive, send)
  File "/usr/local/lib/python3.10/site-packages/fastapi/routing.py", line 2747, in handle
    await included_router._handle_selected(scope, receive, send)
  File "/usr/local/lib/python3.10/site-packages/fastapi/routing.py", line 1793, in _handle_selected
    await original_route.handle(scope, receive, send)
  File "/usr/local/lib/python3.10/site-packages/fastapi/routing.py", line 1272, in handle
    await app(scope, receive, send)
  File "/usr/local/lib/python3.10/site-packages/fastapi/routing.py", line 156, in app
    await wrap_app_handling_exceptions(app, request)(scope, receive, send)
  File "/usr/local/lib/python3.10/site-packages/starlette/_exception_handler.py", line 53, in wrapped_app
    raise exc
  File "/usr/local/lib/python3.10/site-packages/starlette/_exception_handler.py", line 42, in wrapped_app
    await app(scope, receive, sender)
  File "/usr/local/lib/python3.10/site-packages/fastapi/routing.py", line 142, in app
    response = await f(request)
  File "/usr/local/lib/python3.10/site-packages/fastapi/routing.py", line 698, in app
    raw_response = await run_endpoint_function(
  File "/usr/local/lib/python3.10/site-packages/fastapi/routing.py", line 352, in run_endpoint_function
    return await run_in_threadpool(dependant.call, **values)
  File "/usr/local/lib/python3.10/site-packages/starlette/concurrency.py", line 34, in run_in_threadpool
    return await anyio.to_thread.run_sync(func)
  File "/usr/local/lib/python3.10/site-packages/anyio/to_thread.py", line 65, in run_sync
    return await get_async_backend().run_sync_in_worker_thread(
  File "/usr/local/lib/python3.10/site-packages/anyio/_backends/_asyncio.py", line 2641, in run_sync_in_worker_thread
    return await future
  File "/usr/local/lib/python3.10/site-packages/anyio/_backends/_asyncio.py", line 1033, in run
    result = context.run(func, *args)
  File "/app/app/api/routes/dashboard_routes.py", line 28, in get_dashboard_summary
    priorities = db.query(AICollectionPriority).all()
NameError: name 'AICollectionPriority' is not defined
ERROR:app.main:[131dcf33-8044-44fd-b027-d1a141582531] Unhandled exception on /api/ai/dashboard/summary: name 'AICollectionPriority' is not defined
  + Exception Group Traceback (most recent call last):
  |   File "/usr/local/lib/python3.10/site-packages/starlette/_utils.py", line 85, in create_collapsing_task_group
  |     async with anyio.create_task_group() as tg:
  |   File "/usr/local/lib/python3.10/site-packages/anyio/_backends/_asyncio.py", line 815, in __aexit__
  |     raise BaseExceptionGroup(
  | exceptiongroup.ExceptionGroup: unhandled errors in a TaskGroup (1 sub-exception)
  +-+---------------- 1 ----------------
    | Traceback (most recent call last):
    |   File "/usr/local/lib/python3.10/site-packages/starlette/middleware/errors.py", line 164, in __call__
    |     await self.app(scope, receive, _send)
    |   File "/usr/local/lib/python3.10/site-packages/starlette/middleware/base.py", line 193, in __call__
    |     response = await self.dispatch_func(request, call_next)
    |   File "/app/app/main.py", line 116, in add_security_headers
    |     response = await call_next(request)
    |   File "/usr/local/lib/python3.10/site-packages/starlette/middleware/base.py", line 168, in call_next
    |     raise app_exc from app_exc.__cause__ or app_exc.__context__
    |   File "/usr/local/lib/python3.10/site-packages/starlette/middleware/base.py", line 144, in coro
    |     await self.app(scope, receive_or_disconnect, send_no_error)
    |   File "/usr/local/lib/python3.10/site-packages/starlette/middleware/base.py", line 193, in __call__
    |     response = await self.dispatch_func(request, call_next)
    |   File "/app/app/main.py", line 109, in verify_gateway_api_key
    |     response = await call_next(request)
    |   File "/usr/local/lib/python3.10/site-packages/starlette/middleware/base.py", line 168, in call_next
    |     raise app_exc from app_exc.__cause__ or app_exc.__context__
    |   File "/usr/local/lib/python3.10/site-packages/starlette/middleware/base.py", line 144, in coro
    |     await self.app(scope, receive_or_disconnect, send_no_error)
    |   File "/usr/local/lib/python3.10/site-packages/starlette/middleware/cors.py", line 88, in __call__
    |     await self.app(scope, receive, send)
    |   File "/usr/local/lib/python3.10/site-packages/starlette/middleware/exceptions.py", line 63, in __call__
    |     await wrap_app_handling_exceptions(self.app, conn)(scope, receive, send)
    |   File "/usr/local/lib/python3.10/site-packages/starlette/_exception_handler.py", line 53, in wrapped_app
    |     raise exc
    |   File "/usr/local/lib/python3.10/site-packages/starlette/_exception_handler.py", line 42, in wrapped_app
    |     await app(scope, receive, sender)
    |   File "/usr/local/lib/python3.10/site-packages/fastapi/middleware/asyncexitstack.py", line 18, in __call__
    |     await self.app(scope, receive, send)
    |   File "/usr/local/lib/python3.10/site-packages/starlette/routing.py", line 660, in __call__
    |     await self.middleware_stack(scope, receive, send)
    |   File "/usr/local/lib/python3.10/site-packages/fastapi/routing.py", line 2692, in app
    |     await route.handle(scope, receive, send)
    |   File "/usr/local/lib/python3.10/site-packages/fastapi/routing.py", line 1773, in handle
    |     await self.original_router.handle(scope, receive, send)
    |   File "/usr/local/lib/python3.10/site-packages/fastapi/routing.py", line 2747, in handle
    |     await included_router._handle_selected(scope, receive, send)
    |   File "/usr/local/lib/python3.10/site-packages/fastapi/routing.py", line 1793, in _handle_selected
    |     await original_route.handle(scope, receive, send)
    |   File "/usr/local/lib/python3.10/site-packages/fastapi/routing.py", line 1272, in handle
    |     await app(scope, receive, send)
    |   File "/usr/local/lib/python3.10/site-packages/fastapi/routing.py", line 156, in app
    |     await wrap_app_handling_exceptions(app, request)(scope, receive, send)
    |   File "/usr/local/lib/python3.10/site-packages/starlette/_exception_handler.py", line 53, in wrapped_app
    |     raise exc
    |   File "/usr/local/lib/python3.10/site-packages/starlette/_exception_handler.py", line 42, in wrapped_app
    |     await app(scope, receive, sender)
    |   File "/usr/local/lib/python3.10/site-packages/fastapi/routing.py", line 142, in app
    |     response = await f(request)
    |   File "/usr/local/lib/python3.10/site-packages/fastapi/routing.py", line 698, in app
    |     raw_response = await run_endpoint_function(
    |   File "/usr/local/lib/python3.10/site-packages/fastapi/routing.py", line 352, in run_endpoint_function
    |     return await run_in_threadpool(dependant.call, **values)
    |   File "/usr/local/lib/python3.10/site-packages/starlette/concurrency.py", line 34, in run_in_threadpool
    |     return await anyio.to_thread.run_sync(func)
    |   File "/usr/local/lib/python3.10/site-packages/anyio/to_thread.py", line 65, in run_sync
    |     return await get_async_backend().run_sync_in_worker_thread(
    |   File "/usr/local/lib/python3.10/site-packages/anyio/_backends/_asyncio.py", line 2641, in run_sync_in_worker_thread
    |     return await future
    |   File "/usr/local/lib/python3.10/site-packages/anyio/_backends/_asyncio.py", line 1033, in run
    |     result = context.run(func, *args)
    |   File "/app/app/api/routes/dashboard_routes.py", line 28, in get_dashboard_summary
    |     priorities = db.query(AICollectionPriority).all()
    | NameError: name 'AICollectionPriority' is not defined
    +------------------------------------

The above exception was the direct cause of the following exception:

Traceback (most recent call last):
  File "/usr/local/lib/python3.10/site-packages/starlette/middleware/errors.py", line 164, in __call__
    await self.app(scope, receive, _send)
  File "/usr/local/lib/python3.10/site-packages/starlette/middleware/base.py", line 193, in __call__
    response = await self.dispatch_func(request, call_next)
  File "/app/app/main.py", line 116, in add_security_headers
    response = await call_next(request)
  File "/usr/local/lib/python3.10/site-packages/starlette/middleware/base.py", line 168, in call_next
    raise app_exc from app_exc.__cause__ or app_exc.__context__
  File "/usr/local/lib/python3.10/site-packages/starlette/middleware/base.py", line 144, in coro
    await self.app(scope, receive_or_disconnect, send_no_error)
  File "/usr/local/lib/python3.10/site-packages/starlette/middleware/base.py", line 193, in __call__
    response = await self.dispatch_func(request, call_next)
  File "/app/app/main.py", line 109, in verify_gateway_api_key
    response = await call_next(request)
  File "/usr/local/lib/python3.10/site-packages/starlette/middleware/base.py", line 168, in call_next
    raise app_exc from app_exc.__cause__ or app_exc.__context__
  File "/usr/local/lib/python3.10/site-packages/starlette/middleware/base.py", line 144, in coro
    await self.app(scope, receive_or_disconnect, send_no_error)
  File "/usr/local/lib/python3.10/site-packages/starlette/middleware/cors.py", line 88, in __call__
    await self.app(scope, receive, send)
  File "/usr/local/lib/python3.10/site-packages/starlette/middleware/exceptions.py", line 63, in __call__
    await wrap_app_handling_exceptions(self.app, conn)(scope, receive, send)
  File "/usr/local/lib/python3.10/site-packages/starlette/_exception_handler.py", line 53, in wrapped_app
    raise exc
  File "/usr/local/lib/python3.10/site-packages/starlette/_exception_handler.py", line 42, in wrapped_app
    await app(scope, receive, sender)
  File "/usr/local/lib/python3.10/site-packages/fastapi/middleware/asyncexitstack.py", line 18, in __call__
    await self.app(scope, receive, send)
  File "/usr/local/lib/python3.10/site-packages/starlette/routing.py", line 660, in __call__
    await self.middleware_stack(scope, receive, send)
  File "/usr/local/lib/python3.10/site-packages/fastapi/routing.py", line 2692, in app
    await route.handle(scope, receive, send)
  File "/usr/local/lib/python3.10/site-packages/fastapi/routing.py", line 1773, in handle
    await self.original_router.handle(scope, receive, send)
  File "/usr/local/lib/python3.10/site-packages/fastapi/routing.py", line 2747, in handle
    await included_router._handle_selected(scope, receive, send)
  File "/usr/local/lib/python3.10/site-packages/fastapi/routing.py", line 1793, in _handle_selected
    await original_route.handle(scope, receive, send)
  File "/usr/local/lib/python3.10/site-packages/fastapi/routing.py", line 1272, in handle
    await app(scope, receive, send)
  File "/usr/local/lib/python3.10/site-packages/fastapi/routing.py", line 156, in app
    await wrap_app_handling_exceptions(app, request)(scope, receive, send)
  File "/usr/local/lib/python3.10/site-packages/starlette/_exception_handler.py", line 53, in wrapped_app
    raise exc
  File "/usr/local/lib/python3.10/site-packages/starlette/_exception_handler.py", line 42, in wrapped_app
    await app(scope, receive, sender)
  File "/usr/local/lib/python3.10/site-packages/fastapi/routing.py", line 142, in app
    response = await f(request)
  File "/usr/local/lib/python3.10/site-packages/fastapi/routing.py", line 698, in app
    raw_response = await run_endpoint_function(
  File "/usr/local/lib/python3.10/site-packages/fastapi/routing.py", line 352, in run_endpoint_function
    return await run_in_threadpool(dependant.call, **values)
  File "/usr/local/lib/python3.10/site-packages/starlette/concurrency.py", line 34, in run_in_threadpool
    return await anyio.to_thread.run_sync(func)
  File "/usr/local/lib/python3.10/site-packages/anyio/to_thread.py", line 65, in run_sync
    return await get_async_backend().run_sync_in_worker_thread(
  File "/usr/local/lib/python3.10/site-packages/anyio/_backends/_asyncio.py", line 2641, in run_sync_in_worker_thread
    return await future
  File "/usr/local/lib/python3.10/site-packages/anyio/_backends/_asyncio.py", line 1033, in run
    result = context.run(func, *args)
  File "/app/app/api/routes/dashboard_routes.py", line 28, in get_dashboard_summary
    priorities = db.query(AICollectionPriority).all()
NameError: name 'AICollectionPriority' is not defined
ERROR:app.main:[4785bcac-02f8-4ba7-ab69-7140803162bf] Unhandled exception on /api/ai/dashboard/summary: name 'AICollectionPriority' is not defined
  + Exception Group Traceback (most recent call last):
  |   File "/usr/local/lib/python3.10/site-packages/starlette/_utils.py", line 85, in create_collapsing_task_group
  |     async with anyio.create_task_group() as tg:
  |   File "/usr/local/lib/python3.10/site-packages/anyio/_backends/_asyncio.py", line 815, in __aexit__
  |     raise BaseExceptionGroup(
  | exceptiongroup.ExceptionGroup: unhandled errors in a TaskGroup (1 sub-exception)
  +-+---------------- 1 ----------------
    | Traceback (most recent call last):
    |   File "/usr/local/lib/python3.10/site-packages/starlette/middleware/errors.py", line 164, in __call__
    |     await self.app(scope, receive, _send)
    |   File "/usr/local/lib/python3.10/site-packages/starlette/middleware/base.py", line 193, in __call__
    |     response = await self.dispatch_func(request, call_next)
    |   File "/app/app/main.py", line 116, in add_security_headers
    |     response = await call_next(request)
    |   File "/usr/local/lib/python3.10/site-packages/starlette/middleware/base.py", line 168, in call_next
    |     raise app_exc from app_exc.__cause__ or app_exc.__context__
    |   File "/usr/local/lib/python3.10/site-packages/starlette/middleware/base.py", line 144, in coro
    |     await self.app(scope, receive_or_disconnect, send_no_error)
    |   File "/usr/local/lib/python3.10/site-packages/starlette/middleware/base.py", line 193, in __call__
    |     response = await self.dispatch_func(request, call_next)
    |   File "/app/app/main.py", line 109, in verify_gateway_api_key
    |     response = await call_next(request)
    |   File "/usr/local/lib/python3.10/site-packages/starlette/middleware/base.py", line 168, in call_next
    |     raise app_exc from app_exc.__cause__ or app_exc.__context__
    |   File "/usr/local/lib/python3.10/site-packages/starlette/middleware/base.py", line 144, in coro
    |     await self.app(scope, receive_or_disconnect, send_no_error)
    |   File "/usr/local/lib/python3.10/site-packages/starlette/middleware/cors.py", line 88, in __call__
    |     await self.app(scope, receive, send)
    |   File "/usr/local/lib/python3.10/site-packages/starlette/middleware/exceptions.py", line 63, in __call__
    |     await wrap_app_handling_exceptions(self.app, conn)(scope, receive, send)
    |   File "/usr/local/lib/python3.10/site-packages/starlette/_exception_handler.py", line 53, in wrapped_app
    |     raise exc
    |   File "/usr/local/lib/python3.10/site-packages/starlette/_exception_handler.py", line 42, in wrapped_app
    |     await app(scope, receive, sender)
    |   File "/usr/local/lib/python3.10/site-packages/fastapi/middleware/asyncexitstack.py", line 18, in __call__
    |     await self.app(scope, receive, send)
    |   File "/usr/local/lib/python3.10/site-packages/starlette/routing.py", line 660, in __call__
    |     await self.middleware_stack(scope, receive, send)
    |   File "/usr/local/lib/python3.10/site-packages/fastapi/routing.py", line 2692, in app
    |     await route.handle(scope, receive, send)
    |   File "/usr/local/lib/python3.10/site-packages/fastapi/routing.py", line 1773, in handle
    |     await self.original_router.handle(scope, receive, send)
    |   File "/usr/local/lib/python3.10/site-packages/fastapi/routing.py", line 2747, in handle
    |     await included_router._handle_selected(scope, receive, send)
    |   File "/usr/local/lib/python3.10/site-packages/fastapi/routing.py", line 1793, in _handle_selected
    |     await original_route.handle(scope, receive, send)
    |   File "/usr/local/lib/python3.10/site-packages/fastapi/routing.py", line 1272, in handle
    |     await app(scope, receive, send)
    |   File "/usr/local/lib/python3.10/site-packages/fastapi/routing.py", line 156, in app
    |     await wrap_app_handling_exceptions(app, request)(scope, receive, send)
    |   File "/usr/local/lib/python3.10/site-packages/starlette/_exception_handler.py", line 53, in wrapped_app
    |     raise exc
    |   File "/usr/local/lib/python3.10/site-packages/starlette/_exception_handler.py", line 42, in wrapped_app
    |     await app(scope, receive, sender)
    |   File "/usr/local/lib/python3.10/site-packages/fastapi/routing.py", line 142, in app
    |     response = await f(request)
    |   File "/usr/local/lib/python3.10/site-packages/fastapi/routing.py", line 698, in app
    |     raw_response = await run_endpoint_function(
    |   File "/usr/local/lib/python3.10/site-packages/fastapi/routing.py", line 352, in run_endpoint_function
    |     return await run_in_threadpool(dependant.call, **values)
    |   File "/usr/local/lib/python3.10/site-packages/starlette/concurrency.py", line 34, in run_in_threadpool
    |     return await anyio.to_thread.run_sync(func)
    |   File "/usr/local/lib/python3.10/site-packages/anyio/to_thread.py", line 65, in run_sync
    |     return await get_async_backend().run_sync_in_worker_thread(
    |   File "/usr/local/lib/python3.10/site-packages/anyio/_backends/_asyncio.py", line 2641, in run_sync_in_worker_thread
    |     return await future
    |   File "/usr/local/lib/python3.10/site-packages/anyio/_backends/_asyncio.py", line 1033, in run
    |     result = context.run(func, *args)
    |   File "/app/app/api/routes/dashboard_routes.py", line 28, in get_dashboard_summary
    |     priorities = db.query(AICollectionPriority).all()
    | NameError: name 'AICollectionPriority' is not defined
    +------------------------------------

The above exception was the direct cause of the following exception:

Traceback (most recent call last):
  File "/usr/local/lib/python3.10/site-packages/starlette/middleware/errors.py", line 164, in __call__
    await self.app(scope, receive, _send)
  File "/usr/local/lib/python3.10/site-packages/starlette/middleware/base.py", line 193, in __call__
    response = await self.dispatch_func(request, call_next)
  File "/app/app/main.py", line 116, in add_security_headers
    response = await call_next(request)
  File "/usr/local/lib/python3.10/site-packages/starlette/middleware/base.py", line 168, in call_next
    raise app_exc from app_exc.__cause__ or app_exc.__context__
  File "/usr/local/lib/python3.10/site-packages/starlette/middleware/base.py", line 144, in coro
    await self.app(scope, receive_or_disconnect, send_no_error)
  File "/usr/local/lib/python3.10/site-packages/starlette/middleware/base.py", line 193, in __call__
    response = await self.dispatch_func(request, call_next)
  File "/app/app/main.py", line 109, in verify_gateway_api_key
    response = await call_next(request)
  File "/usr/local/lib/python3.10/site-packages/starlette/middleware/base.py", line 168, in call_next
    raise app_exc from app_exc.__cause__ or app_exc.__context__
  File "/usr/local/lib/python3.10/site-packages/starlette/middleware/base.py", line 144, in coro
    await self.app(scope, receive_or_disconnect, send_no_error)
  File "/usr/local/lib/python3.10/site-packages/starlette/middleware/cors.py", line 88, in __call__
    await self.app(scope, receive, send)
  File "/usr/local/lib/python3.10/site-packages/starlette/middleware/exceptions.py", line 63, in __call__
    await wrap_app_handling_exceptions(self.app, conn)(scope, receive, send)
  File "/usr/local/lib/python3.10/site-packages/starlette/_exception_handler.py", line 53, in wrapped_app
    raise exc
  File "/usr/local/lib/python3.10/site-packages/starlette/_exception_handler.py", line 42, in wrapped_app
    await app(scope, receive, sender)
  File "/usr/local/lib/python3.10/site-packages/fastapi/middleware/asyncexitstack.py", line 18, in __call__
    await self.app(scope, receive, send)
  File "/usr/local/lib/python3.10/site-packages/starlette/routing.py", line 660, in __call__
    await self.middleware_stack(scope, receive, send)
  File "/usr/local/lib/python3.10/site-packages/fastapi/routing.py", line 2692, in app
    await route.handle(scope, receive, send)
  File "/usr/local/lib/python3.10/site-packages/fastapi/routing.py", line 1773, in handle
    await self.original_router.handle(scope, receive, send)
  File "/usr/local/lib/python3.10/site-packages/fastapi/routing.py", line 2747, in handle
    await included_router._handle_selected(scope, receive, send)
  File "/usr/local/lib/python3.10/site-packages/fastapi/routing.py", line 1793, in _handle_selected
    await original_route.handle(scope, receive, send)
  File "/usr/local/lib/python3.10/site-packages/fastapi/routing.py", line 1272, in handle
    await app(scope, receive, send)
  File "/usr/local/lib/python3.10/site-packages/fastapi/routing.py", line 156, in app
    await wrap_app_handling_exceptions(app, request)(scope, receive, send)
  File "/usr/local/lib/python3.10/site-packages/starlette/_exception_handler.py", line 53, in wrapped_app
    raise exc
  File "/usr/local/lib/python3.10/site-packages/starlette/_exception_handler.py", line 42, in wrapped_app
    await app(scope, receive, sender)
  File "/usr/local/lib/python3.10/site-packages/fastapi/routing.py", line 142, in app
    response = await f(request)
  File "/usr/local/lib/python3.10/site-packages/fastapi/routing.py", line 698, in app
    raw_response = await run_endpoint_function(
  File "/usr/local/lib/python3.10/site-packages/fastapi/routing.py", line 352, in run_endpoint_function
    return await run_in_threadpool(dependant.call, **values)
  File "/usr/local/lib/python3.10/site-packages/starlette/concurrency.py", line 34, in run_in_threadpool
    return await anyio.to_thread.run_sync(func)
  File "/usr/local/lib/python3.10/site-packages/anyio/to_thread.py", line 65, in run_sync
    return await get_async_backend().run_sync_in_worker_thread(
  File "/usr/local/lib/python3.10/site-packages/anyio/_backends/_asyncio.py", line 2641, in run_sync_in_worker_thread
    return await future
  File "/usr/local/lib/python3.10/site-packages/anyio/_backends/_asyncio.py", line 1033, in run
    result = context.run(func, *args)
  File "/app/app/api/routes/dashboard_routes.py", line 28, in get_dashboard_summary
    priorities = db.query(AICollectionPriority).all()
NameError: name 'AICollectionPriority' is not defined
ERROR:app.main:[6dbd55ad-b537-4fcb-a21c-0f2ef4a3d07d] Unhandled exception on /api/ai/dashboard/summary: name 'AICollectionPriority' is not defined
  + Exception Group Traceback (most recent call last):
  |   File "/usr/local/lib/python3.10/site-packages/starlette/_utils.py", line 85, in create_collapsing_task_group
  |     async with anyio.create_task_group() as tg:
  |   File "/usr/local/lib/python3.10/site-packages/anyio/_backends/_asyncio.py", line 815, in __aexit__
  |     raise BaseExceptionGroup(
  | exceptiongroup.ExceptionGroup: unhandled errors in a TaskGroup (1 sub-exception)
  +-+---------------- 1 ----------------
    | Traceback (most recent call last):
    |   File "/usr/local/lib/python3.10/site-packages/starlette/middleware/errors.py", line 164, in __call__
    |     await self.app(scope, receive, _send)
    |   File "/usr/local/lib/python3.10/site-packages/starlette/middleware/base.py", line 193, in __call__
    |     response = await self.dispatch_func(request, call_next)
    |   File "/app/app/main.py", line 116, in add_security_headers
    |     response = await call_next(request)
    |   File "/usr/local/lib/python3.10/site-packages/starlette/middleware/base.py", line 168, in call_next
    |     raise app_exc from app_exc.__cause__ or app_exc.__context__
    |   File "/usr/local/lib/python3.10/site-packages/starlette/middleware/base.py", line 144, in coro
    |     await self.app(scope, receive_or_disconnect, send_no_error)
    |   File "/usr/local/lib/python3.10/site-packages/starlette/middleware/base.py", line 193, in __call__
    |     response = await self.dispatch_func(request, call_next)
    |   File "/app/app/main.py", line 109, in verify_gateway_api_key
    |     response = await call_next(request)
    |   File "/usr/local/lib/python3.10/site-packages/starlette/middleware/base.py", line 168, in call_next
    |     raise app_exc from app_exc.__cause__ or app_exc.__context__
    |   File "/usr/local/lib/python3.10/site-packages/starlette/middleware/base.py", line 144, in coro
    |     await self.app(scope, receive_or_disconnect, send_no_error)
    |   File "/usr/local/lib/python3.10/site-packages/starlette/middleware/cors.py", line 88, in __call__
    |     await self.app(scope, receive, send)
    |   File "/usr/local/lib/python3.10/site-packages/starlette/middleware/exceptions.py", line 63, in __call__
    |     await wrap_app_handling_exceptions(self.app, conn)(scope, receive, send)
    |   File "/usr/local/lib/python3.10/site-packages/starlette/_exception_handler.py", line 53, in wrapped_app
    |     raise exc
    |   File "/usr/local/lib/python3.10/site-packages/starlette/_exception_handler.py", line 42, in wrapped_app
    |     await app(scope, receive, sender)
    |   File "/usr/local/lib/python3.10/site-packages/fastapi/middleware/asyncexitstack.py", line 18, in __call__
    |     await self.app(scope, receive, send)
    |   File "/usr/local/lib/python3.10/site-packages/starlette/routing.py", line 660, in __call__
    |     await self.middleware_stack(scope, receive, send)
    |   File "/usr/local/lib/python3.10/site-packages/fastapi/routing.py", line 2692, in app
    |     await route.handle(scope, receive, send)
    |   File "/usr/local/lib/python3.10/site-packages/fastapi/routing.py", line 1773, in handle
    |     await self.original_router.handle(scope, receive, send)
    |   File "/usr/local/lib/python3.10/site-packages/fastapi/routing.py", line 2747, in handle
    |     await included_router._handle_selected(scope, receive, send)
    |   File "/usr/local/lib/python3.10/site-packages/fastapi/routing.py", line 1793, in _handle_selected
    |     await original_route.handle(scope, receive, send)
    |   File "/usr/local/lib/python3.10/site-packages/fastapi/routing.py", line 1272, in handle
    |     await app(scope, receive, send)
    |   File "/usr/local/lib/python3.10/site-packages/fastapi/routing.py", line 156, in app
    |     await wrap_app_handling_exceptions(app, request)(scope, receive, send)
    |   File "/usr/local/lib/python3.10/site-packages/starlette/_exception_handler.py", line 53, in wrapped_app
    |     raise exc
    |   File "/usr/local/lib/python3.10/site-packages/starlette/_exception_handler.py", line 42, in wrapped_app
    |     await app(scope, receive, sender)
    |   File "/usr/local/lib/python3.10/site-packages/fastapi/routing.py", line 142, in app
    |     response = await f(request)
    |   File "/usr/local/lib/python3.10/site-packages/fastapi/routing.py", line 698, in app
    |     raw_response = await run_endpoint_function(
    |   File "/usr/local/lib/python3.10/site-packages/fastapi/routing.py", line 352, in run_endpoint_function
    |     return await run_in_threadpool(dependant.call, **values)
    |   File "/usr/local/lib/python3.10/site-packages/starlette/concurrency.py", line 34, in run_in_threadpool
    |     return await anyio.to_thread.run_sync(func)
    |   File "/usr/local/lib/python3.10/site-packages/anyio/to_thread.py", line 65, in run_sync
    |     return await get_async_backend().run_sync_in_worker_thread(
    |   File "/usr/local/lib/python3.10/site-packages/anyio/_backends/_asyncio.py", line 2641, in run_sync_in_worker_thread
    |     return await future
    |   File "/usr/local/lib/python3.10/site-packages/anyio/_backends/_asyncio.py", line 1033, in run
    |     result = context.run(func, *args)
    |   File "/app/app/api/routes/dashboard_routes.py", line 28, in get_dashboard_summary
    |     priorities = db.query(AICollectionPriority).all()
    | NameError: name 'AICollectionPriority' is not defined
    +------------------------------------

The above exception was the direct cause of the following exception:

Traceback (most recent call last):
  File "/usr/local/lib/python3.10/site-packages/starlette/middleware/errors.py", line 164, in __call__
    await self.app(scope, receive, _send)
  File "/usr/local/lib/python3.10/site-packages/starlette/middleware/base.py", line 193, in __call__
    response = await self.dispatch_func(request, call_next)
  File "/app/app/main.py", line 116, in add_security_headers
    response = await call_next(request)
  File "/usr/local/lib/python3.10/site-packages/starlette/middleware/base.py", line 168, in call_next
    raise app_exc from app_exc.__cause__ or app_exc.__context__
  File "/usr/local/lib/python3.10/site-packages/starlette/middleware/base.py", line 144, in coro
    await self.app(scope, receive_or_disconnect, send_no_error)
  File "/usr/local/lib/python3.10/site-packages/starlette/middleware/base.py", line 193, in __call__
    response = await self.dispatch_func(request, call_next)
  File "/app/app/main.py", line 109, in verify_gateway_api_key
    response = await call_next(request)
  File "/usr/local/lib/python3.10/site-packages/starlette/middleware/base.py", line 168, in call_next
    raise app_exc from app_exc.__cause__ or app_exc.__context__
  File "/usr/local/lib/python3.10/site-packages/starlette/middleware/base.py", line 144, in coro
    await self.app(scope, receive_or_disconnect, send_no_error)
  File "/usr/local/lib/python3.10/site-packages/starlette/middleware/cors.py", line 88, in __call__
    await self.app(scope, receive, send)
  File "/usr/local/lib/python3.10/site-packages/starlette/middleware/exceptions.py", line 63, in __call__
    await wrap_app_handling_exceptions(self.app, conn)(scope, receive, send)
  File "/usr/local/lib/python3.10/site-packages/starlette/_exception_handler.py", line 53, in wrapped_app
    raise exc
  File "/usr/local/lib/python3.10/site-packages/starlette/_exception_handler.py", line 42, in wrapped_app
    await app(scope, receive, sender)
  File "/usr/local/lib/python3.10/site-packages/fastapi/middleware/asyncexitstack.py", line 18, in __call__
    await self.app(scope, receive, send)
  File "/usr/local/lib/python3.10/site-packages/starlette/routing.py", line 660, in __call__
    await self.middleware_stack(scope, receive, send)
  File "/usr/local/lib/python3.10/site-packages/fastapi/routing.py", line 2692, in app
    await route.handle(scope, receive, send)
  File "/usr/local/lib/python3.10/site-packages/fastapi/routing.py", line 1773, in handle
    await self.original_router.handle(scope, receive, send)
  File "/usr/local/lib/python3.10/site-packages/fastapi/routing.py", line 2747, in handle
    await included_router._handle_selected(scope, receive, send)
  File "/usr/local/lib/python3.10/site-packages/fastapi/routing.py", line 1793, in _handle_selected
    await original_route.handle(scope, receive, send)
  File "/usr/local/lib/python3.10/site-packages/fastapi/routing.py", line 1272, in handle
    await app(scope, receive, send)
  File "/usr/local/lib/python3.10/site-packages/fastapi/routing.py", line 156, in app
    await wrap_app_handling_exceptions(app, request)(scope, receive, send)
  File "/usr/local/lib/python3.10/site-packages/starlette/_exception_handler.py", line 53, in wrapped_app
    raise exc
  File "/usr/local/lib/python3.10/site-packages/starlette/_exception_handler.py", line 42, in wrapped_app
    await app(scope, receive, sender)
  File "/usr/local/lib/python3.10/site-packages/fastapi/routing.py", line 142, in app
    response = await f(request)
  File "/usr/local/lib/python3.10/site-packages/fastapi/routing.py", line 698, in app
    raw_response = await run_endpoint_function(
  File "/usr/local/lib/python3.10/site-packages/fastapi/routing.py", line 352, in run_endpoint_function
    return await run_in_threadpool(dependant.call, **values)
  File "/usr/local/lib/python3.10/site-packages/starlette/concurrency.py", line 34, in run_in_threadpool
    return await anyio.to_thread.run_sync(func)
  File "/usr/local/lib/python3.10/site-packages/anyio/to_thread.py", line 65, in run_sync
    return await get_async_backend().run_sync_in_worker_thread(
  File "/usr/local/lib/python3.10/site-packages/anyio/_backends/_asyncio.py", line 2641, in run_sync_in_worker_thread
    return await future
  File "/usr/local/lib/python3.10/site-packages/anyio/_backends/_asyncio.py", line 1033, in run
    result = context.run(func, *args)
  File "/app/app/api/routes/dashboard_routes.py", line 28, in get_dashboard_summary
    priorities = db.query(AICollectionPriority).all()
NameError: name 'AICollectionPriority' is not defined
ERROR:app.main:[92c66e45-77a7-4e43-b4f9-6d40e3c8fc7d] Unhandled exception on /api/ai/dashboard/summary: name 'AICollectionPriority' is not defined
  + Exception Group Traceback (most recent call last):
  |   File "/usr/local/lib/python3.10/site-packages/starlette/_utils.py", line 85, in create_collapsing_task_group
  |     async with anyio.create_task_group() as tg:
  |   File "/usr/local/lib/python3.10/site-packages/anyio/_backends/_asyncio.py", line 815, in __aexit__
  |     raise BaseExceptionGroup(
  | exceptiongroup.ExceptionGroup: unhandled errors in a TaskGroup (1 sub-exception)
  +-+---------------- 1 ----------------
    | Traceback (most recent call last):
    |   File "/usr/local/lib/python3.10/site-packages/starlette/middleware/errors.py", line 164, in __call__
    |     await self.app(scope, receive, _send)
    |   File "/usr/local/lib/python3.10/site-packages/starlette/middleware/base.py", line 193, in __call__
    |     response = await self.dispatch_func(request, call_next)
    |   File "/app/app/main.py", line 116, in add_security_headers
    |     response = await call_next(request)
    |   File "/usr/local/lib/python3.10/site-packages/starlette/middleware/base.py", line 168, in call_next
    |     raise app_exc from app_exc.__cause__ or app_exc.__context__
    |   File "/usr/local/lib/python3.10/site-packages/starlette/middleware/base.py", line 144, in coro
    |     await self.app(scope, receive_or_disconnect, send_no_error)
    |   File "/usr/local/lib/python3.10/site-packages/starlette/middleware/base.py", line 193, in __call__
    |     response = await self.dispatch_func(request, call_next)
    |   File "/app/app/main.py", line 109, in verify_gateway_api_key
    |     response = await call_next(request)
    |   File "/usr/local/lib/python3.10/site-packages/starlette/middleware/base.py", line 168, in call_next
    |     raise app_exc from app_exc.__cause__ or app_exc.__context__
    |   File "/usr/local/lib/python3.10/site-packages/starlette/middleware/base.py", line 144, in coro
    |     await self.app(scope, receive_or_disconnect, send_no_error)
    |   File "/usr/local/lib/python3.10/site-packages/starlette/middleware/cors.py", line 88, in __call__
    |     await self.app(scope, receive, send)
    |   File "/usr/local/lib/python3.10/site-packages/starlette/middleware/exceptions.py", line 63, in __call__
    |     await wrap_app_handling_exceptions(self.app, conn)(scope, receive, send)
    |   File "/usr/local/lib/python3.10/site-packages/starlette/_exception_handler.py", line 53, in wrapped_app
    |     raise exc
    |   File "/usr/local/lib/python3.10/site-packages/starlette/_exception_handler.py", line 42, in wrapped_app
    |     await app(scope, receive, sender)
    |   File "/usr/local/lib/python3.10/site-packages/fastapi/middleware/asyncexitstack.py", line 18, in __call__
    |     await self.app(scope, receive, send)
    |   File "/usr/local/lib/python3.10/site-packages/starlette/routing.py", line 660, in __call__
    |     await self.middleware_stack(scope, receive, send)
    |   File "/usr/local/lib/python3.10/site-packages/fastapi/routing.py", line 2692, in app
    |     await route.handle(scope, receive, send)
    |   File "/usr/local/lib/python3.10/site-packages/fastapi/routing.py", line 1773, in handle
    |     await self.original_router.handle(scope, receive, send)
    |   File "/usr/local/lib/python3.10/site-packages/fastapi/routing.py", line 2747, in handle
    |     await included_router._handle_selected(scope, receive, send)
    |   File "/usr/local/lib/python3.10/site-packages/fastapi/routing.py", line 1793, in _handle_selected
    |     await original_route.handle(scope, receive, send)
    |   File "/usr/local/lib/python3.10/site-packages/fastapi/routing.py", line 1272, in handle
    |     await app(scope, receive, send)
    |   File "/usr/local/lib/python3.10/site-packages/fastapi/routing.py", line 156, in app
    |     await wrap_app_handling_exceptions(app, request)(scope, receive, send)
    |   File "/usr/local/lib/python3.10/site-packages/starlette/_exception_handler.py", line 53, in wrapped_app
    |     raise exc
    |   File "/usr/local/lib/python3.10/site-packages/starlette/_exception_handler.py", line 42, in wrapped_app
    |     await app(scope, receive, sender)
    |   File "/usr/local/lib/python3.10/site-packages/fastapi/routing.py", line 142, in app
    |     response = await f(request)
    |   File "/usr/local/lib/python3.10/site-packages/fastapi/routing.py", line 698, in app
    |     raw_response = await run_endpoint_function(
    |   File "/usr/local/lib/python3.10/site-packages/fastapi/routing.py", line 352, in run_endpoint_function
    |     return await run_in_threadpool(dependant.call, **values)
    |   File "/usr/local/lib/python3.10/site-packages/starlette/concurrency.py", line 34, in run_in_threadpool
    |     return await anyio.to_thread.run_sync(func)
    |   File "/usr/local/lib/python3.10/site-packages/anyio/to_thread.py", line 65, in run_sync
    |     return await get_async_backend().run_sync_in_worker_thread(
    |   File "/usr/local/lib/python3.10/site-packages/anyio/_backends/_asyncio.py", line 2641, in run_sync_in_worker_thread
    |     return await future
    |   File "/usr/local/lib/python3.10/site-packages/anyio/_backends/_asyncio.py", line 1033, in run
    |     result = context.run(func, *args)
    |   File "/app/app/api/routes/dashboard_routes.py", line 28, in get_dashboard_summary
    |     priorities = db.query(AICollectionPriority).all()
    | NameError: name 'AICollectionPriority' is not defined
    +------------------------------------

The above exception was the direct cause of the following exception:

Traceback (most recent call last):
  File "/usr/local/lib/python3.10/site-packages/starlette/middleware/errors.py", line 164, in __call__
    await self.app(scope, receive, _send)
  File "/usr/local/lib/python3.10/site-packages/starlette/middleware/base.py", line 193, in __call__
    response = await self.dispatch_func(request, call_next)
  File "/app/app/main.py", line 116, in add_security_headers
    response = await call_next(request)
  File "/usr/local/lib/python3.10/site-packages/starlette/middleware/base.py", line 168, in call_next
    raise app_exc from app_exc.__cause__ or app_exc.__context__
  File "/usr/local/lib/python3.10/site-packages/starlette/middleware/base.py", line 144, in coro
    await self.app(scope, receive_or_disconnect, send_no_error)
  File "/usr/local/lib/python3.10/site-packages/starlette/middleware/base.py", line 193, in __call__
    response = await self.dispatch_func(request, call_next)
  File "/app/app/main.py", line 109, in verify_gateway_api_key
    response = await call_next(request)
  File "/usr/local/lib/python3.10/site-packages/starlette/middleware/base.py", line 168, in call_next
    raise app_exc from app_exc.__cause__ or app_exc.__context__
  File "/usr/local/lib/python3.10/site-packages/starlette/middleware/base.py", line 144, in coro
    await self.app(scope, receive_or_disconnect, send_no_error)
  File "/usr/local/lib/python3.10/site-packages/starlette/middleware/cors.py", line 88, in __call__
    await self.app(scope, receive, send)
  File "/usr/local/lib/python3.10/site-packages/starlette/middleware/exceptions.py", line 63, in __call__
    await wrap_app_handling_exceptions(self.app, conn)(scope, receive, send)
  File "/usr/local/lib/python3.10/site-packages/starlette/_exception_handler.py", line 53, in wrapped_app
    raise exc
  File "/usr/local/lib/python3.10/site-packages/starlette/_exception_handler.py", line 42, in wrapped_app
    await app(scope, receive, sender)
  File "/usr/local/lib/python3.10/site-packages/fastapi/middleware/asyncexitstack.py", line 18, in __call__
    await self.app(scope, receive, send)
  File "/usr/local/lib/python3.10/site-packages/starlette/routing.py", line 660, in __call__
    await self.middleware_stack(scope, receive, send)
  File "/usr/local/lib/python3.10/site-packages/fastapi/routing.py", line 2692, in app
    await route.handle(scope, receive, send)
  File "/usr/local/lib/python3.10/site-packages/fastapi/routing.py", line 1773, in handle
    await self.original_router.handle(scope, receive, send)
  File "/usr/local/lib/python3.10/site-packages/fastapi/routing.py", line 2747, in handle
    await included_router._handle_selected(scope, receive, send)
  File "/usr/local/lib/python3.10/site-packages/fastapi/routing.py", line 1793, in _handle_selected
    await original_route.handle(scope, receive, send)
  File "/usr/local/lib/python3.10/site-packages/fastapi/routing.py", line 1272, in handle
    await app(scope, receive, send)
  File "/usr/local/lib/python3.10/site-packages/fastapi/routing.py", line 156, in app
    await wrap_app_handling_exceptions(app, request)(scope, receive, send)
  File "/usr/local/lib/python3.10/site-packages/starlette/_exception_handler.py", line 53, in wrapped_app
    raise exc
  File "/usr/local/lib/python3.10/site-packages/starlette/_exception_handler.py", line 42, in wrapped_app
    await app(scope, receive, sender)
  File "/usr/local/lib/python3.10/site-packages/fastapi/routing.py", line 142, in app
    response = await f(request)
  File "/usr/local/lib/python3.10/site-packages/fastapi/routing.py", line 698, in app
    raw_response = await run_endpoint_function(
  File "/usr/local/lib/python3.10/site-packages/fastapi/routing.py", line 352, in run_endpoint_function
    return await run_in_threadpool(dependant.call, **values)
  File "/usr/local/lib/python3.10/site-packages/starlette/concurrency.py", line 34, in run_in_threadpool
    return await anyio.to_thread.run_sync(func)
  File "/usr/local/lib/python3.10/site-packages/anyio/to_thread.py", line 65, in run_sync
    return await get_async_backend().run_sync_in_worker_thread(
  File "/usr/local/lib/python3.10/site-packages/anyio/_backends/_asyncio.py", line 2641, in run_sync_in_worker_thread
    return await future
  File "/usr/local/lib/python3.10/site-packages/anyio/_backends/_asyncio.py", line 1033, in run
    result = context.run(func, *args)
  File "/app/app/api/routes/dashboard_routes.py", line 28, in get_dashboard_summary
    priorities = db.query(AICollectionPriority).all()
NameError: name 'AICollectionPriority' is not defined
INFO:app.main:Shutting down AI Service...
INFO:app.main:Initializing AI Service...
ERROR:app.main:[36ebf87b-775c-47fa-891c-c915dc3355be] Unhandled exception on /api/ai/dashboard/summary: name 'AICollectionPriority' is not defined
  + Exception Group Traceback (most recent call last):
  |   File "/usr/local/lib/python3.10/site-packages/starlette/_utils.py", line 85, in create_collapsing_task_group
  |     async with anyio.create_task_group() as tg:
  |   File "/usr/local/lib/python3.10/site-packages/anyio/_backends/_asyncio.py", line 815, in __aexit__
  |     raise BaseExceptionGroup(
  | exceptiongroup.ExceptionGroup: unhandled errors in a TaskGroup (1 sub-exception)
  +-+---------------- 1 ----------------
    | Traceback (most recent call last):
    |   File "/usr/local/lib/python3.10/site-packages/starlette/middleware/errors.py", line 164, in __call__
    |     await self.app(scope, receive, _send)
    |   File "/usr/local/lib/python3.10/site-packages/starlette/middleware/base.py", line 193, in __call__
    |     response = await self.dispatch_func(request, call_next)
    |   File "/app/app/main.py", line 116, in add_security_headers
    |     response = await call_next(request)
    |   File "/usr/local/lib/python3.10/site-packages/starlette/middleware/base.py", line 168, in call_next
    |     raise app_exc from app_exc.__cause__ or app_exc.__context__
    |   File "/usr/local/lib/python3.10/site-packages/starlette/middleware/base.py", line 144, in coro
    |     await self.app(scope, receive_or_disconnect, send_no_error)
    |   File "/usr/local/lib/python3.10/site-packages/starlette/middleware/base.py", line 193, in __call__
    |     response = await self.dispatch_func(request, call_next)
    |   File "/app/app/main.py", line 109, in verify_gateway_api_key
    |     response = await call_next(request)
    |   File "/usr/local/lib/python3.10/site-packages/starlette/middleware/base.py", line 168, in call_next
    |     raise app_exc from app_exc.__cause__ or app_exc.__context__
    |   File "/usr/local/lib/python3.10/site-packages/starlette/middleware/base.py", line 144, in coro
    |     await self.app(scope, receive_or_disconnect, send_no_error)
    |   File "/usr/local/lib/python3.10/site-packages/starlette/middleware/cors.py", line 88, in __call__
    |     await self.app(scope, receive, send)
    |   File "/usr/local/lib/python3.10/site-packages/starlette/middleware/exceptions.py", line 63, in __call__
    |     await wrap_app_handling_exceptions(self.app, conn)(scope, receive, send)
    |   File "/usr/local/lib/python3.10/site-packages/starlette/_exception_handler.py", line 53, in wrapped_app
    |     raise exc
    |   File "/usr/local/lib/python3.10/site-packages/starlette/_exception_handler.py", line 42, in wrapped_app
    |     await app(scope, receive, sender)
    |   File "/usr/local/lib/python3.10/site-packages/fastapi/middleware/asyncexitstack.py", line 18, in __call__
    |     await self.app(scope, receive, send)
    |   File "/usr/local/lib/python3.10/site-packages/starlette/routing.py", line 660, in __call__
    |     await self.middleware_stack(scope, receive, send)
    |   File "/usr/local/lib/python3.10/site-packages/fastapi/routing.py", line 2692, in app
    |     await route.handle(scope, receive, send)
    |   File "/usr/local/lib/python3.10/site-packages/fastapi/routing.py", line 1773, in handle
    |     await self.original_router.handle(scope, receive, send)
    |   File "/usr/local/lib/python3.10/site-packages/fastapi/routing.py", line 2747, in handle
    |     await included_router._handle_selected(scope, receive, send)
    |   File "/usr/local/lib/python3.10/site-packages/fastapi/routing.py", line 1793, in _handle_selected
    |     await original_route.handle(scope, receive, send)
    |   File "/usr/local/lib/python3.10/site-packages/fastapi/routing.py", line 1272, in handle
    |     await app(scope, receive, send)
    |   File "/usr/local/lib/python3.10/site-packages/fastapi/routing.py", line 156, in app
    |     await wrap_app_handling_exceptions(app, request)(scope, receive, send)
    |   File "/usr/local/lib/python3.10/site-packages/starlette/_exception_handler.py", line 53, in wrapped_app
    |     raise exc
    |   File "/usr/local/lib/python3.10/site-packages/starlette/_exception_handler.py", line 42, in wrapped_app
    |     await app(scope, receive, sender)
    |   File "/usr/local/lib/python3.10/site-packages/fastapi/routing.py", line 142, in app
    |     response = await f(request)
    |   File "/usr/local/lib/python3.10/site-packages/fastapi/routing.py", line 698, in app
    |     raw_response = await run_endpoint_function(
    |   File "/usr/local/lib/python3.10/site-packages/fastapi/routing.py", line 352, in run_endpoint_function
    |     return await run_in_threadpool(dependant.call, **values)
    |   File "/usr/local/lib/python3.10/site-packages/starlette/concurrency.py", line 34, in run_in_threadpool
    |     return await anyio.to_thread.run_sync(func)
    |   File "/usr/local/lib/python3.10/site-packages/anyio/to_thread.py", line 65, in run_sync
    |     return await get_async_backend().run_sync_in_worker_thread(
    |   File "/usr/local/lib/python3.10/site-packages/anyio/_backends/_asyncio.py", line 2641, in run_sync_in_worker_thread
    |     return await future
    |   File "/usr/local/lib/python3.10/site-packages/anyio/_backends/_asyncio.py", line 1033, in run
    |     result = context.run(func, *args)
    |   File "/app/app/api/routes/dashboard_routes.py", line 28, in get_dashboard_summary
    |     priorities = db.query(AICollectionPriority).all()
    | NameError: name 'AICollectionPriority' is not defined
    +------------------------------------

The above exception was the direct cause of the following exception:

Traceback (most recent call last):
  File "/usr/local/lib/python3.10/site-packages/starlette/middleware/errors.py", line 164, in __call__
    await self.app(scope, receive, _send)
  File "/usr/local/lib/python3.10/site-packages/starlette/middleware/base.py", line 193, in __call__
    response = await self.dispatch_func(request, call_next)
  File "/app/app/main.py", line 116, in add_security_headers
    response = await call_next(request)
  File "/usr/local/lib/python3.10/site-packages/starlette/middleware/base.py", line 168, in call_next
    raise app_exc from app_exc.__cause__ or app_exc.__context__
  File "/usr/local/lib/python3.10/site-packages/starlette/middleware/base.py", line 144, in coro
    await self.app(scope, receive_or_disconnect, send_no_error)
  File "/usr/local/lib/python3.10/site-packages/starlette/middleware/base.py", line 193, in __call__
    response = await self.dispatch_func(request, call_next)
  File "/app/app/main.py", line 109, in verify_gateway_api_key
    response = await call_next(request)
  File "/usr/local/lib/python3.10/site-packages/starlette/middleware/base.py", line 168, in call_next
    raise app_exc from app_exc.__cause__ or app_exc.__context__
  File "/usr/local/lib/python3.10/site-packages/starlette/middleware/base.py", line 144, in coro
    await self.app(scope, receive_or_disconnect, send_no_error)
  File "/usr/local/lib/python3.10/site-packages/starlette/middleware/cors.py", line 88, in __call__
    await self.app(scope, receive, send)
  File "/usr/local/lib/python3.10/site-packages/starlette/middleware/exceptions.py", line 63, in __call__
    await wrap_app_handling_exceptions(self.app, conn)(scope, receive, send)
  File "/usr/local/lib/python3.10/site-packages/starlette/_exception_handler.py", line 53, in wrapped_app
    raise exc
  File "/usr/local/lib/python3.10/site-packages/starlette/_exception_handler.py", line 42, in wrapped_app
    await app(scope, receive, sender)
  File "/usr/local/lib/python3.10/site-packages/fastapi/middleware/asyncexitstack.py", line 18, in __call__
    await self.app(scope, receive, send)
  File "/usr/local/lib/python3.10/site-packages/starlette/routing.py", line 660, in __call__
    await self.middleware_stack(scope, receive, send)
  File "/usr/local/lib/python3.10/site-packages/fastapi/routing.py", line 2692, in app
    await route.handle(scope, receive, send)
  File "/usr/local/lib/python3.10/site-packages/fastapi/routing.py", line 1773, in handle
    await self.original_router.handle(scope, receive, send)
  File "/usr/local/lib/python3.10/site-packages/fastapi/routing.py", line 2747, in handle
    await included_router._handle_selected(scope, receive, send)
  File "/usr/local/lib/python3.10/site-packages/fastapi/routing.py", line 1793, in _handle_selected
    await original_route.handle(scope, receive, send)
  File "/usr/local/lib/python3.10/site-packages/fastapi/routing.py", line 1272, in handle
    await app(scope, receive, send)
  File "/usr/local/lib/python3.10/site-packages/fastapi/routing.py", line 156, in app
    await wrap_app_handling_exceptions(app, request)(scope, receive, send)
  File "/usr/local/lib/python3.10/site-packages/starlette/_exception_handler.py", line 53, in wrapped_app
    raise exc
  File "/usr/local/lib/python3.10/site-packages/starlette/_exception_handler.py", line 42, in wrapped_app
    await app(scope, receive, sender)
  File "/usr/local/lib/python3.10/site-packages/fastapi/routing.py", line 142, in app
    response = await f(request)
  File "/usr/local/lib/python3.10/site-packages/fastapi/routing.py", line 698, in app
    raw_response = await run_endpoint_function(
  File "/usr/local/lib/python3.10/site-packages/fastapi/routing.py", line 352, in run_endpoint_function
    return await run_in_threadpool(dependant.call, **values)
  File "/usr/local/lib/python3.10/site-packages/starlette/concurrency.py", line 34, in run_in_threadpool
    return await anyio.to_thread.run_sync(func)
  File "/usr/local/lib/python3.10/site-packages/anyio/to_thread.py", line 65, in run_sync
    return await get_async_backend().run_sync_in_worker_thread(
  File "/usr/local/lib/python3.10/site-packages/anyio/_backends/_asyncio.py", line 2641, in run_sync_in_worker_thread
    return await future
  File "/usr/local/lib/python3.10/site-packages/anyio/_backends/_asyncio.py", line 1033, in run
    result = context.run(func, *args)
  File "/app/app/api/routes/dashboard_routes.py", line 28, in get_dashboard_summary
    priorities = db.query(AICollectionPriority).all()
NameError: name 'AICollectionPriority' is not defined
ERROR:app.main:[d03e6975-186a-46fe-b7b5-736563d171b1] Unhandled exception on /api/ai/dashboard/summary: name 'AICollectionPriority' is not defined
  + Exception Group Traceback (most recent call last):
  |   File "/usr/local/lib/python3.10/site-packages/starlette/_utils.py", line 85, in create_collapsing_task_group
  |     async with anyio.create_task_group() as tg:
  |   File "/usr/local/lib/python3.10/site-packages/anyio/_backends/_asyncio.py", line 815, in __aexit__
  |     raise BaseExceptionGroup(
  | exceptiongroup.ExceptionGroup: unhandled errors in a TaskGroup (1 sub-exception)
  +-+---------------- 1 ----------------
    | Traceback (most recent call last):
    |   File "/usr/local/lib/python3.10/site-packages/starlette/middleware/errors.py", line 164, in __call__
    |     await self.app(scope, receive, _send)
    |   File "/usr/local/lib/python3.10/site-packages/starlette/middleware/base.py", line 193, in __call__
    |     response = await self.dispatch_func(request, call_next)
    |   File "/app/app/main.py", line 116, in add_security_headers
    |     response = await call_next(request)
    |   File "/usr/local/lib/python3.10/site-packages/starlette/middleware/base.py", line 168, in call_next
    |     raise app_exc from app_exc.__cause__ or app_exc.__context__
    |   File "/usr/local/lib/python3.10/site-packages/starlette/middleware/base.py", line 144, in coro
    |     await self.app(scope, receive_or_disconnect, send_no_error)
    |   File "/usr/local/lib/python3.10/site-packages/starlette/middleware/base.py", line 193, in __call__
    |     response = await self.dispatch_func(request, call_next)
    |   File "/app/app/main.py", line 109, in verify_gateway_api_key
    |     response = await call_next(request)
    |   File "/usr/local/lib/python3.10/site-packages/starlette/middleware/base.py", line 168, in call_next
    |     raise app_exc from app_exc.__cause__ or app_exc.__context__
    |   File "/usr/local/lib/python3.10/site-packages/starlette/middleware/base.py", line 144, in coro
    |     await self.app(scope, receive_or_disconnect, send_no_error)
    |   File "/usr/local/lib/python3.10/site-packages/starlette/middleware/cors.py", line 88, in __call__
    |     await self.app(scope, receive, send)
    |   File "/usr/local/lib/python3.10/site-packages/starlette/middleware/exceptions.py", line 63, in __call__
    |     await wrap_app_handling_exceptions(self.app, conn)(scope, receive, send)
    |   File "/usr/local/lib/python3.10/site-packages/starlette/_exception_handler.py", line 53, in wrapped_app
    |     raise exc
    |   File "/usr/local/lib/python3.10/site-packages/starlette/_exception_handler.py", line 42, in wrapped_app
    |     await app(scope, receive, sender)
    |   File "/usr/local/lib/python3.10/site-packages/fastapi/middleware/asyncexitstack.py", line 18, in __call__
    |     await self.app(scope, receive, send)
    |   File "/usr/local/lib/python3.10/site-packages/starlette/routing.py", line 660, in __call__
    |     await self.middleware_stack(scope, receive, send)
    |   File "/usr/local/lib/python3.10/site-packages/fastapi/routing.py", line 2692, in app
    |     await route.handle(scope, receive, send)
    |   File "/usr/local/lib/python3.10/site-packages/fastapi/routing.py", line 1773, in handle
    |     await self.original_router.handle(scope, receive, send)
    |   File "/usr/local/lib/python3.10/site-packages/fastapi/routing.py", line 2747, in handle
    |     await included_router._handle_selected(scope, receive, send)
    |   File "/usr/local/lib/python3.10/site-packages/fastapi/routing.py", line 1793, in _handle_selected
    |     await original_route.handle(scope, receive, send)
    |   File "/usr/local/lib/python3.10/site-packages/fastapi/routing.py", line 1272, in handle
    |     await app(scope, receive, send)
    |   File "/usr/local/lib/python3.10/site-packages/fastapi/routing.py", line 156, in app
    |     await wrap_app_handling_exceptions(app, request)(scope, receive, send)
    |   File "/usr/local/lib/python3.10/site-packages/starlette/_exception_handler.py", line 53, in wrapped_app
    |     raise exc
    |   File "/usr/local/lib/python3.10/site-packages/starlette/_exception_handler.py", line 42, in wrapped_app
    |     await app(scope, receive, sender)
    |   File "/usr/local/lib/python3.10/site-packages/fastapi/routing.py", line 142, in app
    |     response = await f(request)
    |   File "/usr/local/lib/python3.10/site-packages/fastapi/routing.py", line 698, in app
    |     raw_response = await run_endpoint_function(
    |   File "/usr/local/lib/python3.10/site-packages/fastapi/routing.py", line 352, in run_endpoint_function
    |     return await run_in_threadpool(dependant.call, **values)
    |   File "/usr/local/lib/python3.10/site-packages/starlette/concurrency.py", line 34, in run_in_threadpool
    |     return await anyio.to_thread.run_sync(func)
    |   File "/usr/local/lib/python3.10/site-packages/anyio/to_thread.py", line 65, in run_sync
    |     return await get_async_backend().run_sync_in_worker_thread(
    |   File "/usr/local/lib/python3.10/site-packages/anyio/_backends/_asyncio.py", line 2641, in run_sync_in_worker_thread
    |     return await future
    |   File "/usr/local/lib/python3.10/site-packages/anyio/_backends/_asyncio.py", line 1033, in run
    |     result = context.run(func, *args)
    |   File "/app/app/api/routes/dashboard_routes.py", line 28, in get_dashboard_summary
    |     priorities = db.query(AICollectionPriority).all()
    | NameError: name 'AICollectionPriority' is not defined
    +------------------------------------

The above exception was the direct cause of the following exception:

Traceback (most recent call last):
  File "/usr/local/lib/python3.10/site-packages/starlette/middleware/errors.py", line 164, in __call__
    await self.app(scope, receive, _send)
  File "/usr/local/lib/python3.10/site-packages/starlette/middleware/base.py", line 193, in __call__
    response = await self.dispatch_func(request, call_next)
  File "/app/app/main.py", line 116, in add_security_headers
    response = await call_next(request)
  File "/usr/local/lib/python3.10/site-packages/starlette/middleware/base.py", line 168, in call_next
    raise app_exc from app_exc.__cause__ or app_exc.__context__
  File "/usr/local/lib/python3.10/site-packages/starlette/middleware/base.py", line 144, in coro
    await self.app(scope, receive_or_disconnect, send_no_error)
  File "/usr/local/lib/python3.10/site-packages/starlette/middleware/base.py", line 193, in __call__
    response = await self.dispatch_func(request, call_next)
  File "/app/app/main.py", line 109, in verify_gateway_api_key
    response = await call_next(request)
  File "/usr/local/lib/python3.10/site-packages/starlette/middleware/base.py", line 168, in call_next
    raise app_exc from app_exc.__cause__ or app_exc.__context__
  File "/usr/local/lib/python3.10/site-packages/starlette/middleware/base.py", line 144, in coro
    await self.app(scope, receive_or_disconnect, send_no_error)
  File "/usr/local/lib/python3.10/site-packages/starlette/middleware/cors.py", line 88, in __call__
    await self.app(scope, receive, send)
  File "/usr/local/lib/python3.10/site-packages/starlette/middleware/exceptions.py", line 63, in __call__
    await wrap_app_handling_exceptions(self.app, conn)(scope, receive, send)
  File "/usr/local/lib/python3.10/site-packages/starlette/_exception_handler.py", line 53, in wrapped_app
    raise exc
  File "/usr/local/lib/python3.10/site-packages/starlette/_exception_handler.py", line 42, in wrapped_app
    await app(scope, receive, sender)
  File "/usr/local/lib/python3.10/site-packages/fastapi/middleware/asyncexitstack.py", line 18, in __call__
    await self.app(scope, receive, send)
  File "/usr/local/lib/python3.10/site-packages/starlette/routing.py", line 660, in __call__
    await self.middleware_stack(scope, receive, send)
  File "/usr/local/lib/python3.10/site-packages/fastapi/routing.py", line 2692, in app
    await route.handle(scope, receive, send)
  File "/usr/local/lib/python3.10/site-packages/fastapi/routing.py", line 1773, in handle
    await self.original_router.handle(scope, receive, send)
  File "/usr/local/lib/python3.10/site-packages/fastapi/routing.py", line 2747, in handle
    await included_router._handle_selected(scope, receive, send)
  File "/usr/local/lib/python3.10/site-packages/fastapi/routing.py", line 1793, in _handle_selected
    await original_route.handle(scope, receive, send)
  File "/usr/local/lib/python3.10/site-packages/fastapi/routing.py", line 1272, in handle
    await app(scope, receive, send)
  File "/usr/local/lib/python3.10/site-packages/fastapi/routing.py", line 156, in app
    await wrap_app_handling_exceptions(app, request)(scope, receive, send)
  File "/usr/local/lib/python3.10/site-packages/starlette/_exception_handler.py", line 53, in wrapped_app
    raise exc
  File "/usr/local/lib/python3.10/site-packages/starlette/_exception_handler.py", line 42, in wrapped_app
    await app(scope, receive, sender)
  File "/usr/local/lib/python3.10/site-packages/fastapi/routing.py", line 142, in app
    response = await f(request)
  File "/usr/local/lib/python3.10/site-packages/fastapi/routing.py", line 698, in app
    raw_response = await run_endpoint_function(
  File "/usr/local/lib/python3.10/site-packages/fastapi/routing.py", line 352, in run_endpoint_function
    return await run_in_threadpool(dependant.call, **values)
  File "/usr/local/lib/python3.10/site-packages/starlette/concurrency.py", line 34, in run_in_threadpool
    return await anyio.to_thread.run_sync(func)
  File "/usr/local/lib/python3.10/site-packages/anyio/to_thread.py", line 65, in run_sync
    return await get_async_backend().run_sync_in_worker_thread(
  File "/usr/local/lib/python3.10/site-packages/anyio/_backends/_asyncio.py", line 2641, in run_sync_in_worker_thread
    return await future
  File "/usr/local/lib/python3.10/site-packages/anyio/_backends/_asyncio.py", line 1033, in run
    result = context.run(func, *args)
  File "/app/app/api/routes/dashboard_routes.py", line 28, in get_dashboard_summary
    priorities = db.query(AICollectionPriority).all()
NameError: name 'AICollectionPriority' is not defined
ERROR:app.main:[0c1532c6-d02f-4af7-ac6b-bc2cfe49ac53] Unhandled exception on /api/ai/dashboard/summary: name 'AICollectionPriority' is not defined
  + Exception Group Traceback (most recent call last):
  |   File "/usr/local/lib/python3.10/site-packages/starlette/_utils.py", line 85, in create_collapsing_task_group
  |     async with anyio.create_task_group() as tg:
  |   File "/usr/local/lib/python3.10/site-packages/anyio/_backends/_asyncio.py", line 815, in __aexit__
  |     raise BaseExceptionGroup(
  | exceptiongroup.ExceptionGroup: unhandled errors in a TaskGroup (1 sub-exception)
  +-+---------------- 1 ----------------
    | Traceback (most recent call last):
    |   File "/usr/local/lib/python3.10/site-packages/starlette/middleware/errors.py", line 164, in __call__
    |     await self.app(scope, receive, _send)
    |   File "/usr/local/lib/python3.10/site-packages/starlette/middleware/base.py", line 193, in __call__
    |     response = await self.dispatch_func(request, call_next)
    |   File "/app/app/main.py", line 116, in add_security_headers
    |     response = await call_next(request)
    |   File "/usr/local/lib/python3.10/site-packages/starlette/middleware/base.py", line 168, in call_next
    |     raise app_exc from app_exc.__cause__ or app_exc.__context__
    |   File "/usr/local/lib/python3.10/site-packages/starlette/middleware/base.py", line 144, in coro
    |     await self.app(scope, receive_or_disconnect, send_no_error)
    |   File "/usr/local/lib/python3.10/site-packages/starlette/middleware/base.py", line 193, in __call__
    |     response = await self.dispatch_func(request, call_next)
    |   File "/app/app/main.py", line 109, in verify_gateway_api_key
    |     response = await call_next(request)
    |   File "/usr/local/lib/python3.10/site-packages/starlette/middleware/base.py", line 168, in call_next
    |     raise app_exc from app_exc.__cause__ or app_exc.__context__
    |   File "/usr/local/lib/python3.10/site-packages/starlette/middleware/base.py", line 144, in coro
    |     await self.app(scope, receive_or_disconnect, send_no_error)
    |   File "/usr/local/lib/python3.10/site-packages/starlette/middleware/cors.py", line 88, in __call__
    |     await self.app(scope, receive, send)
    |   File "/usr/local/lib/python3.10/site-packages/starlette/middleware/exceptions.py", line 63, in __call__
    |     await wrap_app_handling_exceptions(self.app, conn)(scope, receive, send)
    |   File "/usr/local/lib/python3.10/site-packages/starlette/_exception_handler.py", line 53, in wrapped_app
    |     raise exc
    |   File "/usr/local/lib/python3.10/site-packages/starlette/_exception_handler.py", line 42, in wrapped_app
    |     await app(scope, receive, sender)
    |   File "/usr/local/lib/python3.10/site-packages/fastapi/middleware/asyncexitstack.py", line 18, in __call__
    |     await self.app(scope, receive, send)
    |   File "/usr/local/lib/python3.10/site-packages/starlette/routing.py", line 660, in __call__
    |     await self.middleware_stack(scope, receive, send)
    |   File "/usr/local/lib/python3.10/site-packages/fastapi/routing.py", line 2692, in app
    |     await route.handle(scope, receive, send)
    |   File "/usr/local/lib/python3.10/site-packages/fastapi/routing.py", line 1773, in handle
    |     await self.original_router.handle(scope, receive, send)
    |   File "/usr/local/lib/python3.10/site-packages/fastapi/routing.py", line 2747, in handle
    |     await included_router._handle_selected(scope, receive, send)
    |   File "/usr/local/lib/python3.10/site-packages/fastapi/routing.py", line 1793, in _handle_selected
    |     await original_route.handle(scope, receive, send)
    |   File "/usr/local/lib/python3.10/site-packages/fastapi/routing.py", line 1272, in handle
    |     await app(scope, receive, send)
    |   File "/usr/local/lib/python3.10/site-packages/fastapi/routing.py", line 156, in app
    |     await wrap_app_handling_exceptions(app, request)(scope, receive, send)
    |   File "/usr/local/lib/python3.10/site-packages/starlette/_exception_handler.py", line 53, in wrapped_app
    |     raise exc
    |   File "/usr/local/lib/python3.10/site-packages/starlette/_exception_handler.py", line 42, in wrapped_app
    |     await app(scope, receive, sender)
    |   File "/usr/local/lib/python3.10/site-packages/fastapi/routing.py", line 142, in app
    |     response = await f(request)
    |   File "/usr/local/lib/python3.10/site-packages/fastapi/routing.py", line 698, in app
    |     raw_response = await run_endpoint_function(
    |   File "/usr/local/lib/python3.10/site-packages/fastapi/routing.py", line 352, in run_endpoint_function
    |     return await run_in_threadpool(dependant.call, **values)
    |   File "/usr/local/lib/python3.10/site-packages/starlette/concurrency.py", line 34, in run_in_threadpool
    |     return await anyio.to_thread.run_sync(func)
    |   File "/usr/local/lib/python3.10/site-packages/anyio/to_thread.py", line 65, in run_sync
    |     return await get_async_backend().run_sync_in_worker_thread(
    |   File "/usr/local/lib/python3.10/site-packages/anyio/_backends/_asyncio.py", line 2641, in run_sync_in_worker_thread
    |     return await future
    |   File "/usr/local/lib/python3.10/site-packages/anyio/_backends/_asyncio.py", line 1033, in run
    |     result = context.run(func, *args)
    |   File "/app/app/api/routes/dashboard_routes.py", line 28, in get_dashboard_summary
    |     priorities = db.query(AICollectionPriority).all()
    | NameError: name 'AICollectionPriority' is not defined
    +------------------------------------

The above exception was the direct cause of the following exception:

Traceback (most recent call last):
  File "/usr/local/lib/python3.10/site-packages/starlette/middleware/errors.py", line 164, in __call__
    await self.app(scope, receive, _send)
  File "/usr/local/lib/python3.10/site-packages/starlette/middleware/base.py", line 193, in __call__
    response = await self.dispatch_func(request, call_next)
  File "/app/app/main.py", line 116, in add_security_headers
    response = await call_next(request)
  File "/usr/local/lib/python3.10/site-packages/starlette/middleware/base.py", line 168, in call_next
    raise app_exc from app_exc.__cause__ or app_exc.__context__
  File "/usr/local/lib/python3.10/site-packages/starlette/middleware/base.py", line 144, in coro
    await self.app(scope, receive_or_disconnect, send_no_error)
  File "/usr/local/lib/python3.10/site-packages/starlette/middleware/base.py", line 193, in __call__
    response = await self.dispatch_func(request, call_next)
  File "/app/app/main.py", line 109, in verify_gateway_api_key
    response = await call_next(request)
  File "/usr/local/lib/python3.10/site-packages/starlette/middleware/base.py", line 168, in call_next
    raise app_exc from app_exc.__cause__ or app_exc.__context__
  File "/usr/local/lib/python3.10/site-packages/starlette/middleware/base.py", line 144, in coro
    await self.app(scope, receive_or_disconnect, send_no_error)
  File "/usr/local/lib/python3.10/site-packages/starlette/middleware/cors.py", line 88, in __call__
    await self.app(scope, receive, send)
  File "/usr/local/lib/python3.10/site-packages/starlette/middleware/exceptions.py", line 63, in __call__
    await wrap_app_handling_exceptions(self.app, conn)(scope, receive, send)
  File "/usr/local/lib/python3.10/site-packages/starlette/_exception_handler.py", line 53, in wrapped_app
    raise exc
  File "/usr/local/lib/python3.10/site-packages/starlette/_exception_handler.py", line 42, in wrapped_app
    await app(scope, receive, sender)
  File "/usr/local/lib/python3.10/site-packages/fastapi/middleware/asyncexitstack.py", line 18, in __call__
    await self.app(scope, receive, send)
  File "/usr/local/lib/python3.10/site-packages/starlette/routing.py", line 660, in __call__
    await self.middleware_stack(scope, receive, send)
  File "/usr/local/lib/python3.10/site-packages/fastapi/routing.py", line 2692, in app
    await route.handle(scope, receive, send)
  File "/usr/local/lib/python3.10/site-packages/fastapi/routing.py", line 1773, in handle
    await self.original_router.handle(scope, receive, send)
  File "/usr/local/lib/python3.10/site-packages/fastapi/routing.py", line 2747, in handle
    await included_router._handle_selected(scope, receive, send)
  File "/usr/local/lib/python3.10/site-packages/fastapi/routing.py", line 1793, in _handle_selected
    await original_route.handle(scope, receive, send)
  File "/usr/local/lib/python3.10/site-packages/fastapi/routing.py", line 1272, in handle
    await app(scope, receive, send)
  File "/usr/local/lib/python3.10/site-packages/fastapi/routing.py", line 156, in app
    await wrap_app_handling_exceptions(app, request)(scope, receive, send)
  File "/usr/local/lib/python3.10/site-packages/starlette/_exception_handler.py", line 53, in wrapped_app
    raise exc
  File "/usr/local/lib/python3.10/site-packages/starlette/_exception_handler.py", line 42, in wrapped_app
    await app(scope, receive, sender)
  File "/usr/local/lib/python3.10/site-packages/fastapi/routing.py", line 142, in app
    response = await f(request)
  File "/usr/local/lib/python3.10/site-packages/fastapi/routing.py", line 698, in app
    raw_response = await run_endpoint_function(
  File "/usr/local/lib/python3.10/site-packages/fastapi/routing.py", line 352, in run_endpoint_function
    return await run_in_threadpool(dependant.call, **values)
  File "/usr/local/lib/python3.10/site-packages/starlette/concurrency.py", line 34, in run_in_threadpool
    return await anyio.to_thread.run_sync(func)
  File "/usr/local/lib/python3.10/site-packages/anyio/to_thread.py", line 65, in run_sync
    return await get_async_backend().run_sync_in_worker_thread(
  File "/usr/local/lib/python3.10/site-packages/anyio/_backends/_asyncio.py", line 2641, in run_sync_in_worker_thread
    return await future
  File "/usr/local/lib/python3.10/site-packages/anyio/_backends/_asyncio.py", line 1033, in run
    result = context.run(func, *args)
  File "/app/app/api/routes/dashboard_routes.py", line 28, in get_dashboard_summary
    priorities = db.query(AICollectionPriority).all()
NameError: name 'AICollectionPriority' is not defined
ERROR:app.main:[6e78c533-cbef-4624-84bb-8dc1c4d345d0] Unhandled exception on /api/ai/dashboard/summary: name 'AICollectionPriority' is not defined
  + Exception Group Traceback (most recent call last):
  |   File "/usr/local/lib/python3.10/site-packages/starlette/_utils.py", line 85, in create_collapsing_task_group
  |     async with anyio.create_task_group() as tg:
  |   File "/usr/local/lib/python3.10/site-packages/anyio/_backends/_asyncio.py", line 815, in __aexit__
  |     raise BaseExceptionGroup(
  | exceptiongroup.ExceptionGroup: unhandled errors in a TaskGroup (1 sub-exception)
  +-+---------------- 1 ----------------
    | Traceback (most recent call last):
    |   File "/usr/local/lib/python3.10/site-packages/starlette/middleware/errors.py", line 164, in __call__
    |     await self.app(scope, receive, _send)
    |   File "/usr/local/lib/python3.10/site-packages/starlette/middleware/base.py", line 193, in __call__
    |     response = await self.dispatch_func(request, call_next)
    |   File "/app/app/main.py", line 116, in add_security_headers
    |     response = await call_next(request)
    |   File "/usr/local/lib/python3.10/site-packages/starlette/middleware/base.py", line 168, in call_next
    |     raise app_exc from app_exc.__cause__ or app_exc.__context__
    |   File "/usr/local/lib/python3.10/site-packages/starlette/middleware/base.py", line 144, in coro
    |     await self.app(scope, receive_or_disconnect, send_no_error)
    |   File "/usr/local/lib/python3.10/site-packages/starlette/middleware/base.py", line 193, in __call__
    |     response = await self.dispatch_func(request, call_next)
    |   File "/app/app/main.py", line 109, in verify_gateway_api_key
    |     response = await call_next(request)
    |   File "/usr/local/lib/python3.10/site-packages/starlette/middleware/base.py", line 168, in call_next
    |     raise app_exc from app_exc.__cause__ or app_exc.__context__
    |   File "/usr/local/lib/python3.10/site-packages/starlette/middleware/base.py", line 144, in coro
    |     await self.app(scope, receive_or_disconnect, send_no_error)
    |   File "/usr/local/lib/python3.10/site-packages/starlette/middleware/cors.py", line 88, in __call__
    |     await self.app(scope, receive, send)
    |   File "/usr/local/lib/python3.10/site-packages/starlette/middleware/exceptions.py", line 63, in __call__
    |     await wrap_app_handling_exceptions(self.app, conn)(scope, receive, send)
    |   File "/usr/local/lib/python3.10/site-packages/starlette/_exception_handler.py", line 53, in wrapped_app
    |     raise exc
    |   File "/usr/local/lib/python3.10/site-packages/starlette/_exception_handler.py", line 42, in wrapped_app
    |     await app(scope, receive, sender)
    |   File "/usr/local/lib/python3.10/site-packages/fastapi/middleware/asyncexitstack.py", line 18, in __call__
    |     await self.app(scope, receive, send)
    |   File "/usr/local/lib/python3.10/site-packages/starlette/routing.py", line 660, in __call__
    |     await self.middleware_stack(scope, receive, send)
    |   File "/usr/local/lib/python3.10/site-packages/fastapi/routing.py", line 2692, in app
    |     await route.handle(scope, receive, send)
    |   File "/usr/local/lib/python3.10/site-packages/fastapi/routing.py", line 1773, in handle
    |     await self.original_router.handle(scope, receive, send)
    |   File "/usr/local/lib/python3.10/site-packages/fastapi/routing.py", line 2747, in handle
    |     await included_router._handle_selected(scope, receive, send)
    |   File "/usr/local/lib/python3.10/site-packages/fastapi/routing.py", line 1793, in _handle_selected
    |     await original_route.handle(scope, receive, send)
    |   File "/usr/local/lib/python3.10/site-packages/fastapi/routing.py", line 1272, in handle
    |     await app(scope, receive, send)
    |   File "/usr/local/lib/python3.10/site-packages/fastapi/routing.py", line 156, in app
    |     await wrap_app_handling_exceptions(app, request)(scope, receive, send)
    |   File "/usr/local/lib/python3.10/site-packages/starlette/_exception_handler.py", line 53, in wrapped_app
    |     raise exc
    |   File "/usr/local/lib/python3.10/site-packages/starlette/_exception_handler.py", line 42, in wrapped_app
    |     await app(scope, receive, sender)
    |   File "/usr/local/lib/python3.10/site-packages/fastapi/routing.py", line 142, in app
    |     response = await f(request)
    |   File "/usr/local/lib/python3.10/site-packages/fastapi/routing.py", line 698, in app
    |     raw_response = await run_endpoint_function(
    |   File "/usr/local/lib/python3.10/site-packages/fastapi/routing.py", line 352, in run_endpoint_function
    |     return await run_in_threadpool(dependant.call, **values)
    |   File "/usr/local/lib/python3.10/site-packages/starlette/concurrency.py", line 34, in run_in_threadpool
    |     return await anyio.to_thread.run_sync(func)
    |   File "/usr/local/lib/python3.10/site-packages/anyio/to_thread.py", line 65, in run_sync
    |     return await get_async_backend().run_sync_in_worker_thread(
    |   File "/usr/local/lib/python3.10/site-packages/anyio/_backends/_asyncio.py", line 2641, in run_sync_in_worker_thread
    |     return await future
    |   File "/usr/local/lib/python3.10/site-packages/anyio/_backends/_asyncio.py", line 1033, in run
    |     result = context.run(func, *args)
    |   File "/app/app/api/routes/dashboard_routes.py", line 28, in get_dashboard_summary
    |     priorities = db.query(AICollectionPriority).all()
    | NameError: name 'AICollectionPriority' is not defined
    +------------------------------------

The above exception was the direct cause of the following exception:

Traceback (most recent call last):
  File "/usr/local/lib/python3.10/site-packages/starlette/middleware/errors.py", line 164, in __call__
    await self.app(scope, receive, _send)
  File "/usr/local/lib/python3.10/site-packages/starlette/middleware/base.py", line 193, in __call__
    response = await self.dispatch_func(request, call_next)
  File "/app/app/main.py", line 116, in add_security_headers
    response = await call_next(request)
  File "/usr/local/lib/python3.10/site-packages/starlette/middleware/base.py", line 168, in call_next
    raise app_exc from app_exc.__cause__ or app_exc.__context__
  File "/usr/local/lib/python3.10/site-packages/starlette/middleware/base.py", line 144, in coro
    await self.app(scope, receive_or_disconnect, send_no_error)
  File "/usr/local/lib/python3.10/site-packages/starlette/middleware/base.py", line 193, in __call__
    response = await self.dispatch_func(request, call_next)
  File "/app/app/main.py", line 109, in verify_gateway_api_key
    response = await call_next(request)
  File "/usr/local/lib/python3.10/site-packages/starlette/middleware/base.py", line 168, in call_next
    raise app_exc from app_exc.__cause__ or app_exc.__context__
  File "/usr/local/lib/python3.10/site-packages/starlette/middleware/base.py", line 144, in coro
    await self.app(scope, receive_or_disconnect, send_no_error)
  File "/usr/local/lib/python3.10/site-packages/starlette/middleware/cors.py", line 88, in __call__
    await self.app(scope, receive, send)
  File "/usr/local/lib/python3.10/site-packages/starlette/middleware/exceptions.py", line 63, in __call__
    await wrap_app_handling_exceptions(self.app, conn)(scope, receive, send)
  File "/usr/local/lib/python3.10/site-packages/starlette/_exception_handler.py", line 53, in wrapped_app
    raise exc
  File "/usr/local/lib/python3.10/site-packages/starlette/_exception_handler.py", line 42, in wrapped_app
    await app(scope, receive, sender)
  File "/usr/local/lib/python3.10/site-packages/fastapi/middleware/asyncexitstack.py", line 18, in __call__
    await self.app(scope, receive, send)
  File "/usr/local/lib/python3.10/site-packages/starlette/routing.py", line 660, in __call__
    await self.middleware_stack(scope, receive, send)
  File "/usr/local/lib/python3.10/site-packages/fastapi/routing.py", line 2692, in app
    await route.handle(scope, receive, send)
  File "/usr/local/lib/python3.10/site-packages/fastapi/routing.py", line 1773, in handle
    await self.original_router.handle(scope, receive, send)
  File "/usr/local/lib/python3.10/site-packages/fastapi/routing.py", line 2747, in handle
    await included_router._handle_selected(scope, receive, send)
  File "/usr/local/lib/python3.10/site-packages/fastapi/routing.py", line 1793, in _handle_selected
    await original_route.handle(scope, receive, send)
  File "/usr/local/lib/python3.10/site-packages/fastapi/routing.py", line 1272, in handle
    await app(scope, receive, send)
  File "/usr/local/lib/python3.10/site-packages/fastapi/routing.py", line 156, in app
    await wrap_app_handling_exceptions(app, request)(scope, receive, send)
  File "/usr/local/lib/python3.10/site-packages/starlette/_exception_handler.py", line 53, in wrapped_app
    raise exc
  File "/usr/local/lib/python3.10/site-packages/starlette/_exception_handler.py", line 42, in wrapped_app
    await app(scope, receive, sender)
  File "/usr/local/lib/python3.10/site-packages/fastapi/routing.py", line 142, in app
    response = await f(request)
  File "/usr/local/lib/python3.10/site-packages/fastapi/routing.py", line 698, in app
    raw_response = await run_endpoint_function(
  File "/usr/local/lib/python3.10/site-packages/fastapi/routing.py", line 352, in run_endpoint_function
    return await run_in_threadpool(dependant.call, **values)
  File "/usr/local/lib/python3.10/site-packages/starlette/concurrency.py", line 34, in run_in_threadpool
    return await anyio.to_thread.run_sync(func)
  File "/usr/local/lib/python3.10/site-packages/anyio/to_thread.py", line 65, in run_sync
    return await get_async_backend().run_sync_in_worker_thread(
  File "/usr/local/lib/python3.10/site-packages/anyio/_backends/_asyncio.py", line 2641, in run_sync_in_worker_thread
    return await future
  File "/usr/local/lib/python3.10/site-packages/anyio/_backends/_asyncio.py", line 1033, in run
    result = context.run(func, *args)
  File "/app/app/api/routes/dashboard_routes.py", line 28, in get_dashboard_summary
    priorities = db.query(AICollectionPriority).all()
NameError: name 'AICollectionPriority' is not defined
ERROR:app.main:[4c3ea4da-a694-4681-8313-517f73b08c76] Unhandled exception on /api/ai/dashboard/summary: name 'AICollectionPriority' is not defined
  + Exception Group Traceback (most recent call last):
  |   File "/usr/local/lib/python3.10/site-packages/starlette/_utils.py", line 85, in create_collapsing_task_group
  |     async with anyio.create_task_group() as tg:
  |   File "/usr/local/lib/python3.10/site-packages/anyio/_backends/_asyncio.py", line 815, in __aexit__
  |     raise BaseExceptionGroup(
  | exceptiongroup.ExceptionGroup: unhandled errors in a TaskGroup (1 sub-exception)
  +-+---------------- 1 ----------------
    | Traceback (most recent call last):
    |   File "/usr/local/lib/python3.10/site-packages/starlette/middleware/errors.py", line 164, in __call__
    |     await self.app(scope, receive, _send)
    |   File "/usr/local/lib/python3.10/site-packages/starlette/middleware/base.py", line 193, in __call__
    |     response = await self.dispatch_func(request, call_next)
    |   File "/app/app/main.py", line 116, in add_security_headers
    |     response = await call_next(request)
    |   File "/usr/local/lib/python3.10/site-packages/starlette/middleware/base.py", line 168, in call_next
    |     raise app_exc from app_exc.__cause__ or app_exc.__context__
    |   File "/usr/local/lib/python3.10/site-packages/starlette/middleware/base.py", line 144, in coro
    |     await self.app(scope, receive_or_disconnect, send_no_error)
    |   File "/usr/local/lib/python3.10/site-packages/starlette/middleware/base.py", line 193, in __call__
    |     response = await self.dispatch_func(request, call_next)
    |   File "/app/app/main.py", line 109, in verify_gateway_api_key
    |     response = await call_next(request)
    |   File "/usr/local/lib/python3.10/site-packages/starlette/middleware/base.py", line 168, in call_next
    |     raise app_exc from app_exc.__cause__ or app_exc.__context__
    |   File "/usr/local/lib/python3.10/site-packages/starlette/middleware/base.py", line 144, in coro
    |     await self.app(scope, receive_or_disconnect, send_no_error)
    |   File "/usr/local/lib/python3.10/site-packages/starlette/middleware/cors.py", line 88, in __call__
    |     await self.app(scope, receive, send)
    |   File "/usr/local/lib/python3.10/site-packages/starlette/middleware/exceptions.py", line 63, in __call__
    |     await wrap_app_handling_exceptions(self.app, conn)(scope, receive, send)
    |   File "/usr/local/lib/python3.10/site-packages/starlette/_exception_handler.py", line 53, in wrapped_app
    |     raise exc
    |   File "/usr/local/lib/python3.10/site-packages/starlette/_exception_handler.py", line 42, in wrapped_app
    |     await app(scope, receive, sender)
    |   File "/usr/local/lib/python3.10/site-packages/fastapi/middleware/asyncexitstack.py", line 18, in __call__
    |     await self.app(scope, receive, send)
    |   File "/usr/local/lib/python3.10/site-packages/starlette/routing.py", line 660, in __call__
    |     await self.middleware_stack(scope, receive, send)
    |   File "/usr/local/lib/python3.10/site-packages/fastapi/routing.py", line 2692, in app
    |     await route.handle(scope, receive, send)
    |   File "/usr/local/lib/python3.10/site-packages/fastapi/routing.py", line 1773, in handle
    |     await self.original_router.handle(scope, receive, send)
    |   File "/usr/local/lib/python3.10/site-packages/fastapi/routing.py", line 2747, in handle
    |     await included_router._handle_selected(scope, receive, send)
    |   File "/usr/local/lib/python3.10/site-packages/fastapi/routing.py", line 1793, in _handle_selected
    |     await original_route.handle(scope, receive, send)
    |   File "/usr/local/lib/python3.10/site-packages/fastapi/routing.py", line 1272, in handle
    |     await app(scope, receive, send)
    |   File "/usr/local/lib/python3.10/site-packages/fastapi/routing.py", line 156, in app
    |     await wrap_app_handling_exceptions(app, request)(scope, receive, send)
    |   File "/usr/local/lib/python3.10/site-packages/starlette/_exception_handler.py", line 53, in wrapped_app
    |     raise exc
    |   File "/usr/local/lib/python3.10/site-packages/starlette/_exception_handler.py", line 42, in wrapped_app
    |     await app(scope, receive, sender)
    |   File "/usr/local/lib/python3.10/site-packages/fastapi/routing.py", line 142, in app
    |     response = await f(request)
    |   File "/usr/local/lib/python3.10/site-packages/fastapi/routing.py", line 698, in app
    |     raw_response = await run_endpoint_function(
    |   File "/usr/local/lib/python3.10/site-packages/fastapi/routing.py", line 352, in run_endpoint_function
    |     return await run_in_threadpool(dependant.call, **values)
    |   File "/usr/local/lib/python3.10/site-packages/starlette/concurrency.py", line 34, in run_in_threadpool
    |     return await anyio.to_thread.run_sync(func)
    |   File "/usr/local/lib/python3.10/site-packages/anyio/to_thread.py", line 65, in run_sync
    |     return await get_async_backend().run_sync_in_worker_thread(
    |   File "/usr/local/lib/python3.10/site-packages/anyio/_backends/_asyncio.py", line 2641, in run_sync_in_worker_thread
    |     return await future
    |   File "/usr/local/lib/python3.10/site-packages/anyio/_backends/_asyncio.py", line 1033, in run
    |     result = context.run(func, *args)
    |   File "/app/app/api/routes/dashboard_routes.py", line 28, in get_dashboard_summary
    |     priorities = db.query(AICollectionPriority).all()
    | NameError: name 'AICollectionPriority' is not defined
    +------------------------------------

The above exception was the direct cause of the following exception:

Traceback (most recent call last):
  File "/usr/local/lib/python3.10/site-packages/starlette/middleware/errors.py", line 164, in __call__
    await self.app(scope, receive, _send)
  File "/usr/local/lib/python3.10/site-packages/starlette/middleware/base.py", line 193, in __call__
    response = await self.dispatch_func(request, call_next)
  File "/app/app/main.py", line 116, in add_security_headers
    response = await call_next(request)
  File "/usr/local/lib/python3.10/site-packages/starlette/middleware/base.py", line 168, in call_next
    raise app_exc from app_exc.__cause__ or app_exc.__context__
  File "/usr/local/lib/python3.10/site-packages/starlette/middleware/base.py", line 144, in coro
    await self.app(scope, receive_or_disconnect, send_no_error)
  File "/usr/local/lib/python3.10/site-packages/starlette/middleware/base.py", line 193, in __call__
    response = await self.dispatch_func(request, call_next)
  File "/app/app/main.py", line 109, in verify_gateway_api_key
    response = await call_next(request)
  File "/usr/local/lib/python3.10/site-packages/starlette/middleware/base.py", line 168, in call_next
    raise app_exc from app_exc.__cause__ or app_exc.__context__
  File "/usr/local/lib/python3.10/site-packages/starlette/middleware/base.py", line 144, in coro
    await self.app(scope, receive_or_disconnect, send_no_error)
  File "/usr/local/lib/python3.10/site-packages/starlette/middleware/cors.py", line 88, in __call__
    await self.app(scope, receive, send)
  File "/usr/local/lib/python3.10/site-packages/starlette/middleware/exceptions.py", line 63, in __call__
    await wrap_app_handling_exceptions(self.app, conn)(scope, receive, send)
  File "/usr/local/lib/python3.10/site-packages/starlette/_exception_handler.py", line 53, in wrapped_app
    raise exc
  File "/usr/local/lib/python3.10/site-packages/starlette/_exception_handler.py", line 42, in wrapped_app
    await app(scope, receive, sender)
  File "/usr/local/lib/python3.10/site-packages/fastapi/middleware/asyncexitstack.py", line 18, in __call__
    await self.app(scope, receive, send)
  File "/usr/local/lib/python3.10/site-packages/starlette/routing.py", line 660, in __call__
    await self.middleware_stack(scope, receive, send)
  File "/usr/local/lib/python3.10/site-packages/fastapi/routing.py", line 2692, in app
    await route.handle(scope, receive, send)
  File "/usr/local/lib/python3.10/site-packages/fastapi/routing.py", line 1773, in handle
    await self.original_router.handle(scope, receive, send)
  File "/usr/local/lib/python3.10/site-packages/fastapi/routing.py", line 2747, in handle
    await included_router._handle_selected(scope, receive, send)
  File "/usr/local/lib/python3.10/site-packages/fastapi/routing.py", line 1793, in _handle_selected
    await original_route.handle(scope, receive, send)
  File "/usr/local/lib/python3.10/site-packages/fastapi/routing.py", line 1272, in handle
    await app(scope, receive, send)
  File "/usr/local/lib/python3.10/site-packages/fastapi/routing.py", line 156, in app
    await wrap_app_handling_exceptions(app, request)(scope, receive, send)
  File "/usr/local/lib/python3.10/site-packages/starlette/_exception_handler.py", line 53, in wrapped_app
    raise exc
  File "/usr/local/lib/python3.10/site-packages/starlette/_exception_handler.py", line 42, in wrapped_app
    await app(scope, receive, sender)
  File "/usr/local/lib/python3.10/site-packages/fastapi/routing.py", line 142, in app
    response = await f(request)
  File "/usr/local/lib/python3.10/site-packages/fastapi/routing.py", line 698, in app
    raw_response = await run_endpoint_function(
  File "/usr/local/lib/python3.10/site-packages/fastapi/routing.py", line 352, in run_endpoint_function
    return await run_in_threadpool(dependant.call, **values)
  File "/usr/local/lib/python3.10/site-packages/starlette/concurrency.py", line 34, in run_in_threadpool
    return await anyio.to_thread.run_sync(func)
  File "/usr/local/lib/python3.10/site-packages/anyio/to_thread.py", line 65, in run_sync
    return await get_async_backend().run_sync_in_worker_thread(
  File "/usr/local/lib/python3.10/site-packages/anyio/_backends/_asyncio.py", line 2641, in run_sync_in_worker_thread
    return await future
  File "/usr/local/lib/python3.10/site-packages/anyio/_backends/_asyncio.py", line 1033, in run
    result = context.run(func, *args)
  File "/app/app/api/routes/dashboard_routes.py", line 28, in get_dashboard_summary
    priorities = db.query(AICollectionPriority).all()
NameError: name 'AICollectionPriority' is not defined
ERROR:app.main:[271bcef3-1130-470c-ac0a-d9fa6f8082c9] Unhandled exception on /api/ai/dashboard/summary: name 'AICollectionPriority' is not defined
  + Exception Group Traceback (most recent call last):
  |   File "/usr/local/lib/python3.10/site-packages/starlette/_utils.py", line 85, in create_collapsing_task_group
  |     async with anyio.create_task_group() as tg:
  |   File "/usr/local/lib/python3.10/site-packages/anyio/_backends/_asyncio.py", line 815, in __aexit__
  |     raise BaseExceptionGroup(
  | exceptiongroup.ExceptionGroup: unhandled errors in a TaskGroup (1 sub-exception)
  +-+---------------- 1 ----------------
    | Traceback (most recent call last):
    |   File "/usr/local/lib/python3.10/site-packages/starlette/middleware/errors.py", line 164, in __call__
    |     await self.app(scope, receive, _send)
    |   File "/usr/local/lib/python3.10/site-packages/starlette/middleware/base.py", line 193, in __call__
    |     response = await self.dispatch_func(request, call_next)
    |   File "/app/app/main.py", line 116, in add_security_headers
    |     response = await call_next(request)
    |   File "/usr/local/lib/python3.10/site-packages/starlette/middleware/base.py", line 168, in call_next
    |     raise app_exc from app_exc.__cause__ or app_exc.__context__
    |   File "/usr/local/lib/python3.10/site-packages/starlette/middleware/base.py", line 144, in coro
    |     await self.app(scope, receive_or_disconnect, send_no_error)
    |   File "/usr/local/lib/python3.10/site-packages/starlette/middleware/base.py", line 193, in __call__
    |     response = await self.dispatch_func(request, call_next)
    |   File "/app/app/main.py", line 109, in verify_gateway_api_key
    |     response = await call_next(request)
    |   File "/usr/local/lib/python3.10/site-packages/starlette/middleware/base.py", line 168, in call_next
    |     raise app_exc from app_exc.__cause__ or app_exc.__context__
    |   File "/usr/local/lib/python3.10/site-packages/starlette/middleware/base.py", line 144, in coro
    |     await self.app(scope, receive_or_disconnect, send_no_error)
    |   File "/usr/local/lib/python3.10/site-packages/starlette/middleware/cors.py", line 88, in __call__
    |     await self.app(scope, receive, send)
    |   File "/usr/local/lib/python3.10/site-packages/starlette/middleware/exceptions.py", line 63, in __call__
    |     await wrap_app_handling_exceptions(self.app, conn)(scope, receive, send)
    |   File "/usr/local/lib/python3.10/site-packages/starlette/_exception_handler.py", line 53, in wrapped_app
    |     raise exc
    |   File "/usr/local/lib/python3.10/site-packages/starlette/_exception_handler.py", line 42, in wrapped_app
    |     await app(scope, receive, sender)
    |   File "/usr/local/lib/python3.10/site-packages/fastapi/middleware/asyncexitstack.py", line 18, in __call__
    |     await self.app(scope, receive, send)
    |   File "/usr/local/lib/python3.10/site-packages/starlette/routing.py", line 660, in __call__
    |     await self.middleware_stack(scope, receive, send)
    |   File "/usr/local/lib/python3.10/site-packages/fastapi/routing.py", line 2692, in app
    |     await route.handle(scope, receive, send)
    |   File "/usr/local/lib/python3.10/site-packages/fastapi/routing.py", line 1773, in handle
    |     await self.original_router.handle(scope, receive, send)
    |   File "/usr/local/lib/python3.10/site-packages/fastapi/routing.py", line 2747, in handle
    |     await included_router._handle_selected(scope, receive, send)
    |   File "/usr/local/lib/python3.10/site-packages/fastapi/routing.py", line 1793, in _handle_selected
    |     await original_route.handle(scope, receive, send)
    |   File "/usr/local/lib/python3.10/site-packages/fastapi/routing.py", line 1272, in handle
    |     await app(scope, receive, send)
    |   File "/usr/local/lib/python3.10/site-packages/fastapi/routing.py", line 156, in app
    |     await wrap_app_handling_exceptions(app, request)(scope, receive, send)
    |   File "/usr/local/lib/python3.10/site-packages/starlette/_exception_handler.py", line 53, in wrapped_app
    |     raise exc
    |   File "/usr/local/lib/python3.10/site-packages/starlette/_exception_handler.py", line 42, in wrapped_app
    |     await app(scope, receive, sender)
    |   File "/usr/local/lib/python3.10/site-packages/fastapi/routing.py", line 142, in app
    |     response = await f(request)
    |   File "/usr/local/lib/python3.10/site-packages/fastapi/routing.py", line 698, in app
    |     raw_response = await run_endpoint_function(
    |   File "/usr/local/lib/python3.10/site-packages/fastapi/routing.py", line 352, in run_endpoint_function
    |     return await run_in_threadpool(dependant.call, **values)
    |   File "/usr/local/lib/python3.10/site-packages/starlette/concurrency.py", line 34, in run_in_threadpool
    |     return await anyio.to_thread.run_sync(func)
    |   File "/usr/local/lib/python3.10/site-packages/anyio/to_thread.py", line 65, in run_sync
    |     return await get_async_backend().run_sync_in_worker_thread(
    |   File "/usr/local/lib/python3.10/site-packages/anyio/_backends/_asyncio.py", line 2641, in run_sync_in_worker_thread
    |     return await future
    |   File "/usr/local/lib/python3.10/site-packages/anyio/_backends/_asyncio.py", line 1033, in run
    |     result = context.run(func, *args)
    |   File "/app/app/api/routes/dashboard_routes.py", line 28, in get_dashboard_summary
    |     priorities = db.query(AICollectionPriority).all()
    | NameError: name 'AICollectionPriority' is not defined
    +------------------------------------

The above exception was the direct cause of the following exception:

Traceback (most recent call last):
  File "/usr/local/lib/python3.10/site-packages/starlette/middleware/errors.py", line 164, in __call__
    await self.app(scope, receive, _send)
  File "/usr/local/lib/python3.10/site-packages/starlette/middleware/base.py", line 193, in __call__
    response = await self.dispatch_func(request, call_next)
  File "/app/app/main.py", line 116, in add_security_headers
    response = await call_next(request)
  File "/usr/local/lib/python3.10/site-packages/starlette/middleware/base.py", line 168, in call_next
    raise app_exc from app_exc.__cause__ or app_exc.__context__
  File "/usr/local/lib/python3.10/site-packages/starlette/middleware/base.py", line 144, in coro
    await self.app(scope, receive_or_disconnect, send_no_error)
  File "/usr/local/lib/python3.10/site-packages/starlette/middleware/base.py", line 193, in __call__
    response = await self.dispatch_func(request, call_next)
  File "/app/app/main.py", line 109, in verify_gateway_api_key
    response = await call_next(request)
  File "/usr/local/lib/python3.10/site-packages/starlette/middleware/base.py", line 168, in call_next
    raise app_exc from app_exc.__cause__ or app_exc.__context__
  File "/usr/local/lib/python3.10/site-packages/starlette/middleware/base.py", line 144, in coro
    await self.app(scope, receive_or_disconnect, send_no_error)
  File "/usr/local/lib/python3.10/site-packages/starlette/middleware/cors.py", line 88, in __call__
    await self.app(scope, receive, send)
  File "/usr/local/lib/python3.10/site-packages/starlette/middleware/exceptions.py", line 63, in __call__
    await wrap_app_handling_exceptions(self.app, conn)(scope, receive, send)
  File "/usr/local/lib/python3.10/site-packages/starlette/_exception_handler.py", line 53, in wrapped_app
    raise exc
  File "/usr/local/lib/python3.10/site-packages/starlette/_exception_handler.py", line 42, in wrapped_app
    await app(scope, receive, sender)
  File "/usr/local/lib/python3.10/site-packages/fastapi/middleware/asyncexitstack.py", line 18, in __call__
    await self.app(scope, receive, send)
  File "/usr/local/lib/python3.10/site-packages/starlette/routing.py", line 660, in __call__
    await self.middleware_stack(scope, receive, send)
  File "/usr/local/lib/python3.10/site-packages/fastapi/routing.py", line 2692, in app
    await route.handle(scope, receive, send)
  File "/usr/local/lib/python3.10/site-packages/fastapi/routing.py", line 1773, in handle
    await self.original_router.handle(scope, receive, send)
  File "/usr/local/lib/python3.10/site-packages/fastapi/routing.py", line 2747, in handle
    await included_router._handle_selected(scope, receive, send)
  File "/usr/local/lib/python3.10/site-packages/fastapi/routing.py", line 1793, in _handle_selected
    await original_route.handle(scope, receive, send)
  File "/usr/local/lib/python3.10/site-packages/fastapi/routing.py", line 1272, in handle
    await app(scope, receive, send)
  File "/usr/local/lib/python3.10/site-packages/fastapi/routing.py", line 156, in app
    await wrap_app_handling_exceptions(app, request)(scope, receive, send)
  File "/usr/local/lib/python3.10/site-packages/starlette/_exception_handler.py", line 53, in wrapped_app
    raise exc
  File "/usr/local/lib/python3.10/site-packages/starlette/_exception_handler.py", line 42, in wrapped_app
    await app(scope, receive, sender)
  File "/usr/local/lib/python3.10/site-packages/fastapi/routing.py", line 142, in app
    response = await f(request)
  File "/usr/local/lib/python3.10/site-packages/fastapi/routing.py", line 698, in app
    raw_response = await run_endpoint_function(
  File "/usr/local/lib/python3.10/site-packages/fastapi/routing.py", line 352, in run_endpoint_function
    return await run_in_threadpool(dependant.call, **values)
  File "/usr/local/lib/python3.10/site-packages/starlette/concurrency.py", line 34, in run_in_threadpool
    return await anyio.to_thread.run_sync(func)
  File "/usr/local/lib/python3.10/site-packages/anyio/to_thread.py", line 65, in run_sync
    return await get_async_backend().run_sync_in_worker_thread(
  File "/usr/local/lib/python3.10/site-packages/anyio/_backends/_asyncio.py", line 2641, in run_sync_in_worker_thread
    return await future
  File "/usr/local/lib/python3.10/site-packages/anyio/_backends/_asyncio.py", line 1033, in run
    result = context.run(func, *args)
  File "/app/app/api/routes/dashboard_routes.py", line 28, in get_dashboard_summary
    priorities = db.query(AICollectionPriority).all()
NameError: name 'AICollectionPriority' is not defined
ERROR:app.main:[fd7c95a7-a9e3-4318-acdd-39f798e2919e] Unhandled exception on /api/ai/dashboard/summary: name 'AICollectionPriority' is not defined
  + Exception Group Traceback (most recent call last):
  |   File "/usr/local/lib/python3.10/site-packages/starlette/_utils.py", line 85, in create_collapsing_task_group
  |     async with anyio.create_task_group() as tg:
  |   File "/usr/local/lib/python3.10/site-packages/anyio/_backends/_asyncio.py", line 815, in __aexit__
  |     raise BaseExceptionGroup(
  | exceptiongroup.ExceptionGroup: unhandled errors in a TaskGroup (1 sub-exception)
  +-+---------------- 1 ----------------
    | Traceback (most recent call last):
    |   File "/usr/local/lib/python3.10/site-packages/starlette/middleware/errors.py", line 164, in __call__
    |     await self.app(scope, receive, _send)
    |   File "/usr/local/lib/python3.10/site-packages/starlette/middleware/base.py", line 193, in __call__
    |     response = await self.dispatch_func(request, call_next)
    |   File "/app/app/main.py", line 116, in add_security_headers
    |     response = await call_next(request)
    |   File "/usr/local/lib/python3.10/site-packages/starlette/middleware/base.py", line 168, in call_next
    |     raise app_exc from app_exc.__cause__ or app_exc.__context__
    |   File "/usr/local/lib/python3.10/site-packages/starlette/middleware/base.py", line 144, in coro
    |     await self.app(scope, receive_or_disconnect, send_no_error)
    |   File "/usr/local/lib/python3.10/site-packages/starlette/middleware/base.py", line 193, in __call__
    |     response = await self.dispatch_func(request, call_next)
    |   File "/app/app/main.py", line 109, in verify_gateway_api_key
    |     response = await call_next(request)
    |   File "/usr/local/lib/python3.10/site-packages/starlette/middleware/base.py", line 168, in call_next
    |     raise app_exc from app_exc.__cause__ or app_exc.__context__
    |   File "/usr/local/lib/python3.10/site-packages/starlette/middleware/base.py", line 144, in coro
    |     await self.app(scope, receive_or_disconnect, send_no_error)
    |   File "/usr/local/lib/python3.10/site-packages/starlette/middleware/cors.py", line 88, in __call__
    |     await self.app(scope, receive, send)
    |   File "/usr/local/lib/python3.10/site-packages/starlette/middleware/exceptions.py", line 63, in __call__
    |     await wrap_app_handling_exceptions(self.app, conn)(scope, receive, send)
    |   File "/usr/local/lib/python3.10/site-packages/starlette/_exception_handler.py", line 53, in wrapped_app
    |     raise exc
    |   File "/usr/local/lib/python3.10/site-packages/starlette/_exception_handler.py", line 42, in wrapped_app
    |     await app(scope, receive, sender)
    |   File "/usr/local/lib/python3.10/site-packages/fastapi/middleware/asyncexitstack.py", line 18, in __call__
    |     await self.app(scope, receive, send)
    |   File "/usr/local/lib/python3.10/site-packages/starlette/routing.py", line 660, in __call__
    |     await self.middleware_stack(scope, receive, send)
    |   File "/usr/local/lib/python3.10/site-packages/fastapi/routing.py", line 2692, in app
    |     await route.handle(scope, receive, send)
    |   File "/usr/local/lib/python3.10/site-packages/fastapi/routing.py", line 1773, in handle
    |     await self.original_router.handle(scope, receive, send)
    |   File "/usr/local/lib/python3.10/site-packages/fastapi/routing.py", line 2747, in handle
    |     await included_router._handle_selected(scope, receive, send)
    |   File "/usr/local/lib/python3.10/site-packages/fastapi/routing.py", line 1793, in _handle_selected
    |     await original_route.handle(scope, receive, send)
    |   File "/usr/local/lib/python3.10/site-packages/fastapi/routing.py", line 1272, in handle
    |     await app(scope, receive, send)
    |   File "/usr/local/lib/python3.10/site-packages/fastapi/routing.py", line 156, in app
    |     await wrap_app_handling_exceptions(app, request)(scope, receive, send)
    |   File "/usr/local/lib/python3.10/site-packages/starlette/_exception_handler.py", line 53, in wrapped_app
    |     raise exc
    |   File "/usr/local/lib/python3.10/site-packages/starlette/_exception_handler.py", line 42, in wrapped_app
    |     await app(scope, receive, sender)
    |   File "/usr/local/lib/python3.10/site-packages/fastapi/routing.py", line 142, in app
    |     response = await f(request)
    |   File "/usr/local/lib/python3.10/site-packages/fastapi/routing.py", line 698, in app
    |     raw_response = await run_endpoint_function(
    |   File "/usr/local/lib/python3.10/site-packages/fastapi/routing.py", line 352, in run_endpoint_function
    |     return await run_in_threadpool(dependant.call, **values)
    |   File "/usr/local/lib/python3.10/site-packages/starlette/concurrency.py", line 34, in run_in_threadpool
    |     return await anyio.to_thread.run_sync(func)
    |   File "/usr/local/lib/python3.10/site-packages/anyio/to_thread.py", line 65, in run_sync
    |     return await get_async_backend().run_sync_in_worker_thread(
    |   File "/usr/local/lib/python3.10/site-packages/anyio/_backends/_asyncio.py", line 2641, in run_sync_in_worker_thread
    |     return await future
    |   File "/usr/local/lib/python3.10/site-packages/anyio/_backends/_asyncio.py", line 1033, in run
    |     result = context.run(func, *args)
    |   File "/app/app/api/routes/dashboard_routes.py", line 28, in get_dashboard_summary
    |     priorities = db.query(AICollectionPriority).all()
    | NameError: name 'AICollectionPriority' is not defined
    +------------------------------------

The above exception was the direct cause of the following exception:

Traceback (most recent call last):
  File "/usr/local/lib/python3.10/site-packages/starlette/middleware/errors.py", line 164, in __call__
    await self.app(scope, receive, _send)
  File "/usr/local/lib/python3.10/site-packages/starlette/middleware/base.py", line 193, in __call__
    response = await self.dispatch_func(request, call_next)
  File "/app/app/main.py", line 116, in add_security_headers
    response = await call_next(request)
  File "/usr/local/lib/python3.10/site-packages/starlette/middleware/base.py", line 168, in call_next
    raise app_exc from app_exc.__cause__ or app_exc.__context__
  File "/usr/local/lib/python3.10/site-packages/starlette/middleware/base.py", line 144, in coro
    await self.app(scope, receive_or_disconnect, send_no_error)
  File "/usr/local/lib/python3.10/site-packages/starlette/middleware/base.py", line 193, in __call__
    response = await self.dispatch_func(request, call_next)
  File "/app/app/main.py", line 109, in verify_gateway_api_key
    response = await call_next(request)
  File "/usr/local/lib/python3.10/site-packages/starlette/middleware/base.py", line 168, in call_next
    raise app_exc from app_exc.__cause__ or app_exc.__context__
  File "/usr/local/lib/python3.10/site-packages/starlette/middleware/base.py", line 144, in coro
    await self.app(scope, receive_or_disconnect, send_no_error)
  File "/usr/local/lib/python3.10/site-packages/starlette/middleware/cors.py", line 88, in __call__
    await self.app(scope, receive, send)
  File "/usr/local/lib/python3.10/site-packages/starlette/middleware/exceptions.py", line 63, in __call__
    await wrap_app_handling_exceptions(self.app, conn)(scope, receive, send)
  File "/usr/local/lib/python3.10/site-packages/starlette/_exception_handler.py", line 53, in wrapped_app
    raise exc
  File "/usr/local/lib/python3.10/site-packages/starlette/_exception_handler.py", line 42, in wrapped_app
    await app(scope, receive, sender)
  File "/usr/local/lib/python3.10/site-packages/fastapi/middleware/asyncexitstack.py", line 18, in __call__
    await self.app(scope, receive, send)
  File "/usr/local/lib/python3.10/site-packages/starlette/routing.py", line 660, in __call__
    await self.middleware_stack(scope, receive, send)
  File "/usr/local/lib/python3.10/site-packages/fastapi/routing.py", line 2692, in app
    await route.handle(scope, receive, send)
  File "/usr/local/lib/python3.10/site-packages/fastapi/routing.py", line 1773, in handle
    await self.original_router.handle(scope, receive, send)
  File "/usr/local/lib/python3.10/site-packages/fastapi/routing.py", line 2747, in handle
    await included_router._handle_selected(scope, receive, send)
  File "/usr/local/lib/python3.10/site-packages/fastapi/routing.py", line 1793, in _handle_selected
    await original_route.handle(scope, receive, send)
  File "/usr/local/lib/python3.10/site-packages/fastapi/routing.py", line 1272, in handle
    await app(scope, receive, send)
  File "/usr/local/lib/python3.10/site-packages/fastapi/routing.py", line 156, in app
    await wrap_app_handling_exceptions(app, request)(scope, receive, send)
  File "/usr/local/lib/python3.10/site-packages/starlette/_exception_handler.py", line 53, in wrapped_app
    raise exc
  File "/usr/local/lib/python3.10/site-packages/starlette/_exception_handler.py", line 42, in wrapped_app
    await app(scope, receive, sender)
  File "/usr/local/lib/python3.10/site-packages/fastapi/routing.py", line 142, in app
    response = await f(request)
  File "/usr/local/lib/python3.10/site-packages/fastapi/routing.py", line 698, in app
    raw_response = await run_endpoint_function(
  File "/usr/local/lib/python3.10/site-packages/fastapi/routing.py", line 352, in run_endpoint_function
    return await run_in_threadpool(dependant.call, **values)
  File "/usr/local/lib/python3.10/site-packages/starlette/concurrency.py", line 34, in run_in_threadpool
    return await anyio.to_thread.run_sync(func)
  File "/usr/local/lib/python3.10/site-packages/anyio/to_thread.py", line 65, in run_sync
    return await get_async_backend().run_sync_in_worker_thread(
  File "/usr/local/lib/python3.10/site-packages/anyio/_backends/_asyncio.py", line 2641, in run_sync_in_worker_thread
    return await future
  File "/usr/local/lib/python3.10/site-packages/anyio/_backends/_asyncio.py", line 1033, in run
    result = context.run(func, *args)
  File "/app/app/api/routes/dashboard_routes.py", line 28, in get_dashboard_summary
    priorities = db.query(AICollectionPriority).all()
NameError: name 'AICollectionPriority' is not defined
ERROR:app.main:[f5647809-0c58-45ed-9547-12fb30e87fe1] Unhandled exception on /api/ai/dashboard/summary: name 'AICollectionPriority' is not defined
  + Exception Group Traceback (most recent call last):
  |   File "/usr/local/lib/python3.10/site-packages/starlette/_utils.py", line 85, in create_collapsing_task_group
  |     async with anyio.create_task_group() as tg:
  |   File "/usr/local/lib/python3.10/site-packages/anyio/_backends/_asyncio.py", line 815, in __aexit__
  |     raise BaseExceptionGroup(
  | exceptiongroup.ExceptionGroup: unhandled errors in a TaskGroup (1 sub-exception)
  +-+---------------- 1 ----------------
    | Traceback (most recent call last):
    |   File "/usr/local/lib/python3.10/site-packages/starlette/middleware/errors.py", line 164, in __call__
    |     await self.app(scope, receive, _send)
    |   File "/usr/local/lib/python3.10/site-packages/starlette/middleware/base.py", line 193, in __call__
    |     response = await self.dispatch_func(request, call_next)
    |   File "/app/app/main.py", line 116, in add_security_headers
    |     response = await call_next(request)
    |   File "/usr/local/lib/python3.10/site-packages/starlette/middleware/base.py", line 168, in call_next
    |     raise app_exc from app_exc.__cause__ or app_exc.__context__
    |   File "/usr/local/lib/python3.10/site-packages/starlette/middleware/base.py", line 144, in coro
    |     await self.app(scope, receive_or_disconnect, send_no_error)
    |   File "/usr/local/lib/python3.10/site-packages/starlette/middleware/base.py", line 193, in __call__
    |     response = await self.dispatch_func(request, call_next)
    |   File "/app/app/main.py", line 109, in verify_gateway_api_key
    |     response = await call_next(request)
    |   File "/usr/local/lib/python3.10/site-packages/starlette/middleware/base.py", line 168, in call_next
    |     raise app_exc from app_exc.__cause__ or app_exc.__context__
    |   File "/usr/local/lib/python3.10/site-packages/starlette/middleware/base.py", line 144, in coro
    |     await self.app(scope, receive_or_disconnect, send_no_error)
    |   File "/usr/local/lib/python3.10/site-packages/starlette/middleware/cors.py", line 88, in __call__
    |     await self.app(scope, receive, send)
    |   File "/usr/local/lib/python3.10/site-packages/starlette/middleware/exceptions.py", line 63, in __call__
    |     await wrap_app_handling_exceptions(self.app, conn)(scope, receive, send)
    |   File "/usr/local/lib/python3.10/site-packages/starlette/_exception_handler.py", line 53, in wrapped_app
    |     raise exc
    |   File "/usr/local/lib/python3.10/site-packages/starlette/_exception_handler.py", line 42, in wrapped_app
    |     await app(scope, receive, sender)
    |   File "/usr/local/lib/python3.10/site-packages/fastapi/middleware/asyncexitstack.py", line 18, in __call__
    |     await self.app(scope, receive, send)
    |   File "/usr/local/lib/python3.10/site-packages/starlette/routing.py", line 660, in __call__
    |     await self.middleware_stack(scope, receive, send)
    |   File "/usr/local/lib/python3.10/site-packages/fastapi/routing.py", line 2692, in app
    |     await route.handle(scope, receive, send)
    |   File "/usr/local/lib/python3.10/site-packages/fastapi/routing.py", line 1773, in handle
    |     await self.original_router.handle(scope, receive, send)
    |   File "/usr/local/lib/python3.10/site-packages/fastapi/routing.py", line 2747, in handle
    |     await included_router._handle_selected(scope, receive, send)
    |   File "/usr/local/lib/python3.10/site-packages/fastapi/routing.py", line 1793, in _handle_selected
    |     await original_route.handle(scope, receive, send)
    |   File "/usr/local/lib/python3.10/site-packages/fastapi/routing.py", line 1272, in handle
    |     await app(scope, receive, send)
    |   File "/usr/local/lib/python3.10/site-packages/fastapi/routing.py", line 156, in app
    |     await wrap_app_handling_exceptions(app, request)(scope, receive, send)
    |   File "/usr/local/lib/python3.10/site-packages/starlette/_exception_handler.py", line 53, in wrapped_app
    |     raise exc
    |   File "/usr/local/lib/python3.10/site-packages/starlette/_exception_handler.py", line 42, in wrapped_app
    |     await app(scope, receive, sender)
    |   File "/usr/local/lib/python3.10/site-packages/fastapi/routing.py", line 142, in app
    |     response = await f(request)
    |   File "/usr/local/lib/python3.10/site-packages/fastapi/routing.py", line 698, in app
    |     raw_response = await run_endpoint_function(
    |   File "/usr/local/lib/python3.10/site-packages/fastapi/routing.py", line 352, in run_endpoint_function
    |     return await run_in_threadpool(dependant.call, **values)
    |   File "/usr/local/lib/python3.10/site-packages/starlette/concurrency.py", line 34, in run_in_threadpool
    |     return await anyio.to_thread.run_sync(func)
    |   File "/usr/local/lib/python3.10/site-packages/anyio/to_thread.py", line 65, in run_sync
    |     return await get_async_backend().run_sync_in_worker_thread(
    |   File "/usr/local/lib/python3.10/site-packages/anyio/_backends/_asyncio.py", line 2641, in run_sync_in_worker_thread
    |     return await future
    |   File "/usr/local/lib/python3.10/site-packages/anyio/_backends/_asyncio.py", line 1033, in run
    |     result = context.run(func, *args)
    |   File "/app/app/api/routes/dashboard_routes.py", line 28, in get_dashboard_summary
    |     priorities = db.query(AICollectionPriority).all()
    | NameError: name 'AICollectionPriority' is not defined
    +------------------------------------

The above exception was the direct cause of the following exception:

Traceback (most recent call last):
  File "/usr/local/lib/python3.10/site-packages/starlette/middleware/errors.py", line 164, in __call__
    await self.app(scope, receive, _send)
  File "/usr/local/lib/python3.10/site-packages/starlette/middleware/base.py", line 193, in __call__
    response = await self.dispatch_func(request, call_next)
  File "/app/app/main.py", line 116, in add_security_headers
    response = await call_next(request)
  File "/usr/local/lib/python3.10/site-packages/starlette/middleware/base.py", line 168, in call_next
    raise app_exc from app_exc.__cause__ or app_exc.__context__
  File "/usr/local/lib/python3.10/site-packages/starlette/middleware/base.py", line 144, in coro
    await self.app(scope, receive_or_disconnect, send_no_error)
  File "/usr/local/lib/python3.10/site-packages/starlette/middleware/base.py", line 193, in __call__
    response = await self.dispatch_func(request, call_next)
  File "/app/app/main.py", line 109, in verify_gateway_api_key
    response = await call_next(request)
  File "/usr/local/lib/python3.10/site-packages/starlette/middleware/base.py", line 168, in call_next
    raise app_exc from app_exc.__cause__ or app_exc.__context__
  File "/usr/local/lib/python3.10/site-packages/starlette/middleware/base.py", line 144, in coro
    await self.app(scope, receive_or_disconnect, send_no_error)
  File "/usr/local/lib/python3.10/site-packages/starlette/middleware/cors.py", line 88, in __call__
    await self.app(scope, receive, send)
  File "/usr/local/lib/python3.10/site-packages/starlette/middleware/exceptions.py", line 63, in __call__
    await wrap_app_handling_exceptions(self.app, conn)(scope, receive, send)
  File "/usr/local/lib/python3.10/site-packages/starlette/_exception_handler.py", line 53, in wrapped_app
    raise exc
  File "/usr/local/lib/python3.10/site-packages/starlette/_exception_handler.py", line 42, in wrapped_app
    await app(scope, receive, sender)
  File "/usr/local/lib/python3.10/site-packages/fastapi/middleware/asyncexitstack.py", line 18, in __call__
    await self.app(scope, receive, send)
  File "/usr/local/lib/python3.10/site-packages/starlette/routing.py", line 660, in __call__
    await self.middleware_stack(scope, receive, send)
  File "/usr/local/lib/python3.10/site-packages/fastapi/routing.py", line 2692, in app
    await route.handle(scope, receive, send)
  File "/usr/local/lib/python3.10/site-packages/fastapi/routing.py", line 1773, in handle
    await self.original_router.handle(scope, receive, send)
  File "/usr/local/lib/python3.10/site-packages/fastapi/routing.py", line 2747, in handle
    await included_router._handle_selected(scope, receive, send)
  File "/usr/local/lib/python3.10/site-packages/fastapi/routing.py", line 1793, in _handle_selected
    await original_route.handle(scope, receive, send)
  File "/usr/local/lib/python3.10/site-packages/fastapi/routing.py", line 1272, in handle
    await app(scope, receive, send)
  File "/usr/local/lib/python3.10/site-packages/fastapi/routing.py", line 156, in app
    await wrap_app_handling_exceptions(app, request)(scope, receive, send)
  File "/usr/local/lib/python3.10/site-packages/starlette/_exception_handler.py", line 53, in wrapped_app
    raise exc
  File "/usr/local/lib/python3.10/site-packages/starlette/_exception_handler.py", line 42, in wrapped_app
    await app(scope, receive, sender)
  File "/usr/local/lib/python3.10/site-packages/fastapi/routing.py", line 142, in app
    response = await f(request)
  File "/usr/local/lib/python3.10/site-packages/fastapi/routing.py", line 698, in app
    raw_response = await run_endpoint_function(
  File "/usr/local/lib/python3.10/site-packages/fastapi/routing.py", line 352, in run_endpoint_function
    return await run_in_threadpool(dependant.call, **values)
  File "/usr/local/lib/python3.10/site-packages/starlette/concurrency.py", line 34, in run_in_threadpool
    return await anyio.to_thread.run_sync(func)
  File "/usr/local/lib/python3.10/site-packages/anyio/to_thread.py", line 65, in run_sync
    return await get_async_backend().run_sync_in_worker_thread(
  File "/usr/local/lib/python3.10/site-packages/anyio/_backends/_asyncio.py", line 2641, in run_sync_in_worker_thread
    return await future
  File "/usr/local/lib/python3.10/site-packages/anyio/_backends/_asyncio.py", line 1033, in run
    result = context.run(func, *args)
  File "/app/app/api/routes/dashboard_routes.py", line 28, in get_dashboard_summary
    priorities = db.query(AICollectionPriority).all()
NameError: name 'AICollectionPriority' is not defined
ERROR:app.main:[5b4d7ff0-f0da-4d61-8665-1f9c47c8157b] Unhandled exception on /api/ai/dashboard/summary: name 'AICollectionPriority' is not defined
  + Exception Group Traceback (most recent call last):
  |   File "/usr/local/lib/python3.10/site-packages/starlette/_utils.py", line 85, in create_collapsing_task_group
  |     async with anyio.create_task_group() as tg:
  |   File "/usr/local/lib/python3.10/site-packages/anyio/_backends/_asyncio.py", line 815, in __aexit__
  |     raise BaseExceptionGroup(
  | exceptiongroup.ExceptionGroup: unhandled errors in a TaskGroup (1 sub-exception)
  +-+---------------- 1 ----------------
    | Traceback (most recent call last):
    |   File "/usr/local/lib/python3.10/site-packages/starlette/middleware/errors.py", line 164, in __call__
    |     await self.app(scope, receive, _send)
    |   File "/usr/local/lib/python3.10/site-packages/starlette/middleware/base.py", line 193, in __call__
    |     response = await self.dispatch_func(request, call_next)
    |   File "/app/app/main.py", line 116, in add_security_headers
    |     response = await call_next(request)
    |   File "/usr/local/lib/python3.10/site-packages/starlette/middleware/base.py", line 168, in call_next
    |     raise app_exc from app_exc.__cause__ or app_exc.__context__
    |   File "/usr/local/lib/python3.10/site-packages/starlette/middleware/base.py", line 144, in coro
    |     await self.app(scope, receive_or_disconnect, send_no_error)
    |   File "/usr/local/lib/python3.10/site-packages/starlette/middleware/base.py", line 193, in __call__
    |     response = await self.dispatch_func(request, call_next)
    |   File "/app/app/main.py", line 109, in verify_gateway_api_key
    |     response = await call_next(request)
    |   File "/usr/local/lib/python3.10/site-packages/starlette/middleware/base.py", line 168, in call_next
    |     raise app_exc from app_exc.__cause__ or app_exc.__context__
    |   File "/usr/local/lib/python3.10/site-packages/starlette/middleware/base.py", line 144, in coro
    |     await self.app(scope, receive_or_disconnect, send_no_error)
    |   File "/usr/local/lib/python3.10/site-packages/starlette/middleware/cors.py", line 88, in __call__
    |     await self.app(scope, receive, send)
    |   File "/usr/local/lib/python3.10/site-packages/starlette/middleware/exceptions.py", line 63, in __call__
    |     await wrap_app_handling_exceptions(self.app, conn)(scope, receive, send)
    |   File "/usr/local/lib/python3.10/site-packages/starlette/_exception_handler.py", line 53, in wrapped_app
    |     raise exc
    |   File "/usr/local/lib/python3.10/site-packages/starlette/_exception_handler.py", line 42, in wrapped_app
    |     await app(scope, receive, sender)
    |   File "/usr/local/lib/python3.10/site-packages/fastapi/middleware/asyncexitstack.py", line 18, in __call__
    |     await self.app(scope, receive, send)
    |   File "/usr/local/lib/python3.10/site-packages/starlette/routing.py", line 660, in __call__
    |     await self.middleware_stack(scope, receive, send)
    |   File "/usr/local/lib/python3.10/site-packages/fastapi/routing.py", line 2692, in app
    |     await route.handle(scope, receive, send)
    |   File "/usr/local/lib/python3.10/site-packages/fastapi/routing.py", line 1773, in handle
    |     await self.original_router.handle(scope, receive, send)
    |   File "/usr/local/lib/python3.10/site-packages/fastapi/routing.py", line 2747, in handle
    |     await included_router._handle_selected(scope, receive, send)
    |   File "/usr/local/lib/python3.10/site-packages/fastapi/routing.py", line 1793, in _handle_selected
    |     await original_route.handle(scope, receive, send)
    |   File "/usr/local/lib/python3.10/site-packages/fastapi/routing.py", line 1272, in handle
    |     await app(scope, receive, send)
    |   File "/usr/local/lib/python3.10/site-packages/fastapi/routing.py", line 156, in app
    |     await wrap_app_handling_exceptions(app, request)(scope, receive, send)
    |   File "/usr/local/lib/python3.10/site-packages/starlette/_exception_handler.py", line 53, in wrapped_app
    |     raise exc
    |   File "/usr/local/lib/python3.10/site-packages/starlette/_exception_handler.py", line 42, in wrapped_app
    |     await app(scope, receive, sender)
    |   File "/usr/local/lib/python3.10/site-packages/fastapi/routing.py", line 142, in app
    |     response = await f(request)
    |   File "/usr/local/lib/python3.10/site-packages/fastapi/routing.py", line 698, in app
    |     raw_response = await run_endpoint_function(
    |   File "/usr/local/lib/python3.10/site-packages/fastapi/routing.py", line 352, in run_endpoint_function
    |     return await run_in_threadpool(dependant.call, **values)
    |   File "/usr/local/lib/python3.10/site-packages/starlette/concurrency.py", line 34, in run_in_threadpool
    |     return await anyio.to_thread.run_sync(func)
    |   File "/usr/local/lib/python3.10/site-packages/anyio/to_thread.py", line 65, in run_sync
    |     return await get_async_backend().run_sync_in_worker_thread(
    |   File "/usr/local/lib/python3.10/site-packages/anyio/_backends/_asyncio.py", line 2641, in run_sync_in_worker_thread
    |     return await future
    |   File "/usr/local/lib/python3.10/site-packages/anyio/_backends/_asyncio.py", line 1033, in run
    |     result = context.run(func, *args)
    |   File "/app/app/api/routes/dashboard_routes.py", line 28, in get_dashboard_summary
    |     priorities = db.query(AICollectionPriority).all()
    | NameError: name 'AICollectionPriority' is not defined
    +------------------------------------

The above exception was the direct cause of the following exception:

Traceback (most recent call last):
  File "/usr/local/lib/python3.10/site-packages/starlette/middleware/errors.py", line 164, in __call__
    await self.app(scope, receive, _send)
  File "/usr/local/lib/python3.10/site-packages/starlette/middleware/base.py", line 193, in __call__
    response = await self.dispatch_func(request, call_next)
  File "/app/app/main.py", line 116, in add_security_headers
    response = await call_next(request)
  File "/usr/local/lib/python3.10/site-packages/starlette/middleware/base.py", line 168, in call_next
    raise app_exc from app_exc.__cause__ or app_exc.__context__
  File "/usr/local/lib/python3.10/site-packages/starlette/middleware/base.py", line 144, in coro
    await self.app(scope, receive_or_disconnect, send_no_error)
  File "/usr/local/lib/python3.10/site-packages/starlette/middleware/base.py", line 193, in __call__
    response = await self.dispatch_func(request, call_next)
  File "/app/app/main.py", line 109, in verify_gateway_api_key
    response = await call_next(request)
  File "/usr/local/lib/python3.10/site-packages/starlette/middleware/base.py", line 168, in call_next
    raise app_exc from app_exc.__cause__ or app_exc.__context__
  File "/usr/local/lib/python3.10/site-packages/starlette/middleware/base.py", line 144, in coro
    await self.app(scope, receive_or_disconnect, send_no_error)
  File "/usr/local/lib/python3.10/site-packages/starlette/middleware/cors.py", line 88, in __call__
    await self.app(scope, receive, send)
  File "/usr/local/lib/python3.10/site-packages/starlette/middleware/exceptions.py", line 63, in __call__
    await wrap_app_handling_exceptions(self.app, conn)(scope, receive, send)
  File "/usr/local/lib/python3.10/site-packages/starlette/_exception_handler.py", line 53, in wrapped_app
    raise exc
  File "/usr/local/lib/python3.10/site-packages/starlette/_exception_handler.py", line 42, in wrapped_app
    await app(scope, receive, sender)
  File "/usr/local/lib/python3.10/site-packages/fastapi/middleware/asyncexitstack.py", line 18, in __call__
    await self.app(scope, receive, send)
  File "/usr/local/lib/python3.10/site-packages/starlette/routing.py", line 660, in __call__
    await self.middleware_stack(scope, receive, send)
  File "/usr/local/lib/python3.10/site-packages/fastapi/routing.py", line 2692, in app
    await route.handle(scope, receive, send)
  File "/usr/local/lib/python3.10/site-packages/fastapi/routing.py", line 1773, in handle
    await self.original_router.handle(scope, receive, send)
  File "/usr/local/lib/python3.10/site-packages/fastapi/routing.py", line 2747, in handle
    await included_router._handle_selected(scope, receive, send)
  File "/usr/local/lib/python3.10/site-packages/fastapi/routing.py", line 1793, in _handle_selected
    await original_route.handle(scope, receive, send)
  File "/usr/local/lib/python3.10/site-packages/fastapi/routing.py", line 1272, in handle
    await app(scope, receive, send)
  File "/usr/local/lib/python3.10/site-packages/fastapi/routing.py", line 156, in app
    await wrap_app_handling_exceptions(app, request)(scope, receive, send)
  File "/usr/local/lib/python3.10/site-packages/starlette/_exception_handler.py", line 53, in wrapped_app
    raise exc
  File "/usr/local/lib/python3.10/site-packages/starlette/_exception_handler.py", line 42, in wrapped_app
    await app(scope, receive, sender)
  File "/usr/local/lib/python3.10/site-packages/fastapi/routing.py", line 142, in app
    response = await f(request)
  File "/usr/local/lib/python3.10/site-packages/fastapi/routing.py", line 698, in app
    raw_response = await run_endpoint_function(
  File "/usr/local/lib/python3.10/site-packages/fastapi/routing.py", line 352, in run_endpoint_function
    return await run_in_threadpool(dependant.call, **values)
  File "/usr/local/lib/python3.10/site-packages/starlette/concurrency.py", line 34, in run_in_threadpool
    return await anyio.to_thread.run_sync(func)
  File "/usr/local/lib/python3.10/site-packages/anyio/to_thread.py", line 65, in run_sync
    return await get_async_backend().run_sync_in_worker_thread(
  File "/usr/local/lib/python3.10/site-packages/anyio/_backends/_asyncio.py", line 2641, in run_sync_in_worker_thread
    return await future
  File "/usr/local/lib/python3.10/site-packages/anyio/_backends/_asyncio.py", line 1033, in run
    result = context.run(func, *args)
  File "/app/app/api/routes/dashboard_routes.py", line 28, in get_dashboard_summary
    priorities = db.query(AICollectionPriority).all()
NameError: name 'AICollectionPriority' is not defined
ERROR:app.main:[7f1ec849-f6a8-4eee-8e33-086b09ccbd6d] Unhandled exception on /api/ai/dashboard/summary: name 'AICollectionPriority' is not defined
  + Exception Group Traceback (most recent call last):
  |   File "/usr/local/lib/python3.10/site-packages/starlette/_utils.py", line 85, in create_collapsing_task_group
  |     async with anyio.create_task_group() as tg:
  |   File "/usr/local/lib/python3.10/site-packages/anyio/_backends/_asyncio.py", line 815, in __aexit__
  |     raise BaseExceptionGroup(
  | exceptiongroup.ExceptionGroup: unhandled errors in a TaskGroup (1 sub-exception)
  +-+---------------- 1 ----------------
    | Traceback (most recent call last):
    |   File "/usr/local/lib/python3.10/site-packages/starlette/middleware/errors.py", line 164, in __call__
    |     await self.app(scope, receive, _send)
    |   File "/usr/local/lib/python3.10/site-packages/starlette/middleware/base.py", line 193, in __call__
    |     response = await self.dispatch_func(request, call_next)
    |   File "/app/app/main.py", line 116, in add_security_headers
    |     response = await call_next(request)
    |   File "/usr/local/lib/python3.10/site-packages/starlette/middleware/base.py", line 168, in call_next
    |     raise app_exc from app_exc.__cause__ or app_exc.__context__
    |   File "/usr/local/lib/python3.10/site-packages/starlette/middleware/base.py", line 144, in coro
    |     await self.app(scope, receive_or_disconnect, send_no_error)
    |   File "/usr/local/lib/python3.10/site-packages/starlette/middleware/base.py", line 193, in __call__
    |     response = await self.dispatch_func(request, call_next)
    |   File "/app/app/main.py", line 109, in verify_gateway_api_key
    |     response = await call_next(request)
    |   File "/usr/local/lib/python3.10/site-packages/starlette/middleware/base.py", line 168, in call_next
    |     raise app_exc from app_exc.__cause__ or app_exc.__context__
    |   File "/usr/local/lib/python3.10/site-packages/starlette/middleware/base.py", line 144, in coro
    |     await self.app(scope, receive_or_disconnect, send_no_error)
    |   File "/usr/local/lib/python3.10/site-packages/starlette/middleware/cors.py", line 88, in __call__
    |     await self.app(scope, receive, send)
    |   File "/usr/local/lib/python3.10/site-packages/starlette/middleware/exceptions.py", line 63, in __call__
    |     await wrap_app_handling_exceptions(self.app, conn)(scope, receive, send)
    |   File "/usr/local/lib/python3.10/site-packages/starlette/_exception_handler.py", line 53, in wrapped_app
    |     raise exc
    |   File "/usr/local/lib/python3.10/site-packages/starlette/_exception_handler.py", line 42, in wrapped_app
    |     await app(scope, receive, sender)
    |   File "/usr/local/lib/python3.10/site-packages/fastapi/middleware/asyncexitstack.py", line 18, in __call__
    |     await self.app(scope, receive, send)
    |   File "/usr/local/lib/python3.10/site-packages/starlette/routing.py", line 660, in __call__
    |     await self.middleware_stack(scope, receive, send)
    |   File "/usr/local/lib/python3.10/site-packages/fastapi/routing.py", line 2692, in app
    |     await route.handle(scope, receive, send)
    |   File "/usr/local/lib/python3.10/site-packages/fastapi/routing.py", line 1773, in handle
    |     await self.original_router.handle(scope, receive, send)
    |   File "/usr/local/lib/python3.10/site-packages/fastapi/routing.py", line 2747, in handle
    |     await included_router._handle_selected(scope, receive, send)
    |   File "/usr/local/lib/python3.10/site-packages/fastapi/routing.py", line 1793, in _handle_selected
    |     await original_route.handle(scope, receive, send)
    |   File "/usr/local/lib/python3.10/site-packages/fastapi/routing.py", line 1272, in handle
    |     await app(scope, receive, send)
    |   File "/usr/local/lib/python3.10/site-packages/fastapi/routing.py", line 156, in app
    |     await wrap_app_handling_exceptions(app, request)(scope, receive, send)
    |   File "/usr/local/lib/python3.10/site-packages/starlette/_exception_handler.py", line 53, in wrapped_app
    |     raise exc
    |   File "/usr/local/lib/python3.10/site-packages/starlette/_exception_handler.py", line 42, in wrapped_app
    |     await app(scope, receive, sender)
    |   File "/usr/local/lib/python3.10/site-packages/fastapi/routing.py", line 142, in app
    |     response = await f(request)
    |   File "/usr/local/lib/python3.10/site-packages/fastapi/routing.py", line 698, in app
    |     raw_response = await run_endpoint_function(
    |   File "/usr/local/lib/python3.10/site-packages/fastapi/routing.py", line 352, in run_endpoint_function
    |     return await run_in_threadpool(dependant.call, **values)
    |   File "/usr/local/lib/python3.10/site-packages/starlette/concurrency.py", line 34, in run_in_threadpool
    |     return await anyio.to_thread.run_sync(func)
    |   File "/usr/local/lib/python3.10/site-packages/anyio/to_thread.py", line 65, in run_sync
    |     return await get_async_backend().run_sync_in_worker_thread(
    |   File "/usr/local/lib/python3.10/site-packages/anyio/_backends/_asyncio.py", line 2641, in run_sync_in_worker_thread
    |     return await future
    |   File "/usr/local/lib/python3.10/site-packages/anyio/_backends/_asyncio.py", line 1033, in run
    |     result = context.run(func, *args)
    |   File "/app/app/api/routes/dashboard_routes.py", line 28, in get_dashboard_summary
    |     priorities = db.query(AICollectionPriority).all()
    | NameError: name 'AICollectionPriority' is not defined
    +------------------------------------

The above exception was the direct cause of the following exception:

Traceback (most recent call last):
  File "/usr/local/lib/python3.10/site-packages/starlette/middleware/errors.py", line 164, in __call__
    await self.app(scope, receive, _send)
  File "/usr/local/lib/python3.10/site-packages/starlette/middleware/base.py", line 193, in __call__
    response = await self.dispatch_func(request, call_next)
  File "/app/app/main.py", line 116, in add_security_headers
    response = await call_next(request)
  File "/usr/local/lib/python3.10/site-packages/starlette/middleware/base.py", line 168, in call_next
    raise app_exc from app_exc.__cause__ or app_exc.__context__
  File "/usr/local/lib/python3.10/site-packages/starlette/middleware/base.py", line 144, in coro
    await self.app(scope, receive_or_disconnect, send_no_error)
  File "/usr/local/lib/python3.10/site-packages/starlette/middleware/base.py", line 193, in __call__
    response = await self.dispatch_func(request, call_next)
  File "/app/app/main.py", line 109, in verify_gateway_api_key
    response = await call_next(request)
  File "/usr/local/lib/python3.10/site-packages/starlette/middleware/base.py", line 168, in call_next
    raise app_exc from app_exc.__cause__ or app_exc.__context__
  File "/usr/local/lib/python3.10/site-packages/starlette/middleware/base.py", line 144, in coro
    await self.app(scope, receive_or_disconnect, send_no_error)
  File "/usr/local/lib/python3.10/site-packages/starlette/middleware/cors.py", line 88, in __call__
    await self.app(scope, receive, send)
  File "/usr/local/lib/python3.10/site-packages/starlette/middleware/exceptions.py", line 63, in __call__
    await wrap_app_handling_exceptions(self.app, conn)(scope, receive, send)
  File "/usr/local/lib/python3.10/site-packages/starlette/_exception_handler.py", line 53, in wrapped_app
    raise exc
  File "/usr/local/lib/python3.10/site-packages/starlette/_exception_handler.py", line 42, in wrapped_app
    await app(scope, receive, sender)
  File "/usr/local/lib/python3.10/site-packages/fastapi/middleware/asyncexitstack.py", line 18, in __call__
    await self.app(scope, receive, send)
  File "/usr/local/lib/python3.10/site-packages/starlette/routing.py", line 660, in __call__
    await self.middleware_stack(scope, receive, send)
  File "/usr/local/lib/python3.10/site-packages/fastapi/routing.py", line 2692, in app
    await route.handle(scope, receive, send)
  File "/usr/local/lib/python3.10/site-packages/fastapi/routing.py", line 1773, in handle
    await self.original_router.handle(scope, receive, send)
  File "/usr/local/lib/python3.10/site-packages/fastapi/routing.py", line 2747, in handle
    await included_router._handle_selected(scope, receive, send)
  File "/usr/local/lib/python3.10/site-packages/fastapi/routing.py", line 1793, in _handle_selected
    await original_route.handle(scope, receive, send)
  File "/usr/local/lib/python3.10/site-packages/fastapi/routing.py", line 1272, in handle
    await app(scope, receive, send)
  File "/usr/local/lib/python3.10/site-packages/fastapi/routing.py", line 156, in app
    await wrap_app_handling_exceptions(app, request)(scope, receive, send)
  File "/usr/local/lib/python3.10/site-packages/starlette/_exception_handler.py", line 53, in wrapped_app
    raise exc
  File "/usr/local/lib/python3.10/site-packages/starlette/_exception_handler.py", line 42, in wrapped_app
    await app(scope, receive, sender)
  File "/usr/local/lib/python3.10/site-packages/fastapi/routing.py", line 142, in app
    response = await f(request)
  File "/usr/local/lib/python3.10/site-packages/fastapi/routing.py", line 698, in app
    raw_response = await run_endpoint_function(
  File "/usr/local/lib/python3.10/site-packages/fastapi/routing.py", line 352, in run_endpoint_function
    return await run_in_threadpool(dependant.call, **values)
  File "/usr/local/lib/python3.10/site-packages/starlette/concurrency.py", line 34, in run_in_threadpool
    return await anyio.to_thread.run_sync(func)
  File "/usr/local/lib/python3.10/site-packages/anyio/to_thread.py", line 65, in run_sync
    return await get_async_backend().run_sync_in_worker_thread(
  File "/usr/local/lib/python3.10/site-packages/anyio/_backends/_asyncio.py", line 2641, in run_sync_in_worker_thread
    return await future
  File "/usr/local/lib/python3.10/site-packages/anyio/_backends/_asyncio.py", line 1033, in run
    result = context.run(func, *args)
  File "/app/app/api/routes/dashboard_routes.py", line 28, in get_dashboard_summary
    priorities = db.query(AICollectionPriority).all()
NameError: name 'AICollectionPriority' is not defined
ERROR:app.main:[9a31bf2a-144a-449d-b800-6b279a6154c3] Unhandled exception on /api/ai/dashboard/summary: name 'AICollectionPriority' is not defined
  + Exception Group Traceback (most recent call last):
  |   File "/usr/local/lib/python3.10/site-packages/starlette/_utils.py", line 85, in create_collapsing_task_group
  |     async with anyio.create_task_group() as tg:
  |   File "/usr/local/lib/python3.10/site-packages/anyio/_backends/_asyncio.py", line 815, in __aexit__
  |     raise BaseExceptionGroup(
  | exceptiongroup.ExceptionGroup: unhandled errors in a TaskGroup (1 sub-exception)
  +-+---------------- 1 ----------------
    | Traceback (most recent call last):
    |   File "/usr/local/lib/python3.10/site-packages/starlette/middleware/errors.py", line 164, in __call__
    |     await self.app(scope, receive, _send)
    |   File "/usr/local/lib/python3.10/site-packages/starlette/middleware/base.py", line 193, in __call__
    |     response = await self.dispatch_func(request, call_next)
    |   File "/app/app/main.py", line 116, in add_security_headers
    |     response = await call_next(request)
    |   File "/usr/local/lib/python3.10/site-packages/starlette/middleware/base.py", line 168, in call_next
    |     raise app_exc from app_exc.__cause__ or app_exc.__context__
    |   File "/usr/local/lib/python3.10/site-packages/starlette/middleware/base.py", line 144, in coro
    |     await self.app(scope, receive_or_disconnect, send_no_error)
    |   File "/usr/local/lib/python3.10/site-packages/starlette/middleware/base.py", line 193, in __call__
    |     response = await self.dispatch_func(request, call_next)
    |   File "/app/app/main.py", line 109, in verify_gateway_api_key
    |     response = await call_next(request)
    |   File "/usr/local/lib/python3.10/site-packages/starlette/middleware/base.py", line 168, in call_next
    |     raise app_exc from app_exc.__cause__ or app_exc.__context__
    |   File "/usr/local/lib/python3.10/site-packages/starlette/middleware/base.py", line 144, in coro
    |     await self.app(scope, receive_or_disconnect, send_no_error)
    |   File "/usr/local/lib/python3.10/site-packages/starlette/middleware/cors.py", line 88, in __call__
    |     await self.app(scope, receive, send)
    |   File "/usr/local/lib/python3.10/site-packages/starlette/middleware/exceptions.py", line 63, in __call__
    |     await wrap_app_handling_exceptions(self.app, conn)(scope, receive, send)
    |   File "/usr/local/lib/python3.10/site-packages/starlette/_exception_handler.py", line 53, in wrapped_app
    |     raise exc
    |   File "/usr/local/lib/python3.10/site-packages/starlette/_exception_handler.py", line 42, in wrapped_app
    |     await app(scope, receive, sender)
    |   File "/usr/local/lib/python3.10/site-packages/fastapi/middleware/asyncexitstack.py", line 18, in __call__
    |     await self.app(scope, receive, send)
    |   File "/usr/local/lib/python3.10/site-packages/starlette/routing.py", line 660, in __call__
    |     await self.middleware_stack(scope, receive, send)
    |   File "/usr/local/lib/python3.10/site-packages/fastapi/routing.py", line 2692, in app
    |     await route.handle(scope, receive, send)
    |   File "/usr/local/lib/python3.10/site-packages/fastapi/routing.py", line 1773, in handle
    |     await self.original_router.handle(scope, receive, send)
    |   File "/usr/local/lib/python3.10/site-packages/fastapi/routing.py", line 2747, in handle
    |     await included_router._handle_selected(scope, receive, send)
    |   File "/usr/local/lib/python3.10/site-packages/fastapi/routing.py", line 1793, in _handle_selected
    |     await original_route.handle(scope, receive, send)
    |   File "/usr/local/lib/python3.10/site-packages/fastapi/routing.py", line 1272, in handle
    |     await app(scope, receive, send)
    |   File "/usr/local/lib/python3.10/site-packages/fastapi/routing.py", line 156, in app
    |     await wrap_app_handling_exceptions(app, request)(scope, receive, send)
    |   File "/usr/local/lib/python3.10/site-packages/starlette/_exception_handler.py", line 53, in wrapped_app
    |     raise exc
    |   File "/usr/local/lib/python3.10/site-packages/starlette/_exception_handler.py", line 42, in wrapped_app
    |     await app(scope, receive, sender)
    |   File "/usr/local/lib/python3.10/site-packages/fastapi/routing.py", line 142, in app
    |     response = await f(request)
    |   File "/usr/local/lib/python3.10/site-packages/fastapi/routing.py", line 698, in app
    |     raw_response = await run_endpoint_function(
    |   File "/usr/local/lib/python3.10/site-packages/fastapi/routing.py", line 352, in run_endpoint_function
    |     return await run_in_threadpool(dependant.call, **values)
    |   File "/usr/local/lib/python3.10/site-packages/starlette/concurrency.py", line 34, in run_in_threadpool
    |     return await anyio.to_thread.run_sync(func)
    |   File "/usr/local/lib/python3.10/site-packages/anyio/to_thread.py", line 65, in run_sync
    |     return await get_async_backend().run_sync_in_worker_thread(
    |   File "/usr/local/lib/python3.10/site-packages/anyio/_backends/_asyncio.py", line 2641, in run_sync_in_worker_thread
    |     return await future
    |   File "/usr/local/lib/python3.10/site-packages/anyio/_backends/_asyncio.py", line 1033, in run
    |     result = context.run(func, *args)
    |   File "/app/app/api/routes/dashboard_routes.py", line 28, in get_dashboard_summary
    |     priorities = db.query(AICollectionPriority).all()
    | NameError: name 'AICollectionPriority' is not defined
    +------------------------------------

The above exception was the direct cause of the following exception:

Traceback (most recent call last):
  File "/usr/local/lib/python3.10/site-packages/starlette/middleware/errors.py", line 164, in __call__
    await self.app(scope, receive, _send)
  File "/usr/local/lib/python3.10/site-packages/starlette/middleware/base.py", line 193, in __call__
    response = await self.dispatch_func(request, call_next)
  File "/app/app/main.py", line 116, in add_security_headers
    response = await call_next(request)
  File "/usr/local/lib/python3.10/site-packages/starlette/middleware/base.py", line 168, in call_next
    raise app_exc from app_exc.__cause__ or app_exc.__context__
  File "/usr/local/lib/python3.10/site-packages/starlette/middleware/base.py", line 144, in coro
    await self.app(scope, receive_or_disconnect, send_no_error)
  File "/usr/local/lib/python3.10/site-packages/starlette/middleware/base.py", line 193, in __call__
    response = await self.dispatch_func(request, call_next)
  File "/app/app/main.py", line 109, in verify_gateway_api_key
    response = await call_next(request)
  File "/usr/local/lib/python3.10/site-packages/starlette/middleware/base.py", line 168, in call_next
    raise app_exc from app_exc.__cause__ or app_exc.__context__
  File "/usr/local/lib/python3.10/site-packages/starlette/middleware/base.py", line 144, in coro
    await self.app(scope, receive_or_disconnect, send_no_error)
  File "/usr/local/lib/python3.10/site-packages/starlette/middleware/cors.py", line 88, in __call__
    await self.app(scope, receive, send)
  File "/usr/local/lib/python3.10/site-packages/starlette/middleware/exceptions.py", line 63, in __call__
    await wrap_app_handling_exceptions(self.app, conn)(scope, receive, send)
  File "/usr/local/lib/python3.10/site-packages/starlette/_exception_handler.py", line 53, in wrapped_app
    raise exc
  File "/usr/local/lib/python3.10/site-packages/starlette/_exception_handler.py", line 42, in wrapped_app
    await app(scope, receive, sender)
  File "/usr/local/lib/python3.10/site-packages/fastapi/middleware/asyncexitstack.py", line 18, in __call__
    await self.app(scope, receive, send)
  File "/usr/local/lib/python3.10/site-packages/starlette/routing.py", line 660, in __call__
    await self.middleware_stack(scope, receive, send)
  File "/usr/local/lib/python3.10/site-packages/fastapi/routing.py", line 2692, in app
    await route.handle(scope, receive, send)
  File "/usr/local/lib/python3.10/site-packages/fastapi/routing.py", line 1773, in handle
    await self.original_router.handle(scope, receive, send)
  File "/usr/local/lib/python3.10/site-packages/fastapi/routing.py", line 2747, in handle
    await included_router._handle_selected(scope, receive, send)
  File "/usr/local/lib/python3.10/site-packages/fastapi/routing.py", line 1793, in _handle_selected
    await original_route.handle(scope, receive, send)
  File "/usr/local/lib/python3.10/site-packages/fastapi/routing.py", line 1272, in handle
    await app(scope, receive, send)
  File "/usr/local/lib/python3.10/site-packages/fastapi/routing.py", line 156, in app
    await wrap_app_handling_exceptions(app, request)(scope, receive, send)
  File "/usr/local/lib/python3.10/site-packages/starlette/_exception_handler.py", line 53, in wrapped_app
    raise exc
  File "/usr/local/lib/python3.10/site-packages/starlette/_exception_handler.py", line 42, in wrapped_app
    await app(scope, receive, sender)
  File "/usr/local/lib/python3.10/site-packages/fastapi/routing.py", line 142, in app
    response = await f(request)
  File "/usr/local/lib/python3.10/site-packages/fastapi/routing.py", line 698, in app
    raw_response = await run_endpoint_function(
  File "/usr/local/lib/python3.10/site-packages/fastapi/routing.py", line 352, in run_endpoint_function
    return await run_in_threadpool(dependant.call, **values)
  File "/usr/local/lib/python3.10/site-packages/starlette/concurrency.py", line 34, in run_in_threadpool
    return await anyio.to_thread.run_sync(func)
  File "/usr/local/lib/python3.10/site-packages/anyio/to_thread.py", line 65, in run_sync
    return await get_async_backend().run_sync_in_worker_thread(
  File "/usr/local/lib/python3.10/site-packages/anyio/_backends/_asyncio.py", line 2641, in run_sync_in_worker_thread
    return await future
  File "/usr/local/lib/python3.10/site-packages/anyio/_backends/_asyncio.py", line 1033, in run
    result = context.run(func, *args)
  File "/app/app/api/routes/dashboard_routes.py", line 28, in get_dashboard_summary
    priorities = db.query(AICollectionPriority).all()
NameError: name 'AICollectionPriority' is not defined
ERROR:app.main:[80d78988-bc44-44f3-bf60-95b22a026a05] Unhandled exception on /api/ai/dashboard/summary: name 'AICollectionPriority' is not defined
  + Exception Group Traceback (most recent call last):
  |   File "/usr/local/lib/python3.10/site-packages/starlette/_utils.py", line 85, in create_collapsing_task_group
  |     async with anyio.create_task_group() as tg:
  |   File "/usr/local/lib/python3.10/site-packages/anyio/_backends/_asyncio.py", line 815, in __aexit__
  |     raise BaseExceptionGroup(
  | exceptiongroup.ExceptionGroup: unhandled errors in a TaskGroup (1 sub-exception)
  +-+---------------- 1 ----------------
    | Traceback (most recent call last):
    |   File "/usr/local/lib/python3.10/site-packages/starlette/middleware/errors.py", line 164, in __call__
    |     await self.app(scope, receive, _send)
    |   File "/usr/local/lib/python3.10/site-packages/starlette/middleware/base.py", line 193, in __call__
    |     response = await self.dispatch_func(request, call_next)
    |   File "/app/app/main.py", line 116, in add_security_headers
    |     response = await call_next(request)
    |   File "/usr/local/lib/python3.10/site-packages/starlette/middleware/base.py", line 168, in call_next
    |     raise app_exc from app_exc.__cause__ or app_exc.__context__
    |   File "/usr/local/lib/python3.10/site-packages/starlette/middleware/base.py", line 144, in coro
    |     await self.app(scope, receive_or_disconnect, send_no_error)
    |   File "/usr/local/lib/python3.10/site-packages/starlette/middleware/base.py", line 193, in __call__
    |     response = await self.dispatch_func(request, call_next)
    |   File "/app/app/main.py", line 109, in verify_gateway_api_key
    |     response = await call_next(request)
    |   File "/usr/local/lib/python3.10/site-packages/starlette/middleware/base.py", line 168, in call_next
    |     raise app_exc from app_exc.__cause__ or app_exc.__context__
    |   File "/usr/local/lib/python3.10/site-packages/starlette/middleware/base.py", line 144, in coro
    |     await self.app(scope, receive_or_disconnect, send_no_error)
    |   File "/usr/local/lib/python3.10/site-packages/starlette/middleware/cors.py", line 88, in __call__
    |     await self.app(scope, receive, send)
    |   File "/usr/local/lib/python3.10/site-packages/starlette/middleware/exceptions.py", line 63, in __call__
    |     await wrap_app_handling_exceptions(self.app, conn)(scope, receive, send)
    |   File "/usr/local/lib/python3.10/site-packages/starlette/_exception_handler.py", line 53, in wrapped_app
    |     raise exc
    |   File "/usr/local/lib/python3.10/site-packages/starlette/_exception_handler.py", line 42, in wrapped_app
    |     await app(scope, receive, sender)
    |   File "/usr/local/lib/python3.10/site-packages/fastapi/middleware/asyncexitstack.py", line 18, in __call__
    |     await self.app(scope, receive, send)
    |   File "/usr/local/lib/python3.10/site-packages/starlette/routing.py", line 660, in __call__
    |     await self.middleware_stack(scope, receive, send)
    |   File "/usr/local/lib/python3.10/site-packages/fastapi/routing.py", line 2692, in app
    |     await route.handle(scope, receive, send)
    |   File "/usr/local/lib/python3.10/site-packages/fastapi/routing.py", line 1773, in handle
    |     await self.original_router.handle(scope, receive, send)
    |   File "/usr/local/lib/python3.10/site-packages/fastapi/routing.py", line 2747, in handle
    |     await included_router._handle_selected(scope, receive, send)
    |   File "/usr/local/lib/python3.10/site-packages/fastapi/routing.py", line 1793, in _handle_selected
    |     await original_route.handle(scope, receive, send)
    |   File "/usr/local/lib/python3.10/site-packages/fastapi/routing.py", line 1272, in handle
    |     await app(scope, receive, send)
    |   File "/usr/local/lib/python3.10/site-packages/fastapi/routing.py", line 156, in app
    |     await wrap_app_handling_exceptions(app, request)(scope, receive, send)
    |   File "/usr/local/lib/python3.10/site-packages/starlette/_exception_handler.py", line 53, in wrapped_app
    |     raise exc
    |   File "/usr/local/lib/python3.10/site-packages/starlette/_exception_handler.py", line 42, in wrapped_app
    |     await app(scope, receive, sender)
    |   File "/usr/local/lib/python3.10/site-packages/fastapi/routing.py", line 142, in app
    |     response = await f(request)
    |   File "/usr/local/lib/python3.10/site-packages/fastapi/routing.py", line 698, in app
    |     raw_response = await run_endpoint_function(
    |   File "/usr/local/lib/python3.10/site-packages/fastapi/routing.py", line 352, in run_endpoint_function
    |     return await run_in_threadpool(dependant.call, **values)
    |   File "/usr/local/lib/python3.10/site-packages/starlette/concurrency.py", line 34, in run_in_threadpool
    |     return await anyio.to_thread.run_sync(func)
    |   File "/usr/local/lib/python3.10/site-packages/anyio/to_thread.py", line 65, in run_sync
    |     return await get_async_backend().run_sync_in_worker_thread(
    |   File "/usr/local/lib/python3.10/site-packages/anyio/_backends/_asyncio.py", line 2641, in run_sync_in_worker_thread
    |     return await future
    |   File "/usr/local/lib/python3.10/site-packages/anyio/_backends/_asyncio.py", line 1033, in run
    |     result = context.run(func, *args)
    |   File "/app/app/api/routes/dashboard_routes.py", line 28, in get_dashboard_summary
    |     priorities = db.query(AICollectionPriority).all()
    | NameError: name 'AICollectionPriority' is not defined
    +------------------------------------

The above exception was the direct cause of the following exception:

Traceback (most recent call last):
  File "/usr/local/lib/python3.10/site-packages/starlette/middleware/errors.py", line 164, in __call__
    await self.app(scope, receive, _send)
  File "/usr/local/lib/python3.10/site-packages/starlette/middleware/base.py", line 193, in __call__
    response = await self.dispatch_func(request, call_next)
  File "/app/app/main.py", line 116, in add_security_headers
    response = await call_next(request)
  File "/usr/local/lib/python3.10/site-packages/starlette/middleware/base.py", line 168, in call_next
    raise app_exc from app_exc.__cause__ or app_exc.__context__
  File "/usr/local/lib/python3.10/site-packages/starlette/middleware/base.py", line 144, in coro
    await self.app(scope, receive_or_disconnect, send_no_error)
  File "/usr/local/lib/python3.10/site-packages/starlette/middleware/base.py", line 193, in __call__
    response = await self.dispatch_func(request, call_next)
  File "/app/app/main.py", line 109, in verify_gateway_api_key
    response = await call_next(request)
  File "/usr/local/lib/python3.10/site-packages/starlette/middleware/base.py", line 168, in call_next
    raise app_exc from app_exc.__cause__ or app_exc.__context__
  File "/usr/local/lib/python3.10/site-packages/starlette/middleware/base.py", line 144, in coro
    await self.app(scope, receive_or_disconnect, send_no_error)
  File "/usr/local/lib/python3.10/site-packages/starlette/middleware/cors.py", line 88, in __call__
    await self.app(scope, receive, send)
  File "/usr/local/lib/python3.10/site-packages/starlette/middleware/exceptions.py", line 63, in __call__
    await wrap_app_handling_exceptions(self.app, conn)(scope, receive, send)
  File "/usr/local/lib/python3.10/site-packages/starlette/_exception_handler.py", line 53, in wrapped_app
    raise exc
  File "/usr/local/lib/python3.10/site-packages/starlette/_exception_handler.py", line 42, in wrapped_app
    await app(scope, receive, sender)
  File "/usr/local/lib/python3.10/site-packages/fastapi/middleware/asyncexitstack.py", line 18, in __call__
    await self.app(scope, receive, send)
  File "/usr/local/lib/python3.10/site-packages/starlette/routing.py", line 660, in __call__
    await self.middleware_stack(scope, receive, send)
  File "/usr/local/lib/python3.10/site-packages/fastapi/routing.py", line 2692, in app
    await route.handle(scope, receive, send)
  File "/usr/local/lib/python3.10/site-packages/fastapi/routing.py", line 1773, in handle
    await self.original_router.handle(scope, receive, send)
  File "/usr/local/lib/python3.10/site-packages/fastapi/routing.py", line 2747, in handle
    await included_router._handle_selected(scope, receive, send)
  File "/usr/local/lib/python3.10/site-packages/fastapi/routing.py", line 1793, in _handle_selected
    await original_route.handle(scope, receive, send)
  File "/usr/local/lib/python3.10/site-packages/fastapi/routing.py", line 1272, in handle
    await app(scope, receive, send)
  File "/usr/local/lib/python3.10/site-packages/fastapi/routing.py", line 156, in app
    await wrap_app_handling_exceptions(app, request)(scope, receive, send)
  File "/usr/local/lib/python3.10/site-packages/starlette/_exception_handler.py", line 53, in wrapped_app
    raise exc
  File "/usr/local/lib/python3.10/site-packages/starlette/_exception_handler.py", line 42, in wrapped_app
    await app(scope, receive, sender)
  File "/usr/local/lib/python3.10/site-packages/fastapi/routing.py", line 142, in app
    response = await f(request)
  File "/usr/local/lib/python3.10/site-packages/fastapi/routing.py", line 698, in app
    raw_response = await run_endpoint_function(
  File "/usr/local/lib/python3.10/site-packages/fastapi/routing.py", line 352, in run_endpoint_function
    return await run_in_threadpool(dependant.call, **values)
  File "/usr/local/lib/python3.10/site-packages/starlette/concurrency.py", line 34, in run_in_threadpool
    return await anyio.to_thread.run_sync(func)
  File "/usr/local/lib/python3.10/site-packages/anyio/to_thread.py", line 65, in run_sync
    return await get_async_backend().run_sync_in_worker_thread(
  File "/usr/local/lib/python3.10/site-packages/anyio/_backends/_asyncio.py", line 2641, in run_sync_in_worker_thread
    return await future
  File "/usr/local/lib/python3.10/site-packages/anyio/_backends/_asyncio.py", line 1033, in run
    result = context.run(func, *args)
  File "/app/app/api/routes/dashboard_routes.py", line 28, in get_dashboard_summary
    priorities = db.query(AICollectionPriority).all()
NameError: name 'AICollectionPriority' is not defined
ERROR:app.main:[ccfed411-8d72-4c0b-85ef-e36cefaedfc4] Unhandled exception on /api/ai/dashboard/summary: name 'AICollectionPriority' is not defined
  + Exception Group Traceback (most recent call last):
  |   File "/usr/local/lib/python3.10/site-packages/starlette/_utils.py", line 85, in create_collapsing_task_group
  |     async with anyio.create_task_group() as tg:
  |   File "/usr/local/lib/python3.10/site-packages/anyio/_backends/_asyncio.py", line 815, in __aexit__
  |     raise BaseExceptionGroup(
  | exceptiongroup.ExceptionGroup: unhandled errors in a TaskGroup (1 sub-exception)
  +-+---------------- 1 ----------------
    | Traceback (most recent call last):
    |   File "/usr/local/lib/python3.10/site-packages/starlette/middleware/errors.py", line 164, in __call__
    |     await self.app(scope, receive, _send)
    |   File "/usr/local/lib/python3.10/site-packages/starlette/middleware/base.py", line 193, in __call__
    |     response = await self.dispatch_func(request, call_next)
    |   File "/app/app/main.py", line 116, in add_security_headers
    |     response = await call_next(request)
    |   File "/usr/local/lib/python3.10/site-packages/starlette/middleware/base.py", line 168, in call_next
    |     raise app_exc from app_exc.__cause__ or app_exc.__context__
    |   File "/usr/local/lib/python3.10/site-packages/starlette/middleware/base.py", line 144, in coro
    |     await self.app(scope, receive_or_disconnect, send_no_error)
    |   File "/usr/local/lib/python3.10/site-packages/starlette/middleware/base.py", line 193, in __call__
    |     response = await self.dispatch_func(request, call_next)
    |   File "/app/app/main.py", line 109, in verify_gateway_api_key
    |     response = await call_next(request)
    |   File "/usr/local/lib/python3.10/site-packages/starlette/middleware/base.py", line 168, in call_next
    |     raise app_exc from app_exc.__cause__ or app_exc.__context__
    |   File "/usr/local/lib/python3.10/site-packages/starlette/middleware/base.py", line 144, in coro
    |     await self.app(scope, receive_or_disconnect, send_no_error)
    |   File "/usr/local/lib/python3.10/site-packages/starlette/middleware/cors.py", line 88, in __call__
    |     await self.app(scope, receive, send)
    |   File "/usr/local/lib/python3.10/site-packages/starlette/middleware/exceptions.py", line 63, in __call__
    |     await wrap_app_handling_exceptions(self.app, conn)(scope, receive, send)
    |   File "/usr/local/lib/python3.10/site-packages/starlette/_exception_handler.py", line 53, in wrapped_app
    |     raise exc
    |   File "/usr/local/lib/python3.10/site-packages/starlette/_exception_handler.py", line 42, in wrapped_app
    |     await app(scope, receive, sender)
    |   File "/usr/local/lib/python3.10/site-packages/fastapi/middleware/asyncexitstack.py", line 18, in __call__
    |     await self.app(scope, receive, send)
    |   File "/usr/local/lib/python3.10/site-packages/starlette/routing.py", line 660, in __call__
    |     await self.middleware_stack(scope, receive, send)
    |   File "/usr/local/lib/python3.10/site-packages/fastapi/routing.py", line 2692, in app
    |     await route.handle(scope, receive, send)
    |   File "/usr/local/lib/python3.10/site-packages/fastapi/routing.py", line 1773, in handle
    |     await self.original_router.handle(scope, receive, send)
    |   File "/usr/local/lib/python3.10/site-packages/fastapi/routing.py", line 2747, in handle
    |     await included_router._handle_selected(scope, receive, send)
    |   File "/usr/local/lib/python3.10/site-packages/fastapi/routing.py", line 1793, in _handle_selected
    |     await original_route.handle(scope, receive, send)
    |   File "/usr/local/lib/python3.10/site-packages/fastapi/routing.py", line 1272, in handle
    |     await app(scope, receive, send)
    |   File "/usr/local/lib/python3.10/site-packages/fastapi/routing.py", line 156, in app
    |     await wrap_app_handling_exceptions(app, request)(scope, receive, send)
    |   File "/usr/local/lib/python3.10/site-packages/starlette/_exception_handler.py", line 53, in wrapped_app
    |     raise exc
    |   File "/usr/local/lib/python3.10/site-packages/starlette/_exception_handler.py", line 42, in wrapped_app
    |     await app(scope, receive, sender)
    |   File "/usr/local/lib/python3.10/site-packages/fastapi/routing.py", line 142, in app
    |     response = await f(request)
    |   File "/usr/local/lib/python3.10/site-packages/fastapi/routing.py", line 698, in app
    |     raw_response = await run_endpoint_function(
    |   File "/usr/local/lib/python3.10/site-packages/fastapi/routing.py", line 352, in run_endpoint_function
    |     return await run_in_threadpool(dependant.call, **values)
    |   File "/usr/local/lib/python3.10/site-packages/starlette/concurrency.py", line 34, in run_in_threadpool
    |     return await anyio.to_thread.run_sync(func)
    |   File "/usr/local/lib/python3.10/site-packages/anyio/to_thread.py", line 65, in run_sync
    |     return await get_async_backend().run_sync_in_worker_thread(
    |   File "/usr/local/lib/python3.10/site-packages/anyio/_backends/_asyncio.py", line 2641, in run_sync_in_worker_thread
    |     return await future
    |   File "/usr/local/lib/python3.10/site-packages/anyio/_backends/_asyncio.py", line 1033, in run
    |     result = context.run(func, *args)
    |   File "/app/app/api/routes/dashboard_routes.py", line 28, in get_dashboard_summary
    |     priorities = db.query(AICollectionPriority).all()
    | NameError: name 'AICollectionPriority' is not defined
    +------------------------------------

The above exception was the direct cause of the following exception:

Traceback (most recent call last):
  File "/usr/local/lib/python3.10/site-packages/starlette/middleware/errors.py", line 164, in __call__
    await self.app(scope, receive, _send)
  File "/usr/local/lib/python3.10/site-packages/starlette/middleware/base.py", line 193, in __call__
    response = await self.dispatch_func(request, call_next)
  File "/app/app/main.py", line 116, in add_security_headers
    response = await call_next(request)
  File "/usr/local/lib/python3.10/site-packages/starlette/middleware/base.py", line 168, in call_next
    raise app_exc from app_exc.__cause__ or app_exc.__context__
  File "/usr/local/lib/python3.10/site-packages/starlette/middleware/base.py", line 144, in coro
    await self.app(scope, receive_or_disconnect, send_no_error)
  File "/usr/local/lib/python3.10/site-packages/starlette/middleware/base.py", line 193, in __call__
    response = await self.dispatch_func(request, call_next)
  File "/app/app/main.py", line 109, in verify_gateway_api_key
    response = await call_next(request)
  File "/usr/local/lib/python3.10/site-packages/starlette/middleware/base.py", line 168, in call_next
    raise app_exc from app_exc.__cause__ or app_exc.__context__
  File "/usr/local/lib/python3.10/site-packages/starlette/middleware/base.py", line 144, in coro
    await self.app(scope, receive_or_disconnect, send_no_error)
  File "/usr/local/lib/python3.10/site-packages/starlette/middleware/cors.py", line 88, in __call__
    await self.app(scope, receive, send)
  File "/usr/local/lib/python3.10/site-packages/starlette/middleware/exceptions.py", line 63, in __call__
    await wrap_app_handling_exceptions(self.app, conn)(scope, receive, send)
  File "/usr/local/lib/python3.10/site-packages/starlette/_exception_handler.py", line 53, in wrapped_app
    raise exc
  File "/usr/local/lib/python3.10/site-packages/starlette/_exception_handler.py", line 42, in wrapped_app
    await app(scope, receive, sender)
  File "/usr/local/lib/python3.10/site-packages/fastapi/middleware/asyncexitstack.py", line 18, in __call__
    await self.app(scope, receive, send)
  File "/usr/local/lib/python3.10/site-packages/starlette/routing.py", line 660, in __call__
    await self.middleware_stack(scope, receive, send)
  File "/usr/local/lib/python3.10/site-packages/fastapi/routing.py", line 2692, in app
    await route.handle(scope, receive, send)
  File "/usr/local/lib/python3.10/site-packages/fastapi/routing.py", line 1773, in handle
    await self.original_router.handle(scope, receive, send)
  File "/usr/local/lib/python3.10/site-packages/fastapi/routing.py", line 2747, in handle
    await included_router._handle_selected(scope, receive, send)
  File "/usr/local/lib/python3.10/site-packages/fastapi/routing.py", line 1793, in _handle_selected
    await original_route.handle(scope, receive, send)
  File "/usr/local/lib/python3.10/site-packages/fastapi/routing.py", line 1272, in handle
    await app(scope, receive, send)
  File "/usr/local/lib/python3.10/site-packages/fastapi/routing.py", line 156, in app
    await wrap_app_handling_exceptions(app, request)(scope, receive, send)
  File "/usr/local/lib/python3.10/site-packages/starlette/_exception_handler.py", line 53, in wrapped_app
    raise exc
  File "/usr/local/lib/python3.10/site-packages/starlette/_exception_handler.py", line 42, in wrapped_app
    await app(scope, receive, sender)
  File "/usr/local/lib/python3.10/site-packages/fastapi/routing.py", line 142, in app
    response = await f(request)
  File "/usr/local/lib/python3.10/site-packages/fastapi/routing.py", line 698, in app
    raw_response = await run_endpoint_function(
  File "/usr/local/lib/python3.10/site-packages/fastapi/routing.py", line 352, in run_endpoint_function
    return await run_in_threadpool(dependant.call, **values)
  File "/usr/local/lib/python3.10/site-packages/starlette/concurrency.py", line 34, in run_in_threadpool
    return await anyio.to_thread.run_sync(func)
  File "/usr/local/lib/python3.10/site-packages/anyio/to_thread.py", line 65, in run_sync
    return await get_async_backend().run_sync_in_worker_thread(
  File "/usr/local/lib/python3.10/site-packages/anyio/_backends/_asyncio.py", line 2641, in run_sync_in_worker_thread
    return await future
  File "/usr/local/lib/python3.10/site-packages/anyio/_backends/_asyncio.py", line 1033, in run
    result = context.run(func, *args)
  File "/app/app/api/routes/dashboard_routes.py", line 28, in get_dashboard_summary
    priorities = db.query(AICollectionPriority).all()
NameError: name 'AICollectionPriority' is not defined
ERROR:app.main:[cf8f6469-25e6-4183-b5de-4ae926d8d5f4] Unhandled exception on /api/ai/dashboard/summary: name 'AICollectionPriority' is not defined
  + Exception Group Traceback (most recent call last):
  |   File "/usr/local/lib/python3.10/site-packages/starlette/_utils.py", line 85, in create_collapsing_task_group
  |     async with anyio.create_task_group() as tg:
  |   File "/usr/local/lib/python3.10/site-packages/anyio/_backends/_asyncio.py", line 815, in __aexit__
  |     raise BaseExceptionGroup(
  | exceptiongroup.ExceptionGroup: unhandled errors in a TaskGroup (1 sub-exception)
  +-+---------------- 1 ----------------
    | Traceback (most recent call last):
    |   File "/usr/local/lib/python3.10/site-packages/starlette/middleware/errors.py", line 164, in __call__
    |     await self.app(scope, receive, _send)
    |   File "/usr/local/lib/python3.10/site-packages/starlette/middleware/base.py", line 193, in __call__
    |     response = await self.dispatch_func(request, call_next)
    |   File "/app/app/main.py", line 116, in add_security_headers
    |     response = await call_next(request)
    |   File "/usr/local/lib/python3.10/site-packages/starlette/middleware/base.py", line 168, in call_next
    |     raise app_exc from app_exc.__cause__ or app_exc.__context__
    |   File "/usr/local/lib/python3.10/site-packages/starlette/middleware/base.py", line 144, in coro
    |     await self.app(scope, receive_or_disconnect, send_no_error)
    |   File "/usr/local/lib/python3.10/site-packages/starlette/middleware/base.py", line 193, in __call__
    |     response = await self.dispatch_func(request, call_next)
    |   File "/app/app/main.py", line 109, in verify_gateway_api_key
    |     response = await call_next(request)
    |   File "/usr/local/lib/python3.10/site-packages/starlette/middleware/base.py", line 168, in call_next
    |     raise app_exc from app_exc.__cause__ or app_exc.__context__
    |   File "/usr/local/lib/python3.10/site-packages/starlette/middleware/base.py", line 144, in coro
    |     await self.app(scope, receive_or_disconnect, send_no_error)
    |   File "/usr/local/lib/python3.10/site-packages/starlette/middleware/cors.py", line 88, in __call__
    |     await self.app(scope, receive, send)
    |   File "/usr/local/lib/python3.10/site-packages/starlette/middleware/exceptions.py", line 63, in __call__
    |     await wrap_app_handling_exceptions(self.app, conn)(scope, receive, send)
    |   File "/usr/local/lib/python3.10/site-packages/starlette/_exception_handler.py", line 53, in wrapped_app
    |     raise exc
    |   File "/usr/local/lib/python3.10/site-packages/starlette/_exception_handler.py", line 42, in wrapped_app
    |     await app(scope, receive, sender)
    |   File "/usr/local/lib/python3.10/site-packages/fastapi/middleware/asyncexitstack.py", line 18, in __call__
    |     await self.app(scope, receive, send)
    |   File "/usr/local/lib/python3.10/site-packages/starlette/routing.py", line 660, in __call__
    |     await self.middleware_stack(scope, receive, send)
    |   File "/usr/local/lib/python3.10/site-packages/fastapi/routing.py", line 2692, in app
    |     await route.handle(scope, receive, send)
    |   File "/usr/local/lib/python3.10/site-packages/fastapi/routing.py", line 1773, in handle
    |     await self.original_router.handle(scope, receive, send)
    |   File "/usr/local/lib/python3.10/site-packages/fastapi/routing.py", line 2747, in handle
    |     await included_router._handle_selected(scope, receive, send)
    |   File "/usr/local/lib/python3.10/site-packages/fastapi/routing.py", line 1793, in _handle_selected
    |     await original_route.handle(scope, receive, send)
    |   File "/usr/local/lib/python3.10/site-packages/fastapi/routing.py", line 1272, in handle
    |     await app(scope, receive, send)
    |   File "/usr/local/lib/python3.10/site-packages/fastapi/routing.py", line 156, in app
    |     await wrap_app_handling_exceptions(app, request)(scope, receive, send)
    |   File "/usr/local/lib/python3.10/site-packages/starlette/_exception_handler.py", line 53, in wrapped_app
    |     raise exc
    |   File "/usr/local/lib/python3.10/site-packages/starlette/_exception_handler.py", line 42, in wrapped_app
    |     await app(scope, receive, sender)
    |   File "/usr/local/lib/python3.10/site-packages/fastapi/routing.py", line 142, in app
    |     response = await f(request)
    |   File "/usr/local/lib/python3.10/site-packages/fastapi/routing.py", line 698, in app
    |     raw_response = await run_endpoint_function(
    |   File "/usr/local/lib/python3.10/site-packages/fastapi/routing.py", line 352, in run_endpoint_function
    |     return await run_in_threadpool(dependant.call, **values)
    |   File "/usr/local/lib/python3.10/site-packages/starlette/concurrency.py", line 34, in run_in_threadpool
    |     return await anyio.to_thread.run_sync(func)
    |   File "/usr/local/lib/python3.10/site-packages/anyio/to_thread.py", line 65, in run_sync
    |     return await get_async_backend().run_sync_in_worker_thread(
    |   File "/usr/local/lib/python3.10/site-packages/anyio/_backends/_asyncio.py", line 2641, in run_sync_in_worker_thread
    |     return await future
    |   File "/usr/local/lib/python3.10/site-packages/anyio/_backends/_asyncio.py", line 1033, in run
    |     result = context.run(func, *args)
    |   File "/app/app/api/routes/dashboard_routes.py", line 28, in get_dashboard_summary
    |     priorities = db.query(AICollectionPriority).all()
    | NameError: name 'AICollectionPriority' is not defined
    +------------------------------------

The above exception was the direct cause of the following exception:

Traceback (most recent call last):
  File "/usr/local/lib/python3.10/site-packages/starlette/middleware/errors.py", line 164, in __call__
    await self.app(scope, receive, _send)
  File "/usr/local/lib/python3.10/site-packages/starlette/middleware/base.py", line 193, in __call__
    response = await self.dispatch_func(request, call_next)
  File "/app/app/main.py", line 116, in add_security_headers
    response = await call_next(request)
  File "/usr/local/lib/python3.10/site-packages/starlette/middleware/base.py", line 168, in call_next
    raise app_exc from app_exc.__cause__ or app_exc.__context__
  File "/usr/local/lib/python3.10/site-packages/starlette/middleware/base.py", line 144, in coro
    await self.app(scope, receive_or_disconnect, send_no_error)
  File "/usr/local/lib/python3.10/site-packages/starlette/middleware/base.py", line 193, in __call__
    response = await self.dispatch_func(request, call_next)
  File "/app/app/main.py", line 109, in verify_gateway_api_key
    response = await call_next(request)
  File "/usr/local/lib/python3.10/site-packages/starlette/middleware/base.py", line 168, in call_next
    raise app_exc from app_exc.__cause__ or app_exc.__context__
  File "/usr/local/lib/python3.10/site-packages/starlette/middleware/base.py", line 144, in coro
    await self.app(scope, receive_or_disconnect, send_no_error)
  File "/usr/local/lib/python3.10/site-packages/starlette/middleware/cors.py", line 88, in __call__
    await self.app(scope, receive, send)
  File "/usr/local/lib/python3.10/site-packages/starlette/middleware/exceptions.py", line 63, in __call__
    await wrap_app_handling_exceptions(self.app, conn)(scope, receive, send)
  File "/usr/local/lib/python3.10/site-packages/starlette/_exception_handler.py", line 53, in wrapped_app
    raise exc
  File "/usr/local/lib/python3.10/site-packages/starlette/_exception_handler.py", line 42, in wrapped_app
    await app(scope, receive, sender)
  File "/usr/local/lib/python3.10/site-packages/fastapi/middleware/asyncexitstack.py", line 18, in __call__
    await self.app(scope, receive, send)
  File "/usr/local/lib/python3.10/site-packages/starlette/routing.py", line 660, in __call__
    await self.middleware_stack(scope, receive, send)
  File "/usr/local/lib/python3.10/site-packages/fastapi/routing.py", line 2692, in app
    await route.handle(scope, receive, send)
  File "/usr/local/lib/python3.10/site-packages/fastapi/routing.py", line 1773, in handle
    await self.original_router.handle(scope, receive, send)
  File "/usr/local/lib/python3.10/site-packages/fastapi/routing.py", line 2747, in handle
    await included_router._handle_selected(scope, receive, send)
  File "/usr/local/lib/python3.10/site-packages/fastapi/routing.py", line 1793, in _handle_selected
    await original_route.handle(scope, receive, send)
  File "/usr/local/lib/python3.10/site-packages/fastapi/routing.py", line 1272, in handle
    await app(scope, receive, send)
  File "/usr/local/lib/python3.10/site-packages/fastapi/routing.py", line 156, in app
    await wrap_app_handling_exceptions(app, request)(scope, receive, send)
  File "/usr/local/lib/python3.10/site-packages/starlette/_exception_handler.py", line 53, in wrapped_app
    raise exc
  File "/usr/local/lib/python3.10/site-packages/starlette/_exception_handler.py", line 42, in wrapped_app
    await app(scope, receive, sender)
  File "/usr/local/lib/python3.10/site-packages/fastapi/routing.py", line 142, in app
    response = await f(request)
  File "/usr/local/lib/python3.10/site-packages/fastapi/routing.py", line 698, in app
    raw_response = await run_endpoint_function(
  File "/usr/local/lib/python3.10/site-packages/fastapi/routing.py", line 352, in run_endpoint_function
    return await run_in_threadpool(dependant.call, **values)
  File "/usr/local/lib/python3.10/site-packages/starlette/concurrency.py", line 34, in run_in_threadpool
    return await anyio.to_thread.run_sync(func)
  File "/usr/local/lib/python3.10/site-packages/anyio/to_thread.py", line 65, in run_sync
    return await get_async_backend().run_sync_in_worker_thread(
  File "/usr/local/lib/python3.10/site-packages/anyio/_backends/_asyncio.py", line 2641, in run_sync_in_worker_thread
    return await future
  File "/usr/local/lib/python3.10/site-packages/anyio/_backends/_asyncio.py", line 1033, in run
    result = context.run(func, *args)
  File "/app/app/api/routes/dashboard_routes.py", line 28, in get_dashboard_summary
    priorities = db.query(AICollectionPriority).all()
NameError: name 'AICollectionPriority' is not defined
ERROR:app.main:[b81d3000-3b7d-4033-ac77-063f379df0b4] Unhandled exception on /api/ai/dashboard/summary: name 'AICollectionPriority' is not defined
  + Exception Group Traceback (most recent call last):
  |   File "/usr/local/lib/python3.10/site-packages/starlette/_utils.py", line 85, in create_collapsing_task_group
  |     async with anyio.create_task_group() as tg:
  |   File "/usr/local/lib/python3.10/site-packages/anyio/_backends/_asyncio.py", line 815, in __aexit__
  |     raise BaseExceptionGroup(
  | exceptiongroup.ExceptionGroup: unhandled errors in a TaskGroup (1 sub-exception)
  +-+---------------- 1 ----------------
    | Traceback (most recent call last):
    |   File "/usr/local/lib/python3.10/site-packages/starlette/middleware/errors.py", line 164, in __call__
    |     await self.app(scope, receive, _send)
    |   File "/usr/local/lib/python3.10/site-packages/starlette/middleware/base.py", line 193, in __call__
    |     response = await self.dispatch_func(request, call_next)
    |   File "/app/app/main.py", line 116, in add_security_headers
    |     response = await call_next(request)
    |   File "/usr/local/lib/python3.10/site-packages/starlette/middleware/base.py", line 168, in call_next
    |     raise app_exc from app_exc.__cause__ or app_exc.__context__
    |   File "/usr/local/lib/python3.10/site-packages/starlette/middleware/base.py", line 144, in coro
    |     await self.app(scope, receive_or_disconnect, send_no_error)
    |   File "/usr/local/lib/python3.10/site-packages/starlette/middleware/base.py", line 193, in __call__
    |     response = await self.dispatch_func(request, call_next)
    |   File "/app/app/main.py", line 109, in verify_gateway_api_key
    |     response = await call_next(request)
    |   File "/usr/local/lib/python3.10/site-packages/starlette/middleware/base.py", line 168, in call_next
    |     raise app_exc from app_exc.__cause__ or app_exc.__context__
    |   File "/usr/local/lib/python3.10/site-packages/starlette/middleware/base.py", line 144, in coro
    |     await self.app(scope, receive_or_disconnect, send_no_error)
    |   File "/usr/local/lib/python3.10/site-packages/starlette/middleware/cors.py", line 88, in __call__
    |     await self.app(scope, receive, send)
    |   File "/usr/local/lib/python3.10/site-packages/starlette/middleware/exceptions.py", line 63, in __call__
    |     await wrap_app_handling_exceptions(self.app, conn)(scope, receive, send)
    |   File "/usr/local/lib/python3.10/site-packages/starlette/_exception_handler.py", line 53, in wrapped_app
    |     raise exc
    |   File "/usr/local/lib/python3.10/site-packages/starlette/_exception_handler.py", line 42, in wrapped_app
    |     await app(scope, receive, sender)
    |   File "/usr/local/lib/python3.10/site-packages/fastapi/middleware/asyncexitstack.py", line 18, in __call__
    |     await self.app(scope, receive, send)
    |   File "/usr/local/lib/python3.10/site-packages/starlette/routing.py", line 660, in __call__
    |     await self.middleware_stack(scope, receive, send)
    |   File "/usr/local/lib/python3.10/site-packages/fastapi/routing.py", line 2692, in app
    |     await route.handle(scope, receive, send)
    |   File "/usr/local/lib/python3.10/site-packages/fastapi/routing.py", line 1773, in handle
    |     await self.original_router.handle(scope, receive, send)
    |   File "/usr/local/lib/python3.10/site-packages/fastapi/routing.py", line 2747, in handle
    |     await included_router._handle_selected(scope, receive, send)
    |   File "/usr/local/lib/python3.10/site-packages/fastapi/routing.py", line 1793, in _handle_selected
    |     await original_route.handle(scope, receive, send)
    |   File "/usr/local/lib/python3.10/site-packages/fastapi/routing.py", line 1272, in handle
    |     await app(scope, receive, send)
    |   File "/usr/local/lib/python3.10/site-packages/fastapi/routing.py", line 156, in app
    |     await wrap_app_handling_exceptions(app, request)(scope, receive, send)
    |   File "/usr/local/lib/python3.10/site-packages/starlette/_exception_handler.py", line 53, in wrapped_app
    |     raise exc
    |   File "/usr/local/lib/python3.10/site-packages/starlette/_exception_handler.py", line 42, in wrapped_app
    |     await app(scope, receive, sender)
    |   File "/usr/local/lib/python3.10/site-packages/fastapi/routing.py", line 142, in app
    |     response = await f(request)
    |   File "/usr/local/lib/python3.10/site-packages/fastapi/routing.py", line 698, in app
    |     raw_response = await run_endpoint_function(
    |   File "/usr/local/lib/python3.10/site-packages/fastapi/routing.py", line 352, in run_endpoint_function
    |     return await run_in_threadpool(dependant.call, **values)
    |   File "/usr/local/lib/python3.10/site-packages/starlette/concurrency.py", line 34, in run_in_threadpool
    |     return await anyio.to_thread.run_sync(func)
    |   File "/usr/local/lib/python3.10/site-packages/anyio/to_thread.py", line 65, in run_sync
    |     return await get_async_backend().run_sync_in_worker_thread(
    |   File "/usr/local/lib/python3.10/site-packages/anyio/_backends/_asyncio.py", line 2641, in run_sync_in_worker_thread
    |     return await future
    |   File "/usr/local/lib/python3.10/site-packages/anyio/_backends/_asyncio.py", line 1033, in run
    |     result = context.run(func, *args)
    |   File "/app/app/api/routes/dashboard_routes.py", line 28, in get_dashboard_summary
    |     priorities = db.query(AICollectionPriority).all()
    | NameError: name 'AICollectionPriority' is not defined
    +------------------------------------

The above exception was the direct cause of the following exception:

Traceback (most recent call last):
  File "/usr/local/lib/python3.10/site-packages/starlette/middleware/errors.py", line 164, in __call__
    await self.app(scope, receive, _send)
  File "/usr/local/lib/python3.10/site-packages/starlette/middleware/base.py", line 193, in __call__
    response = await self.dispatch_func(request, call_next)
  File "/app/app/main.py", line 116, in add_security_headers
    response = await call_next(request)
  File "/usr/local/lib/python3.10/site-packages/starlette/middleware/base.py", line 168, in call_next
    raise app_exc from app_exc.__cause__ or app_exc.__context__
  File "/usr/local/lib/python3.10/site-packages/starlette/middleware/base.py", line 144, in coro
    await self.app(scope, receive_or_disconnect, send_no_error)
  File "/usr/local/lib/python3.10/site-packages/starlette/middleware/base.py", line 193, in __call__
    response = await self.dispatch_func(request, call_next)
  File "/app/app/main.py", line 109, in verify_gateway_api_key
    response = await call_next(request)
  File "/usr/local/lib/python3.10/site-packages/starlette/middleware/base.py", line 168, in call_next
    raise app_exc from app_exc.__cause__ or app_exc.__context__
  File "/usr/local/lib/python3.10/site-packages/starlette/middleware/base.py", line 144, in coro
    await self.app(scope, receive_or_disconnect, send_no_error)
  File "/usr/local/lib/python3.10/site-packages/starlette/middleware/cors.py", line 88, in __call__
    await self.app(scope, receive, send)
  File "/usr/local/lib/python3.10/site-packages/starlette/middleware/exceptions.py", line 63, in __call__
    await wrap_app_handling_exceptions(self.app, conn)(scope, receive, send)
  File "/usr/local/lib/python3.10/site-packages/starlette/_exception_handler.py", line 53, in wrapped_app
    raise exc
  File "/usr/local/lib/python3.10/site-packages/starlette/_exception_handler.py", line 42, in wrapped_app
    await app(scope, receive, sender)
  File "/usr/local/lib/python3.10/site-packages/fastapi/middleware/asyncexitstack.py", line 18, in __call__
    await self.app(scope, receive, send)
  File "/usr/local/lib/python3.10/site-packages/starlette/routing.py", line 660, in __call__
    await self.middleware_stack(scope, receive, send)
  File "/usr/local/lib/python3.10/site-packages/fastapi/routing.py", line 2692, in app
    await route.handle(scope, receive, send)
  File "/usr/local/lib/python3.10/site-packages/fastapi/routing.py", line 1773, in handle
    await self.original_router.handle(scope, receive, send)
  File "/usr/local/lib/python3.10/site-packages/fastapi/routing.py", line 2747, in handle
    await included_router._handle_selected(scope, receive, send)
  File "/usr/local/lib/python3.10/site-packages/fastapi/routing.py", line 1793, in _handle_selected
    await original_route.handle(scope, receive, send)
  File "/usr/local/lib/python3.10/site-packages/fastapi/routing.py", line 1272, in handle
    await app(scope, receive, send)
  File "/usr/local/lib/python3.10/site-packages/fastapi/routing.py", line 156, in app
    await wrap_app_handling_exceptions(app, request)(scope, receive, send)
  File "/usr/local/lib/python3.10/site-packages/starlette/_exception_handler.py", line 53, in wrapped_app
    raise exc
  File "/usr/local/lib/python3.10/site-packages/starlette/_exception_handler.py", line 42, in wrapped_app
    await app(scope, receive, sender)
  File "/usr/local/lib/python3.10/site-packages/fastapi/routing.py", line 142, in app
    response = await f(request)
  File "/usr/local/lib/python3.10/site-packages/fastapi/routing.py", line 698, in app
    raw_response = await run_endpoint_function(
  File "/usr/local/lib/python3.10/site-packages/fastapi/routing.py", line 352, in run_endpoint_function
    return await run_in_threadpool(dependant.call, **values)
  File "/usr/local/lib/python3.10/site-packages/starlette/concurrency.py", line 34, in run_in_threadpool
    return await anyio.to_thread.run_sync(func)
  File "/usr/local/lib/python3.10/site-packages/anyio/to_thread.py", line 65, in run_sync
    return await get_async_backend().run_sync_in_worker_thread(
  File "/usr/local/lib/python3.10/site-packages/anyio/_backends/_asyncio.py", line 2641, in run_sync_in_worker_thread
    return await future
  File "/usr/local/lib/python3.10/site-packages/anyio/_backends/_asyncio.py", line 1033, in run
    result = context.run(func, *args)
  File "/app/app/api/routes/dashboard_routes.py", line 28, in get_dashboard_summary
    priorities = db.query(AICollectionPriority).all()
NameError: name 'AICollectionPriority' is not defined
ERROR:app.main:[6ab4d550-2a40-47f8-8a02-e97d6195e6f4] Unhandled exception on /api/ai/dashboard/summary: name 'AICollectionPriority' is not defined
  + Exception Group Traceback (most recent call last):
  |   File "/usr/local/lib/python3.10/site-packages/starlette/_utils.py", line 85, in create_collapsing_task_group
  |     async with anyio.create_task_group() as tg:
  |   File "/usr/local/lib/python3.10/site-packages/anyio/_backends/_asyncio.py", line 815, in __aexit__
  |     raise BaseExceptionGroup(
  | exceptiongroup.ExceptionGroup: unhandled errors in a TaskGroup (1 sub-exception)
  +-+---------------- 1 ----------------
    | Traceback (most recent call last):
    |   File "/usr/local/lib/python3.10/site-packages/starlette/middleware/errors.py", line 164, in __call__
    |     await self.app(scope, receive, _send)
    |   File "/usr/local/lib/python3.10/site-packages/starlette/middleware/base.py", line 193, in __call__
    |     response = await self.dispatch_func(request, call_next)
    |   File "/app/app/main.py", line 116, in add_security_headers
    |     response = await call_next(request)
    |   File "/usr/local/lib/python3.10/site-packages/starlette/middleware/base.py", line 168, in call_next
    |     raise app_exc from app_exc.__cause__ or app_exc.__context__
    |   File "/usr/local/lib/python3.10/site-packages/starlette/middleware/base.py", line 144, in coro
    |     await self.app(scope, receive_or_disconnect, send_no_error)
    |   File "/usr/local/lib/python3.10/site-packages/starlette/middleware/base.py", line 193, in __call__
    |     response = await self.dispatch_func(request, call_next)
    |   File "/app/app/main.py", line 109, in verify_gateway_api_key
    |     response = await call_next(request)
    |   File "/usr/local/lib/python3.10/site-packages/starlette/middleware/base.py", line 168, in call_next
    |     raise app_exc from app_exc.__cause__ or app_exc.__context__
    |   File "/usr/local/lib/python3.10/site-packages/starlette/middleware/base.py", line 144, in coro
    |     await self.app(scope, receive_or_disconnect, send_no_error)
    |   File "/usr/local/lib/python3.10/site-packages/starlette/middleware/cors.py", line 88, in __call__
    |     await self.app(scope, receive, send)
    |   File "/usr/local/lib/python3.10/site-packages/starlette/middleware/exceptions.py", line 63, in __call__
    |     await wrap_app_handling_exceptions(self.app, conn)(scope, receive, send)
    |   File "/usr/local/lib/python3.10/site-packages/starlette/_exception_handler.py", line 53, in wrapped_app
    |     raise exc
    |   File "/usr/local/lib/python3.10/site-packages/starlette/_exception_handler.py", line 42, in wrapped_app
    |     await app(scope, receive, sender)
    |   File "/usr/local/lib/python3.10/site-packages/fastapi/middleware/asyncexitstack.py", line 18, in __call__
    |     await self.app(scope, receive, send)
    |   File "/usr/local/lib/python3.10/site-packages/starlette/routing.py", line 660, in __call__
    |     await self.middleware_stack(scope, receive, send)
    |   File "/usr/local/lib/python3.10/site-packages/fastapi/routing.py", line 2692, in app
    |     await route.handle(scope, receive, send)
    |   File "/usr/local/lib/python3.10/site-packages/fastapi/routing.py", line 1773, in handle
    |     await self.original_router.handle(scope, receive, send)
    |   File "/usr/local/lib/python3.10/site-packages/fastapi/routing.py", line 2747, in handle
    |     await included_router._handle_selected(scope, receive, send)
    |   File "/usr/local/lib/python3.10/site-packages/fastapi/routing.py", line 1793, in _handle_selected
    |     await original_route.handle(scope, receive, send)
    |   File "/usr/local/lib/python3.10/site-packages/fastapi/routing.py", line 1272, in handle
    |     await app(scope, receive, send)
    |   File "/usr/local/lib/python3.10/site-packages/fastapi/routing.py", line 156, in app
    |     await wrap_app_handling_exceptions(app, request)(scope, receive, send)
    |   File "/usr/local/lib/python3.10/site-packages/starlette/_exception_handler.py", line 53, in wrapped_app
    |     raise exc
    |   File "/usr/local/lib/python3.10/site-packages/starlette/_exception_handler.py", line 42, in wrapped_app
    |     await app(scope, receive, sender)
    |   File "/usr/local/lib/python3.10/site-packages/fastapi/routing.py", line 142, in app
    |     response = await f(request)
    |   File "/usr/local/lib/python3.10/site-packages/fastapi/routing.py", line 698, in app
    |     raw_response = await run_endpoint_function(
    |   File "/usr/local/lib/python3.10/site-packages/fastapi/routing.py", line 352, in run_endpoint_function
    |     return await run_in_threadpool(dependant.call, **values)
    |   File "/usr/local/lib/python3.10/site-packages/starlette/concurrency.py", line 34, in run_in_threadpool
    |     return await anyio.to_thread.run_sync(func)
    |   File "/usr/local/lib/python3.10/site-packages/anyio/to_thread.py", line 65, in run_sync
    |     return await get_async_backend().run_sync_in_worker_thread(
    |   File "/usr/local/lib/python3.10/site-packages/anyio/_backends/_asyncio.py", line 2641, in run_sync_in_worker_thread
    |     return await future
    |   File "/usr/local/lib/python3.10/site-packages/anyio/_backends/_asyncio.py", line 1033, in run
    |     result = context.run(func, *args)
    |   File "/app/app/api/routes/dashboard_routes.py", line 28, in get_dashboard_summary
    |     priorities = db.query(AICollectionPriority).all()
    | NameError: name 'AICollectionPriority' is not defined
    +------------------------------------

The above exception was the direct cause of the following exception:

Traceback (most recent call last):
  File "/usr/local/lib/python3.10/site-packages/starlette/middleware/errors.py", line 164, in __call__
    await self.app(scope, receive, _send)
  File "/usr/local/lib/python3.10/site-packages/starlette/middleware/base.py", line 193, in __call__
    response = await self.dispatch_func(request, call_next)
  File "/app/app/main.py", line 116, in add_security_headers
    response = await call_next(request)
  File "/usr/local/lib/python3.10/site-packages/starlette/middleware/base.py", line 168, in call_next
    raise app_exc from app_exc.__cause__ or app_exc.__context__
  File "/usr/local/lib/python3.10/site-packages/starlette/middleware/base.py", line 144, in coro
    await self.app(scope, receive_or_disconnect, send_no_error)
  File "/usr/local/lib/python3.10/site-packages/starlette/middleware/base.py", line 193, in __call__
    response = await self.dispatch_func(request, call_next)
  File "/app/app/main.py", line 109, in verify_gateway_api_key
    response = await call_next(request)
  File "/usr/local/lib/python3.10/site-packages/starlette/middleware/base.py", line 168, in call_next
    raise app_exc from app_exc.__cause__ or app_exc.__context__
  File "/usr/local/lib/python3.10/site-packages/starlette/middleware/base.py", line 144, in coro
    await self.app(scope, receive_or_disconnect, send_no_error)
  File "/usr/local/lib/python3.10/site-packages/starlette/middleware/cors.py", line 88, in __call__
    await self.app(scope, receive, send)
  File "/usr/local/lib/python3.10/site-packages/starlette/middleware/exceptions.py", line 63, in __call__
    await wrap_app_handling_exceptions(self.app, conn)(scope, receive, send)
  File "/usr/local/lib/python3.10/site-packages/starlette/_exception_handler.py", line 53, in wrapped_app
    raise exc
  File "/usr/local/lib/python3.10/site-packages/starlette/_exception_handler.py", line 42, in wrapped_app
    await app(scope, receive, sender)
  File "/usr/local/lib/python3.10/site-packages/fastapi/middleware/asyncexitstack.py", line 18, in __call__
    await self.app(scope, receive, send)
  File "/usr/local/lib/python3.10/site-packages/starlette/routing.py", line 660, in __call__
    await self.middleware_stack(scope, receive, send)
  File "/usr/local/lib/python3.10/site-packages/fastapi/routing.py", line 2692, in app
    await route.handle(scope, receive, send)
  File "/usr/local/lib/python3.10/site-packages/fastapi/routing.py", line 1773, in handle
    await self.original_router.handle(scope, receive, send)
  File "/usr/local/lib/python3.10/site-packages/fastapi/routing.py", line 2747, in handle
    await included_router._handle_selected(scope, receive, send)
  File "/usr/local/lib/python3.10/site-packages/fastapi/routing.py", line 1793, in _handle_selected
    await original_route.handle(scope, receive, send)
  File "/usr/local/lib/python3.10/site-packages/fastapi/routing.py", line 1272, in handle
    await app(scope, receive, send)
  File "/usr/local/lib/python3.10/site-packages/fastapi/routing.py", line 156, in app
    await wrap_app_handling_exceptions(app, request)(scope, receive, send)
  File "/usr/local/lib/python3.10/site-packages/starlette/_exception_handler.py", line 53, in wrapped_app
    raise exc
  File "/usr/local/lib/python3.10/site-packages/starlette/_exception_handler.py", line 42, in wrapped_app
    await app(scope, receive, sender)
  File "/usr/local/lib/python3.10/site-packages/fastapi/routing.py", line 142, in app
    response = await f(request)
  File "/usr/local/lib/python3.10/site-packages/fastapi/routing.py", line 698, in app
    raw_response = await run_endpoint_function(
  File "/usr/local/lib/python3.10/site-packages/fastapi/routing.py", line 352, in run_endpoint_function
    return await run_in_threadpool(dependant.call, **values)
  File "/usr/local/lib/python3.10/site-packages/starlette/concurrency.py", line 34, in run_in_threadpool
    return await anyio.to_thread.run_sync(func)
  File "/usr/local/lib/python3.10/site-packages/anyio/to_thread.py", line 65, in run_sync
    return await get_async_backend().run_sync_in_worker_thread(
  File "/usr/local/lib/python3.10/site-packages/anyio/_backends/_asyncio.py", line 2641, in run_sync_in_worker_thread
    return await future
  File "/usr/local/lib/python3.10/site-packages/anyio/_backends/_asyncio.py", line 1033, in run
    result = context.run(func, *args)
  File "/app/app/api/routes/dashboard_routes.py", line 28, in get_dashboard_summary
    priorities = db.query(AICollectionPriority).all()
NameError: name 'AICollectionPriority' is not defined
ERROR:app.main:[74f210e5-adfa-4f1d-8fd9-b8bb27295a98] Unhandled exception on /api/ai/dashboard/summary: name 'AICollectionPriority' is not defined
  + Exception Group Traceback (most recent call last):
  |   File "/usr/local/lib/python3.10/site-packages/starlette/_utils.py", line 85, in create_collapsing_task_group
  |     async with anyio.create_task_group() as tg:
  |   File "/usr/local/lib/python3.10/site-packages/anyio/_backends/_asyncio.py", line 815, in __aexit__
  |     raise BaseExceptionGroup(
  | exceptiongroup.ExceptionGroup: unhandled errors in a TaskGroup (1 sub-exception)
  +-+---------------- 1 ----------------
    | Traceback (most recent call last):
    |   File "/usr/local/lib/python3.10/site-packages/starlette/middleware/errors.py", line 164, in __call__
    |     await self.app(scope, receive, _send)
    |   File "/usr/local/lib/python3.10/site-packages/starlette/middleware/base.py", line 193, in __call__
    |     response = await self.dispatch_func(request, call_next)
    |   File "/app/app/main.py", line 116, in add_security_headers
    |     response = await call_next(request)
    |   File "/usr/local/lib/python3.10/site-packages/starlette/middleware/base.py", line 168, in call_next
    |     raise app_exc from app_exc.__cause__ or app_exc.__context__
    |   File "/usr/local/lib/python3.10/site-packages/starlette/middleware/base.py", line 144, in coro
    |     await self.app(scope, receive_or_disconnect, send_no_error)
    |   File "/usr/local/lib/python3.10/site-packages/starlette/middleware/base.py", line 193, in __call__
    |     response = await self.dispatch_func(request, call_next)
    |   File "/app/app/main.py", line 109, in verify_gateway_api_key
    |     response = await call_next(request)
    |   File "/usr/local/lib/python3.10/site-packages/starlette/middleware/base.py", line 168, in call_next
    |     raise app_exc from app_exc.__cause__ or app_exc.__context__
    |   File "/usr/local/lib/python3.10/site-packages/starlette/middleware/base.py", line 144, in coro
    |     await self.app(scope, receive_or_disconnect, send_no_error)
    |   File "/usr/local/lib/python3.10/site-packages/starlette/middleware/cors.py", line 88, in __call__
    |     await self.app(scope, receive, send)
    |   File "/usr/local/lib/python3.10/site-packages/starlette/middleware/exceptions.py", line 63, in __call__
    |     await wrap_app_handling_exceptions(self.app, conn)(scope, receive, send)
    |   File "/usr/local/lib/python3.10/site-packages/starlette/_exception_handler.py", line 53, in wrapped_app
    |     raise exc
    |   File "/usr/local/lib/python3.10/site-packages/starlette/_exception_handler.py", line 42, in wrapped_app
    |     await app(scope, receive, sender)
    |   File "/usr/local/lib/python3.10/site-packages/fastapi/middleware/asyncexitstack.py", line 18, in __call__
    |     await self.app(scope, receive, send)
    |   File "/usr/local/lib/python3.10/site-packages/starlette/routing.py", line 660, in __call__
    |     await self.middleware_stack(scope, receive, send)
    |   File "/usr/local/lib/python3.10/site-packages/fastapi/routing.py", line 2692, in app
    |     await route.handle(scope, receive, send)
    |   File "/usr/local/lib/python3.10/site-packages/fastapi/routing.py", line 1773, in handle
    |     await self.original_router.handle(scope, receive, send)
    |   File "/usr/local/lib/python3.10/site-packages/fastapi/routing.py", line 2747, in handle
    |     await included_router._handle_selected(scope, receive, send)
    |   File "/usr/local/lib/python3.10/site-packages/fastapi/routing.py", line 1793, in _handle_selected
    |     await original_route.handle(scope, receive, send)
    |   File "/usr/local/lib/python3.10/site-packages/fastapi/routing.py", line 1272, in handle
    |     await app(scope, receive, send)
    |   File "/usr/local/lib/python3.10/site-packages/fastapi/routing.py", line 156, in app
    |     await wrap_app_handling_exceptions(app, request)(scope, receive, send)
    |   File "/usr/local/lib/python3.10/site-packages/starlette/_exception_handler.py", line 53, in wrapped_app
    |     raise exc
    |   File "/usr/local/lib/python3.10/site-packages/starlette/_exception_handler.py", line 42, in wrapped_app
    |     await app(scope, receive, sender)
    |   File "/usr/local/lib/python3.10/site-packages/fastapi/routing.py", line 142, in app
    |     response = await f(request)
    |   File "/usr/local/lib/python3.10/site-packages/fastapi/routing.py", line 698, in app
    |     raw_response = await run_endpoint_function(
    |   File "/usr/local/lib/python3.10/site-packages/fastapi/routing.py", line 352, in run_endpoint_function
    |     return await run_in_threadpool(dependant.call, **values)
    |   File "/usr/local/lib/python3.10/site-packages/starlette/concurrency.py", line 34, in run_in_threadpool
    |     return await anyio.to_thread.run_sync(func)
    |   File "/usr/local/lib/python3.10/site-packages/anyio/to_thread.py", line 65, in run_sync
    |     return await get_async_backend().run_sync_in_worker_thread(
    |   File "/usr/local/lib/python3.10/site-packages/anyio/_backends/_asyncio.py", line 2641, in run_sync_in_worker_thread
    |     return await future
    |   File "/usr/local/lib/python3.10/site-packages/anyio/_backends/_asyncio.py", line 1033, in run
    |     result = context.run(func, *args)
    |   File "/app/app/api/routes/dashboard_routes.py", line 28, in get_dashboard_summary
    |     priorities = db.query(AICollectionPriority).all()
    | NameError: name 'AICollectionPriority' is not defined
    +------------------------------------

The above exception was the direct cause of the following exception:

Traceback (most recent call last):
  File "/usr/local/lib/python3.10/site-packages/starlette/middleware/errors.py", line 164, in __call__
    await self.app(scope, receive, _send)
  File "/usr/local/lib/python3.10/site-packages/starlette/middleware/base.py", line 193, in __call__
    response = await self.dispatch_func(request, call_next)
  File "/app/app/main.py", line 116, in add_security_headers
    response = await call_next(request)
  File "/usr/local/lib/python3.10/site-packages/starlette/middleware/base.py", line 168, in call_next
    raise app_exc from app_exc.__cause__ or app_exc.__context__
  File "/usr/local/lib/python3.10/site-packages/starlette/middleware/base.py", line 144, in coro
    await self.app(scope, receive_or_disconnect, send_no_error)
  File "/usr/local/lib/python3.10/site-packages/starlette/middleware/base.py", line 193, in __call__
    response = await self.dispatch_func(request, call_next)
  File "/app/app/main.py", line 109, in verify_gateway_api_key
    response = await call_next(request)
  File "/usr/local/lib/python3.10/site-packages/starlette/middleware/base.py", line 168, in call_next
    raise app_exc from app_exc.__cause__ or app_exc.__context__
  File "/usr/local/lib/python3.10/site-packages/starlette/middleware/base.py", line 144, in coro
    await self.app(scope, receive_or_disconnect, send_no_error)
  File "/usr/local/lib/python3.10/site-packages/starlette/middleware/cors.py", line 88, in __call__
    await self.app(scope, receive, send)
  File "/usr/local/lib/python3.10/site-packages/starlette/middleware/exceptions.py", line 63, in __call__
    await wrap_app_handling_exceptions(self.app, conn)(scope, receive, send)
  File "/usr/local/lib/python3.10/site-packages/starlette/_exception_handler.py", line 53, in wrapped_app
    raise exc
  File "/usr/local/lib/python3.10/site-packages/starlette/_exception_handler.py", line 42, in wrapped_app
    await app(scope, receive, sender)
  File "/usr/local/lib/python3.10/site-packages/fastapi/middleware/asyncexitstack.py", line 18, in __call__
    await self.app(scope, receive, send)
  File "/usr/local/lib/python3.10/site-packages/starlette/routing.py", line 660, in __call__
    await self.middleware_stack(scope, receive, send)
  File "/usr/local/lib/python3.10/site-packages/fastapi/routing.py", line 2692, in app
    await route.handle(scope, receive, send)
  File "/usr/local/lib/python3.10/site-packages/fastapi/routing.py", line 1773, in handle
    await self.original_router.handle(scope, receive, send)
  File "/usr/local/lib/python3.10/site-packages/fastapi/routing.py", line 2747, in handle
    await included_router._handle_selected(scope, receive, send)
  File "/usr/local/lib/python3.10/site-packages/fastapi/routing.py", line 1793, in _handle_selected
    await original_route.handle(scope, receive, send)
  File "/usr/local/lib/python3.10/site-packages/fastapi/routing.py", line 1272, in handle
    await app(scope, receive, send)
  File "/usr/local/lib/python3.10/site-packages/fastapi/routing.py", line 156, in app
    await wrap_app_handling_exceptions(app, request)(scope, receive, send)
  File "/usr/local/lib/python3.10/site-packages/starlette/_exception_handler.py", line 53, in wrapped_app
    raise exc
  File "/usr/local/lib/python3.10/site-packages/starlette/_exception_handler.py", line 42, in wrapped_app
    await app(scope, receive, sender)
  File "/usr/local/lib/python3.10/site-packages/fastapi/routing.py", line 142, in app
    response = await f(request)
  File "/usr/local/lib/python3.10/site-packages/fastapi/routing.py", line 698, in app
    raw_response = await run_endpoint_function(
  File "/usr/local/lib/python3.10/site-packages/fastapi/routing.py", line 352, in run_endpoint_function
    return await run_in_threadpool(dependant.call, **values)
  File "/usr/local/lib/python3.10/site-packages/starlette/concurrency.py", line 34, in run_in_threadpool
    return await anyio.to_thread.run_sync(func)
  File "/usr/local/lib/python3.10/site-packages/anyio/to_thread.py", line 65, in run_sync
    return await get_async_backend().run_sync_in_worker_thread(
  File "/usr/local/lib/python3.10/site-packages/anyio/_backends/_asyncio.py", line 2641, in run_sync_in_worker_thread
    return await future
  File "/usr/local/lib/python3.10/site-packages/anyio/_backends/_asyncio.py", line 1033, in run
    result = context.run(func, *args)
  File "/app/app/api/routes/dashboard_routes.py", line 28, in get_dashboard_summary
    priorities = db.query(AICollectionPriority).all()
NameError: name 'AICollectionPriority' is not defined
ERROR:app.main:[8113058f-cfbd-49f4-bfb9-134df2fc4846] Unhandled exception on /api/ai/dashboard/summary: name 'AICollectionPriority' is not defined
  + Exception Group Traceback (most recent call last):
  |   File "/usr/local/lib/python3.10/site-packages/starlette/_utils.py", line 85, in create_collapsing_task_group
  |     async with anyio.create_task_group() as tg:
  |   File "/usr/local/lib/python3.10/site-packages/anyio/_backends/_asyncio.py", line 815, in __aexit__
  |     raise BaseExceptionGroup(
  | exceptiongroup.ExceptionGroup: unhandled errors in a TaskGroup (1 sub-exception)
  +-+---------------- 1 ----------------
    | Traceback (most recent call last):
    |   File "/usr/local/lib/python3.10/site-packages/starlette/middleware/errors.py", line 164, in __call__
    |     await self.app(scope, receive, _send)
    |   File "/usr/local/lib/python3.10/site-packages/starlette/middleware/base.py", line 193, in __call__
    |     response = await self.dispatch_func(request, call_next)
    |   File "/app/app/main.py", line 116, in add_security_headers
    |     response = await call_next(request)
    |   File "/usr/local/lib/python3.10/site-packages/starlette/middleware/base.py", line 168, in call_next
    |     raise app_exc from app_exc.__cause__ or app_exc.__context__
    |   File "/usr/local/lib/python3.10/site-packages/starlette/middleware/base.py", line 144, in coro
    |     await self.app(scope, receive_or_disconnect, send_no_error)
    |   File "/usr/local/lib/python3.10/site-packages/starlette/middleware/base.py", line 193, in __call__
    |     response = await self.dispatch_func(request, call_next)
    |   File "/app/app/main.py", line 109, in verify_gateway_api_key
    |     response = await call_next(request)
    |   File "/usr/local/lib/python3.10/site-packages/starlette/middleware/base.py", line 168, in call_next
    |     raise app_exc from app_exc.__cause__ or app_exc.__context__
    |   File "/usr/local/lib/python3.10/site-packages/starlette/middleware/base.py", line 144, in coro
    |     await self.app(scope, receive_or_disconnect, send_no_error)
    |   File "/usr/local/lib/python3.10/site-packages/starlette/middleware/cors.py", line 88, in __call__
    |     await self.app(scope, receive, send)
    |   File "/usr/local/lib/python3.10/site-packages/starlette/middleware/exceptions.py", line 63, in __call__
    |     await wrap_app_handling_exceptions(self.app, conn)(scope, receive, send)
    |   File "/usr/local/lib/python3.10/site-packages/starlette/_exception_handler.py", line 53, in wrapped_app
    |     raise exc
    |   File "/usr/local/lib/python3.10/site-packages/starlette/_exception_handler.py", line 42, in wrapped_app
    |     await app(scope, receive, sender)
    |   File "/usr/local/lib/python3.10/site-packages/fastapi/middleware/asyncexitstack.py", line 18, in __call__
    |     await self.app(scope, receive, send)
    |   File "/usr/local/lib/python3.10/site-packages/starlette/routing.py", line 660, in __call__
    |     await self.middleware_stack(scope, receive, send)
    |   File "/usr/local/lib/python3.10/site-packages/fastapi/routing.py", line 2692, in app
    |     await route.handle(scope, receive, send)
    |   File "/usr/local/lib/python3.10/site-packages/fastapi/routing.py", line 1773, in handle
    |     await self.original_router.handle(scope, receive, send)
    |   File "/usr/local/lib/python3.10/site-packages/fastapi/routing.py", line 2747, in handle
    |     await included_router._handle_selected(scope, receive, send)
    |   File "/usr/local/lib/python3.10/site-packages/fastapi/routing.py", line 1793, in _handle_selected
    |     await original_route.handle(scope, receive, send)
    |   File "/usr/local/lib/python3.10/site-packages/fastapi/routing.py", line 1272, in handle
    |     await app(scope, receive, send)
    |   File "/usr/local/lib/python3.10/site-packages/fastapi/routing.py", line 156, in app
    |     await wrap_app_handling_exceptions(app, request)(scope, receive, send)
    |   File "/usr/local/lib/python3.10/site-packages/starlette/_exception_handler.py", line 53, in wrapped_app
    |     raise exc
    |   File "/usr/local/lib/python3.10/site-packages/starlette/_exception_handler.py", line 42, in wrapped_app
    |     await app(scope, receive, sender)
    |   File "/usr/local/lib/python3.10/site-packages/fastapi/routing.py", line 142, in app
    |     response = await f(request)
    |   File "/usr/local/lib/python3.10/site-packages/fastapi/routing.py", line 698, in app
    |     raw_response = await run_endpoint_function(
    |   File "/usr/local/lib/python3.10/site-packages/fastapi/routing.py", line 352, in run_endpoint_function
    |     return await run_in_threadpool(dependant.call, **values)
    |   File "/usr/local/lib/python3.10/site-packages/starlette/concurrency.py", line 34, in run_in_threadpool
    |     return await anyio.to_thread.run_sync(func)
    |   File "/usr/local/lib/python3.10/site-packages/anyio/to_thread.py", line 65, in run_sync
    |     return await get_async_backend().run_sync_in_worker_thread(
    |   File "/usr/local/lib/python3.10/site-packages/anyio/_backends/_asyncio.py", line 2641, in run_sync_in_worker_thread
    |     return await future
    |   File "/usr/local/lib/python3.10/site-packages/anyio/_backends/_asyncio.py", line 1033, in run
    |     result = context.run(func, *args)
    |   File "/app/app/api/routes/dashboard_routes.py", line 28, in get_dashboard_summary
    |     priorities = db.query(AICollectionPriority).all()
    | NameError: name 'AICollectionPriority' is not defined
    +------------------------------------

The above exception was the direct cause of the following exception:

Traceback (most recent call last):
  File "/usr/local/lib/python3.10/site-packages/starlette/middleware/errors.py", line 164, in __call__
    await self.app(scope, receive, _send)
  File "/usr/local/lib/python3.10/site-packages/starlette/middleware/base.py", line 193, in __call__
    response = await self.dispatch_func(request, call_next)
  File "/app/app/main.py", line 116, in add_security_headers
    response = await call_next(request)
  File "/usr/local/lib/python3.10/site-packages/starlette/middleware/base.py", line 168, in call_next
    raise app_exc from app_exc.__cause__ or app_exc.__context__
  File "/usr/local/lib/python3.10/site-packages/starlette/middleware/base.py", line 144, in coro
    await self.app(scope, receive_or_disconnect, send_no_error)
  File "/usr/local/lib/python3.10/site-packages/starlette/middleware/base.py", line 193, in __call__
    response = await self.dispatch_func(request, call_next)
  File "/app/app/main.py", line 109, in verify_gateway_api_key
    response = await call_next(request)
  File "/usr/local/lib/python3.10/site-packages/starlette/middleware/base.py", line 168, in call_next
    raise app_exc from app_exc.__cause__ or app_exc.__context__
  File "/usr/local/lib/python3.10/site-packages/starlette/middleware/base.py", line 144, in coro
    await self.app(scope, receive_or_disconnect, send_no_error)
  File "/usr/local/lib/python3.10/site-packages/starlette/middleware/cors.py", line 88, in __call__
    await self.app(scope, receive, send)
  File "/usr/local/lib/python3.10/site-packages/starlette/middleware/exceptions.py", line 63, in __call__
    await wrap_app_handling_exceptions(self.app, conn)(scope, receive, send)
  File "/usr/local/lib/python3.10/site-packages/starlette/_exception_handler.py", line 53, in wrapped_app
    raise exc
  File "/usr/local/lib/python3.10/site-packages/starlette/_exception_handler.py", line 42, in wrapped_app
    await app(scope, receive, sender)
  File "/usr/local/lib/python3.10/site-packages/fastapi/middleware/asyncexitstack.py", line 18, in __call__
    await self.app(scope, receive, send)
  File "/usr/local/lib/python3.10/site-packages/starlette/routing.py", line 660, in __call__
    await self.middleware_stack(scope, receive, send)
  File "/usr/local/lib/python3.10/site-packages/fastapi/routing.py", line 2692, in app
    await route.handle(scope, receive, send)
  File "/usr/local/lib/python3.10/site-packages/fastapi/routing.py", line 1773, in handle
    await self.original_router.handle(scope, receive, send)
  File "/usr/local/lib/python3.10/site-packages/fastapi/routing.py", line 2747, in handle
    await included_router._handle_selected(scope, receive, send)
  File "/usr/local/lib/python3.10/site-packages/fastapi/routing.py", line 1793, in _handle_selected
    await original_route.handle(scope, receive, send)
  File "/usr/local/lib/python3.10/site-packages/fastapi/routing.py", line 1272, in handle
    await app(scope, receive, send)
  File "/usr/local/lib/python3.10/site-packages/fastapi/routing.py", line 156, in app
    await wrap_app_handling_exceptions(app, request)(scope, receive, send)
  File "/usr/local/lib/python3.10/site-packages/starlette/_exception_handler.py", line 53, in wrapped_app
    raise exc
  File "/usr/local/lib/python3.10/site-packages/starlette/_exception_handler.py", line 42, in wrapped_app
    await app(scope, receive, sender)
  File "/usr/local/lib/python3.10/site-packages/fastapi/routing.py", line 142, in app
    response = await f(request)
  File "/usr/local/lib/python3.10/site-packages/fastapi/routing.py", line 698, in app
    raw_response = await run_endpoint_function(
  File "/usr/local/lib/python3.10/site-packages/fastapi/routing.py", line 352, in run_endpoint_function
    return await run_in_threadpool(dependant.call, **values)
  File "/usr/local/lib/python3.10/site-packages/starlette/concurrency.py", line 34, in run_in_threadpool
    return await anyio.to_thread.run_sync(func)
  File "/usr/local/lib/python3.10/site-packages/anyio/to_thread.py", line 65, in run_sync
    return await get_async_backend().run_sync_in_worker_thread(
  File "/usr/local/lib/python3.10/site-packages/anyio/_backends/_asyncio.py", line 2641, in run_sync_in_worker_thread
    return await future
  File "/usr/local/lib/python3.10/site-packages/anyio/_backends/_asyncio.py", line 1033, in run
    result = context.run(func, *args)
  File "/app/app/api/routes/dashboard_routes.py", line 28, in get_dashboard_summary
    priorities = db.query(AICollectionPriority).all()
NameError: name 'AICollectionPriority' is not defined
ERROR:app.main:[0fa2daa3-0fa1-44ad-902c-1cab2bca1b9e] Unhandled exception on /api/ai/dashboard/summary: name 'AICollectionPriority' is not defined
  + Exception Group Traceback (most recent call last):
  |   File "/usr/local/lib/python3.10/site-packages/starlette/_utils.py", line 85, in create_collapsing_task_group
  |     async with anyio.create_task_group() as tg:
  |   File "/usr/local/lib/python3.10/site-packages/anyio/_backends/_asyncio.py", line 815, in __aexit__
  |     raise BaseExceptionGroup(
  | exceptiongroup.ExceptionGroup: unhandled errors in a TaskGroup (1 sub-exception)
  +-+---------------- 1 ----------------
    | Traceback (most recent call last):
    |   File "/usr/local/lib/python3.10/site-packages/starlette/middleware/errors.py", line 164, in __call__
    |     await self.app(scope, receive, _send)
    |   File "/usr/local/lib/python3.10/site-packages/starlette/middleware/base.py", line 193, in __call__
    |     response = await self.dispatch_func(request, call_next)
    |   File "/app/app/main.py", line 116, in add_security_headers
    |     response = await call_next(request)
    |   File "/usr/local/lib/python3.10/site-packages/starlette/middleware/base.py", line 168, in call_next
    |     raise app_exc from app_exc.__cause__ or app_exc.__context__
    |   File "/usr/local/lib/python3.10/site-packages/starlette/middleware/base.py", line 144, in coro
    |     await self.app(scope, receive_or_disconnect, send_no_error)
    |   File "/usr/local/lib/python3.10/site-packages/starlette/middleware/base.py", line 193, in __call__
    |     response = await self.dispatch_func(request, call_next)
    |   File "/app/app/main.py", line 109, in verify_gateway_api_key
    |     response = await call_next(request)
    |   File "/usr/local/lib/python3.10/site-packages/starlette/middleware/base.py", line 168, in call_next
    |     raise app_exc from app_exc.__cause__ or app_exc.__context__
    |   File "/usr/local/lib/python3.10/site-packages/starlette/middleware/base.py", line 144, in coro
    |     await self.app(scope, receive_or_disconnect, send_no_error)
    |   File "/usr/local/lib/python3.10/site-packages/starlette/middleware/cors.py", line 88, in __call__
    |     await self.app(scope, receive, send)
    |   File "/usr/local/lib/python3.10/site-packages/starlette/middleware/exceptions.py", line 63, in __call__
    |     await wrap_app_handling_exceptions(self.app, conn)(scope, receive, send)
    |   File "/usr/local/lib/python3.10/site-packages/starlette/_exception_handler.py", line 53, in wrapped_app
    |     raise exc
    |   File "/usr/local/lib/python3.10/site-packages/starlette/_exception_handler.py", line 42, in wrapped_app
    |     await app(scope, receive, sender)
    |   File "/usr/local/lib/python3.10/site-packages/fastapi/middleware/asyncexitstack.py", line 18, in __call__
    |     await self.app(scope, receive, send)
    |   File "/usr/local/lib/python3.10/site-packages/starlette/routing.py", line 660, in __call__
    |     await self.middleware_stack(scope, receive, send)
    |   File "/usr/local/lib/python3.10/site-packages/fastapi/routing.py", line 2692, in app
    |     await route.handle(scope, receive, send)
    |   File "/usr/local/lib/python3.10/site-packages/fastapi/routing.py", line 1773, in handle
    |     await self.original_router.handle(scope, receive, send)
    |   File "/usr/local/lib/python3.10/site-packages/fastapi/routing.py", line 2747, in handle
    |     await included_router._handle_selected(scope, receive, send)
    |   File "/usr/local/lib/python3.10/site-packages/fastapi/routing.py", line 1793, in _handle_selected
    |     await original_route.handle(scope, receive, send)
    |   File "/usr/local/lib/python3.10/site-packages/fastapi/routing.py", line 1272, in handle
    |     await app(scope, receive, send)
    |   File "/usr/local/lib/python3.10/site-packages/fastapi/routing.py", line 156, in app
    |     await wrap_app_handling_exceptions(app, request)(scope, receive, send)
    |   File "/usr/local/lib/python3.10/site-packages/starlette/_exception_handler.py", line 53, in wrapped_app
    |     raise exc
    |   File "/usr/local/lib/python3.10/site-packages/starlette/_exception_handler.py", line 42, in wrapped_app
    |     await app(scope, receive, sender)
    |   File "/usr/local/lib/python3.10/site-packages/fastapi/routing.py", line 142, in app
    |     response = await f(request)
    |   File "/usr/local/lib/python3.10/site-packages/fastapi/routing.py", line 698, in app
    |     raw_response = await run_endpoint_function(
    |   File "/usr/local/lib/python3.10/site-packages/fastapi/routing.py", line 352, in run_endpoint_function
    |     return await run_in_threadpool(dependant.call, **values)
    |   File "/usr/local/lib/python3.10/site-packages/starlette/concurrency.py", line 34, in run_in_threadpool
    |     return await anyio.to_thread.run_sync(func)
    |   File "/usr/local/lib/python3.10/site-packages/anyio/to_thread.py", line 65, in run_sync
    |     return await get_async_backend().run_sync_in_worker_thread(
    |   File "/usr/local/lib/python3.10/site-packages/anyio/_backends/_asyncio.py", line 2641, in run_sync_in_worker_thread
    |     return await future
    |   File "/usr/local/lib/python3.10/site-packages/anyio/_backends/_asyncio.py", line 1033, in run
    |     result = context.run(func, *args)
    |   File "/app/app/api/routes/dashboard_routes.py", line 28, in get_dashboard_summary
    |     priorities = db.query(AICollectionPriority).all()
    | NameError: name 'AICollectionPriority' is not defined
    +------------------------------------

The above exception was the direct cause of the following exception:

Traceback (most recent call last):
  File "/usr/local/lib/python3.10/site-packages/starlette/middleware/errors.py", line 164, in __call__
    await self.app(scope, receive, _send)
  File "/usr/local/lib/python3.10/site-packages/starlette/middleware/base.py", line 193, in __call__
    response = await self.dispatch_func(request, call_next)
  File "/app/app/main.py", line 116, in add_security_headers
    response = await call_next(request)
  File "/usr/local/lib/python3.10/site-packages/starlette/middleware/base.py", line 168, in call_next
    raise app_exc from app_exc.__cause__ or app_exc.__context__
  File "/usr/local/lib/python3.10/site-packages/starlette/middleware/base.py", line 144, in coro
    await self.app(scope, receive_or_disconnect, send_no_error)
  File "/usr/local/lib/python3.10/site-packages/starlette/middleware/base.py", line 193, in __call__
    response = await self.dispatch_func(request, call_next)
  File "/app/app/main.py", line 109, in verify_gateway_api_key
    response = await call_next(request)
  File "/usr/local/lib/python3.10/site-packages/starlette/middleware/base.py", line 168, in call_next
    raise app_exc from app_exc.__cause__ or app_exc.__context__
  File "/usr/local/lib/python3.10/site-packages/starlette/middleware/base.py", line 144, in coro
    await self.app(scope, receive_or_disconnect, send_no_error)
  File "/usr/local/lib/python3.10/site-packages/starlette/middleware/cors.py", line 88, in __call__
    await self.app(scope, receive, send)
  File "/usr/local/lib/python3.10/site-packages/starlette/middleware/exceptions.py", line 63, in __call__
    await wrap_app_handling_exceptions(self.app, conn)(scope, receive, send)
  File "/usr/local/lib/python3.10/site-packages/starlette/_exception_handler.py", line 53, in wrapped_app
    raise exc
  File "/usr/local/lib/python3.10/site-packages/starlette/_exception_handler.py", line 42, in wrapped_app
    await app(scope, receive, sender)
  File "/usr/local/lib/python3.10/site-packages/fastapi/middleware/asyncexitstack.py", line 18, in __call__
    await self.app(scope, receive, send)
  File "/usr/local/lib/python3.10/site-packages/starlette/routing.py", line 660, in __call__
    await self.middleware_stack(scope, receive, send)
  File "/usr/local/lib/python3.10/site-packages/fastapi/routing.py", line 2692, in app
    await route.handle(scope, receive, send)
  File "/usr/local/lib/python3.10/site-packages/fastapi/routing.py", line 1773, in handle
    await self.original_router.handle(scope, receive, send)
  File "/usr/local/lib/python3.10/site-packages/fastapi/routing.py", line 2747, in handle
    await included_router._handle_selected(scope, receive, send)
  File "/usr/local/lib/python3.10/site-packages/fastapi/routing.py", line 1793, in _handle_selected
    await original_route.handle(scope, receive, send)
  File "/usr/local/lib/python3.10/site-packages/fastapi/routing.py", line 1272, in handle
    await app(scope, receive, send)
  File "/usr/local/lib/python3.10/site-packages/fastapi/routing.py", line 156, in app
    await wrap_app_handling_exceptions(app, request)(scope, receive, send)
  File "/usr/local/lib/python3.10/site-packages/starlette/_exception_handler.py", line 53, in wrapped_app
    raise exc
  File "/usr/local/lib/python3.10/site-packages/starlette/_exception_handler.py", line 42, in wrapped_app
    await app(scope, receive, sender)
  File "/usr/local/lib/python3.10/site-packages/fastapi/routing.py", line 142, in app
    response = await f(request)
  File "/usr/local/lib/python3.10/site-packages/fastapi/routing.py", line 698, in app
    raw_response = await run_endpoint_function(
  File "/usr/local/lib/python3.10/site-packages/fastapi/routing.py", line 352, in run_endpoint_function
    return await run_in_threadpool(dependant.call, **values)
  File "/usr/local/lib/python3.10/site-packages/starlette/concurrency.py", line 34, in run_in_threadpool
    return await anyio.to_thread.run_sync(func)
  File "/usr/local/lib/python3.10/site-packages/anyio/to_thread.py", line 65, in run_sync
    return await get_async_backend().run_sync_in_worker_thread(
  File "/usr/local/lib/python3.10/site-packages/anyio/_backends/_asyncio.py", line 2641, in run_sync_in_worker_thread
    return await future
  File "/usr/local/lib/python3.10/site-packages/anyio/_backends/_asyncio.py", line 1033, in run
    result = context.run(func, *args)
  File "/app/app/api/routes/dashboard_routes.py", line 28, in get_dashboard_summary
    priorities = db.query(AICollectionPriority).all()
NameError: name 'AICollectionPriority' is not defined
INFO:app.main:Shutting down AI Service...
INFO:app.main:Initializing AI Service...
WARNING:app.services.ocr_service:Gemini Flash extraction call failed: (Gemini authentication failed: the configured API key is invalid or expired. Update GEMINI_API_KEY with a valid Google AI Studio key.). Falling back to heuristic OCR parser.
INFO:app.main:Shutting down AI Service...
INFO:app.main:Initializing AI Service...
INFO:app.main:Shutting down AI Service...
INFO:app.main:Initializing AI Service...
INFO:app.main:Shutting down AI Service...
INFO:app.main:Initializing AI Service...
INFO:app.main:Shutting down AI Service...
INFO:app.main:Initializing AI Service...
INFO:app.main:Shutting down AI Service...
INFO:app.main:Initializing AI Service...
INFO:app.main:Shutting down AI Service...
INFO:app.main:Initializing AI Service...
INFO:app.main:Shutting down AI Service...
INFO:app.main:Initializing AI Service...
INFO:app.main:Initializing AI Service...
ERROR:foms_client:Error fetching from FOMS API /api/ai-data/invoices: HTTPConnectionPool(host='host.docker.internal', port=5007): Max retries exceeded with url: /api/ai-data/invoices?page=1&pageSize=100 (Caused by NewConnectionError("HTTPConnection(host='host.docker.internal', port=5007): Failed to establish a new connection: [Errno 101] Network is unreachable"))
ERROR:foms_client:Error fetching from FOMS API /api/ai-data/invoices: HTTPConnectionPool(host='host.docker.internal', port=5007): Max retries exceeded with url: /api/ai-data/invoices?page=1&pageSize=100 (Caused by NewConnectionError("HTTPConnection(host='host.docker.internal', port=5007): Failed to establish a new connection: [Errno 101] Network is unreachable"))
ERROR:foms_client:Error fetching from FOMS API /api/ai-data/invoices: HTTPConnectionPool(host='host.docker.internal', port=5007): Max retries exceeded with url: /api/ai-data/invoices?page=1&pageSize=100 (Caused by NewConnectionError("HTTPConnection(host='host.docker.internal', port=5007): Failed to establish a new connection: [Errno 101] Network is unreachable"))
ERROR:foms_client:Error fetching from FOMS API /api/ai-data/invoices: HTTPConnectionPool(host='host.docker.internal', port=5007): Max retries exceeded with url: /api/ai-data/invoices?page=1&pageSize=100 (Caused by NewConnectionError("HTTPConnection(host='host.docker.internal', port=5007): Failed to establish a new connection: [Errno 101] Network is unreachable"))
ERROR:foms_client:Error fetching from FOMS API /api/ai-data/invoices: HTTPConnectionPool(host='host.docker.internal', port=5007): Max retries exceeded with url: /api/ai-data/invoices?page=1&pageSize=100 (Caused by NewConnectionError("HTTPConnection(host='host.docker.internal', port=5007): Failed to establish a new connection: [Errno 101] Network is unreachable"))
ERROR:app.main:[9637a1ea-45d2-411b-9ace-34e841a7378e] Unhandled exception on /api/ai/dashboard/trends: 'FomsClient' object has no attribute 'get_clients'
  + Exception Group Traceback (most recent call last):
  |   File "/usr/local/lib/python3.10/site-packages/starlette/_utils.py", line 85, in create_collapsing_task_group
  |     async with anyio.create_task_group() as tg:
  |   File "/usr/local/lib/python3.10/site-packages/anyio/_backends/_asyncio.py", line 815, in __aexit__
  |     raise BaseExceptionGroup(
  | exceptiongroup.ExceptionGroup: unhandled errors in a TaskGroup (1 sub-exception)
  +-+---------------- 1 ----------------
    | Traceback (most recent call last):
    |   File "/usr/local/lib/python3.10/site-packages/starlette/middleware/errors.py", line 164, in __call__
    |     await self.app(scope, receive, _send)
    |   File "/usr/local/lib/python3.10/site-packages/starlette/middleware/base.py", line 193, in __call__
    |     response = await self.dispatch_func(request, call_next)
    |   File "/app/app/main.py", line 116, in add_security_headers
    |     response = await call_next(request)
    |   File "/usr/local/lib/python3.10/site-packages/starlette/middleware/base.py", line 168, in call_next
    |     raise app_exc from app_exc.__cause__ or app_exc.__context__
    |   File "/usr/local/lib/python3.10/site-packages/starlette/middleware/base.py", line 144, in coro
    |     await self.app(scope, receive_or_disconnect, send_no_error)
    |   File "/usr/local/lib/python3.10/site-packages/starlette/middleware/base.py", line 193, in __call__
    |     response = await self.dispatch_func(request, call_next)
    |   File "/app/app/main.py", line 109, in verify_gateway_api_key
    |     response = await call_next(request)
    |   File "/usr/local/lib/python3.10/site-packages/starlette/middleware/base.py", line 168, in call_next
    |     raise app_exc from app_exc.__cause__ or app_exc.__context__
    |   File "/usr/local/lib/python3.10/site-packages/starlette/middleware/base.py", line 144, in coro
    |     await self.app(scope, receive_or_disconnect, send_no_error)
    |   File "/usr/local/lib/python3.10/site-packages/starlette/middleware/cors.py", line 88, in __call__
    |     await self.app(scope, receive, send)
    |   File "/usr/local/lib/python3.10/site-packages/starlette/middleware/exceptions.py", line 63, in __call__
    |     await wrap_app_handling_exceptions(self.app, conn)(scope, receive, send)
    |   File "/usr/local/lib/python3.10/site-packages/starlette/_exception_handler.py", line 53, in wrapped_app
    |     raise exc
    |   File "/usr/local/lib/python3.10/site-packages/starlette/_exception_handler.py", line 42, in wrapped_app
    |     await app(scope, receive, sender)
    |   File "/usr/local/lib/python3.10/site-packages/fastapi/middleware/asyncexitstack.py", line 18, in __call__
    |     await self.app(scope, receive, send)
    |   File "/usr/local/lib/python3.10/site-packages/starlette/routing.py", line 660, in __call__
    |     await self.middleware_stack(scope, receive, send)
    |   File "/usr/local/lib/python3.10/site-packages/fastapi/routing.py", line 2692, in app
    |     await route.handle(scope, receive, send)
    |   File "/usr/local/lib/python3.10/site-packages/fastapi/routing.py", line 1773, in handle
    |     await self.original_router.handle(scope, receive, send)
    |   File "/usr/local/lib/python3.10/site-packages/fastapi/routing.py", line 2747, in handle
    |     await included_router._handle_selected(scope, receive, send)
    |   File "/usr/local/lib/python3.10/site-packages/fastapi/routing.py", line 1793, in _handle_selected
    |     await original_route.handle(scope, receive, send)
    |   File "/usr/local/lib/python3.10/site-packages/fastapi/routing.py", line 1272, in handle
    |     await app(scope, receive, send)
    |   File "/usr/local/lib/python3.10/site-packages/fastapi/routing.py", line 156, in app
    |     await wrap_app_handling_exceptions(app, request)(scope, receive, send)
    |   File "/usr/local/lib/python3.10/site-packages/starlette/_exception_handler.py", line 53, in wrapped_app
    |     raise exc
    |   File "/usr/local/lib/python3.10/site-packages/starlette/_exception_handler.py", line 42, in wrapped_app
    |     await app(scope, receive, sender)
    |   File "/usr/local/lib/python3.10/site-packages/fastapi/routing.py", line 142, in app
    |     response = await f(request)
    |   File "/usr/local/lib/python3.10/site-packages/fastapi/routing.py", line 698, in app
    |     raw_response = await run_endpoint_function(
    |   File "/usr/local/lib/python3.10/site-packages/fastapi/routing.py", line 352, in run_endpoint_function
    |     return await run_in_threadpool(dependant.call, **values)
    |   File "/usr/local/lib/python3.10/site-packages/starlette/concurrency.py", line 34, in run_in_threadpool
    |     return await anyio.to_thread.run_sync(func)
    |   File "/usr/local/lib/python3.10/site-packages/anyio/to_thread.py", line 65, in run_sync
    |     return await get_async_backend().run_sync_in_worker_thread(
    |   File "/usr/local/lib/python3.10/site-packages/anyio/_backends/_asyncio.py", line 2641, in run_sync_in_worker_thread
    |     return await future
    |   File "/usr/local/lib/python3.10/site-packages/anyio/_backends/_asyncio.py", line 1033, in run
    |     result = context.run(func, *args)
    |   File "/app/app/api/routes/dashboard_routes.py", line 131, in get_trends
    |     clients = client.get_clients()
    | AttributeError: 'FomsClient' object has no attribute 'get_clients'. Did you mean: 'get_payments'?
    +------------------------------------

The above exception was the direct cause of the following exception:

Traceback (most recent call last):
  File "/usr/local/lib/python3.10/site-packages/starlette/middleware/errors.py", line 164, in __call__
    await self.app(scope, receive, _send)
  File "/usr/local/lib/python3.10/site-packages/starlette/middleware/base.py", line 193, in __call__
    response = await self.dispatch_func(request, call_next)
  File "/app/app/main.py", line 116, in add_security_headers
    response = await call_next(request)
  File "/usr/local/lib/python3.10/site-packages/starlette/middleware/base.py", line 168, in call_next
    raise app_exc from app_exc.__cause__ or app_exc.__context__
  File "/usr/local/lib/python3.10/site-packages/starlette/middleware/base.py", line 144, in coro
    await self.app(scope, receive_or_disconnect, send_no_error)
  File "/usr/local/lib/python3.10/site-packages/starlette/middleware/base.py", line 193, in __call__
    response = await self.dispatch_func(request, call_next)
  File "/app/app/main.py", line 109, in verify_gateway_api_key
    response = await call_next(request)
  File "/usr/local/lib/python3.10/site-packages/starlette/middleware/base.py", line 168, in call_next
    raise app_exc from app_exc.__cause__ or app_exc.__context__
  File "/usr/local/lib/python3.10/site-packages/starlette/middleware/base.py", line 144, in coro
    await self.app(scope, receive_or_disconnect, send_no_error)
  File "/usr/local/lib/python3.10/site-packages/starlette/middleware/cors.py", line 88, in __call__
    await self.app(scope, receive, send)
  File "/usr/local/lib/python3.10/site-packages/starlette/middleware/exceptions.py", line 63, in __call__
    await wrap_app_handling_exceptions(self.app, conn)(scope, receive, send)
  File "/usr/local/lib/python3.10/site-packages/starlette/_exception_handler.py", line 53, in wrapped_app
    raise exc
  File "/usr/local/lib/python3.10/site-packages/starlette/_exception_handler.py", line 42, in wrapped_app
    await app(scope, receive, sender)
  File "/usr/local/lib/python3.10/site-packages/fastapi/middleware/asyncexitstack.py", line 18, in __call__
    await self.app(scope, receive, send)
  File "/usr/local/lib/python3.10/site-packages/starlette/routing.py", line 660, in __call__
    await self.middleware_stack(scope, receive, send)
  File "/usr/local/lib/python3.10/site-packages/fastapi/routing.py", line 2692, in app
    await route.handle(scope, receive, send)
  File "/usr/local/lib/python3.10/site-packages/fastapi/routing.py", line 1773, in handle
    await self.original_router.handle(scope, receive, send)
  File "/usr/local/lib/python3.10/site-packages/fastapi/routing.py", line 2747, in handle
    await included_router._handle_selected(scope, receive, send)
  File "/usr/local/lib/python3.10/site-packages/fastapi/routing.py", line 1793, in _handle_selected
    await original_route.handle(scope, receive, send)
  File "/usr/local/lib/python3.10/site-packages/fastapi/routing.py", line 1272, in handle
    await app(scope, receive, send)
  File "/usr/local/lib/python3.10/site-packages/fastapi/routing.py", line 156, in app
    await wrap_app_handling_exceptions(app, request)(scope, receive, send)
  File "/usr/local/lib/python3.10/site-packages/starlette/_exception_handler.py", line 53, in wrapped_app
    raise exc
  File "/usr/local/lib/python3.10/site-packages/starlette/_exception_handler.py", line 42, in wrapped_app
    await app(scope, receive, sender)
  File "/usr/local/lib/python3.10/site-packages/fastapi/routing.py", line 142, in app
    response = await f(request)
  File "/usr/local/lib/python3.10/site-packages/fastapi/routing.py", line 698, in app
    raw_response = await run_endpoint_function(
  File "/usr/local/lib/python3.10/site-packages/fastapi/routing.py", line 352, in run_endpoint_function
    return await run_in_threadpool(dependant.call, **values)
  File "/usr/local/lib/python3.10/site-packages/starlette/concurrency.py", line 34, in run_in_threadpool
    return await anyio.to_thread.run_sync(func)
  File "/usr/local/lib/python3.10/site-packages/anyio/to_thread.py", line 65, in run_sync
    return await get_async_backend().run_sync_in_worker_thread(
  File "/usr/local/lib/python3.10/site-packages/anyio/_backends/_asyncio.py", line 2641, in run_sync_in_worker_thread
    return await future
  File "/usr/local/lib/python3.10/site-packages/anyio/_backends/_asyncio.py", line 1033, in run
    result = context.run(func, *args)
  File "/app/app/api/routes/dashboard_routes.py", line 131, in get_trends
    clients = client.get_clients()
AttributeError: 'FomsClient' object has no attribute 'get_clients'. Did you mean: 'get_payments'?
ERROR:foms_client:Error fetching from FOMS API /api/ai-data/accounts-receivable: HTTPConnectionPool(host='host.docker.internal', port=5007): Max retries exceeded with url: /api/ai-data/accounts-receivable?page=1&pageSize=100 (Caused by NewConnectionError("HTTPConnection(host='host.docker.internal', port=5007): Failed to establish a new connection: [Errno 101] Network is unreachable"))
ERROR:foms_client:Error fetching from FOMS API /api/ai-data/invoices: HTTPConnectionPool(host='host.docker.internal', port=5007): Max retries exceeded with url: /api/ai-data/invoices?page=1&pageSize=100 (Caused by NewConnectionError("HTTPConnection(host='host.docker.internal', port=5007): Failed to establish a new connection: [Errno 101] Network is unreachable"))
ERROR:foms_client:Error fetching from FOMS API /api/ai-data/accounts-receivable: HTTPConnectionPool(host='host.docker.internal', port=5007): Max retries exceeded with url: /api/ai-data/accounts-receivable?page=1&pageSize=100 (Caused by NewConnectionError("HTTPConnection(host='host.docker.internal', port=5007): Failed to establish a new connection: [Errno 101] Network is unreachable"))
ERROR:foms_client:Error fetching from FOMS API /api/ai-data/invoices: HTTPConnectionPool(host='host.docker.internal', port=5007): Max retries exceeded with url: /api/ai-data/invoices?page=1&pageSize=100 (Caused by NewConnectionError("HTTPConnection(host='host.docker.internal', port=5007): Failed to establish a new connection: [Errno 101] Network is unreachable"))
ERROR:foms_client:Error fetching from FOMS API /api/ai-data/accounts-receivable: HTTPConnectionPool(host='host.docker.internal', port=5007): Max retries exceeded with url: /api/ai-data/accounts-receivable?page=1&pageSize=100 (Caused by NewConnectionError("HTTPConnection(host='host.docker.internal', port=5007): Failed to establish a new connection: [Errno 101] Network is unreachable"))
ERROR:foms_client:Error fetching from FOMS API /api/ai-data/invoices: HTTPConnectionPool(host='host.docker.internal', port=5007): Max retries exceeded with url: /api/ai-data/invoices?page=1&pageSize=100 (Caused by NewConnectionError("HTTPConnection(host='host.docker.internal', port=5007): Failed to establish a new connection: [Errno 101] Network is unreachable"))
ERROR:foms_client:Error fetching from FOMS API /api/ai-data/accounts-receivable: HTTPConnectionPool(host='host.docker.internal', port=5007): Max retries exceeded with url: /api/ai-data/accounts-receivable?page=1&pageSize=100 (Caused by NewConnectionError("HTTPConnection(host='host.docker.internal', port=5007): Failed to establish a new connection: [Errno 101] Network is unreachable"))
ERROR:foms_client:Error fetching from FOMS API /api/ai-data/invoices: HTTPConnectionPool(host='host.docker.internal', port=5007): Max retries exceeded with url: /api/ai-data/invoices?page=1&pageSize=100 (Caused by NewConnectionError("HTTPConnection(host='host.docker.internal', port=5007): Failed to establish a new connection: [Errno 101] Network is unreachable"))
ERROR:foms_client:Error fetching from FOMS API /api/ai-data/accounts-receivable: HTTPConnectionPool(host='host.docker.internal', port=5007): Max retries exceeded with url: /api/ai-data/accounts-receivable?page=1&pageSize=100 (Caused by NewConnectionError("HTTPConnection(host='host.docker.internal', port=5007): Failed to establish a new connection: [Errno 101] Network is unreachable"))
ERROR:foms_client:Error fetching from FOMS API /api/ai-data/invoices: HTTPConnectionPool(host='host.docker.internal', port=5007): Max retries exceeded with url: /api/ai-data/invoices?page=1&pageSize=100 (Caused by NewConnectionError("HTTPConnection(host='host.docker.internal', port=5007): Failed to establish a new connection: [Errno 101] Network is unreachable"))
ERROR:foms_client:Error fetching from FOMS API /api/ai-data/accounts-receivable: HTTPConnectionPool(host='host.docker.internal', port=5007): Max retries exceeded with url: /api/ai-data/accounts-receivable?page=1&pageSize=100 (Caused by NewConnectionError("HTTPConnection(host='host.docker.internal', port=5007): Failed to establish a new connection: [Errno 101] Network is unreachable"))
ERROR:foms_client:Error fetching from FOMS API /api/ai-data/invoices: HTTPConnectionPool(host='host.docker.internal', port=5007): Max retries exceeded with url: /api/ai-data/invoices?page=1&pageSize=100 (Caused by NewConnectionError("HTTPConnection(host='host.docker.internal', port=5007): Failed to establish a new connection: [Errno 101] Network is unreachable"))
ERROR:foms_client:Error fetching from FOMS API /api/ai-data/accounts-receivable: HTTPConnectionPool(host='host.docker.internal', port=5007): Max retries exceeded with url: /api/ai-data/accounts-receivable?page=1&pageSize=100 (Caused by NewConnectionError("HTTPConnection(host='host.docker.internal', port=5007): Failed to establish a new connection: [Errno 101] Network is unreachable"))
ERROR:foms_client:Error fetching from FOMS API /api/ai-data/invoices: HTTPConnectionPool(host='host.docker.internal', port=5007): Max retries exceeded with url: /api/ai-data/invoices?page=1&pageSize=100 (Caused by NewConnectionError("HTTPConnection(host='host.docker.internal', port=5007): Failed to establish a new connection: [Errno 101] Network is unreachable"))
ERROR:foms_client:Error fetching from FOMS API /api/ai-data/accounts-receivable: HTTPConnectionPool(host='host.docker.internal', port=5007): Max retries exceeded with url: /api/ai-data/accounts-receivable?page=1&pageSize=100 (Caused by NewConnectionError("HTTPConnection(host='host.docker.internal', port=5007): Failed to establish a new connection: [Errno 101] Network is unreachable"))
ERROR:foms_client:Error fetching from FOMS API /api/ai-data/invoices: HTTPConnectionPool(host='host.docker.internal', port=5007): Max retries exceeded with url: /api/ai-data/invoices?page=1&pageSize=100 (Caused by NewConnectionError("HTTPConnection(host='host.docker.internal', port=5007): Failed to establish a new connection: [Errno 101] Network is unreachable"))
ERROR:foms_client:Error fetching from FOMS API /api/ai-data/accounts-receivable: HTTPConnectionPool(host='host.docker.internal', port=5007): Max retries exceeded with url: /api/ai-data/accounts-receivable?page=1&pageSize=100 (Caused by NewConnectionError("HTTPConnection(host='host.docker.internal', port=5007): Failed to establish a new connection: [Errno 101] Network is unreachable"))
ERROR:foms_client:Error fetching from FOMS API /api/ai-data/invoices: HTTPConnectionPool(host='host.docker.internal', port=5007): Max retries exceeded with url: /api/ai-data/invoices?page=1&pageSize=100 (Caused by NewConnectionError("HTTPConnection(host='host.docker.internal', port=5007): Failed to establish a new connection: [Errno 101] Network is unreachable"))
ERROR:foms_client:Error fetching from FOMS API /api/ai-data/accounts-receivable: HTTPConnectionPool(host='host.docker.internal', port=5007): Max retries exceeded with url: /api/ai-data/accounts-receivable?page=1&pageSize=100 (Caused by NewConnectionError("HTTPConnection(host='host.docker.internal', port=5007): Failed to establish a new connection: [Errno 101] Network is unreachable"))
ERROR:foms_client:Error fetching from FOMS API /api/ai-data/invoices: HTTPConnectionPool(host='host.docker.internal', port=5007): Max retries exceeded with url: /api/ai-data/invoices?page=1&pageSize=100 (Caused by NewConnectionError("HTTPConnection(host='host.docker.internal', port=5007): Failed to establish a new connection: [Errno 101] Network is unreachable"))
ERROR:foms_client:Error fetching from FOMS API /api/ai-data/accounts-receivable: HTTPConnectionPool(host='host.docker.internal', port=5007): Max retries exceeded with url: /api/ai-data/accounts-receivable?page=1&pageSize=100 (Caused by NewConnectionError("HTTPConnection(host='host.docker.internal', port=5007): Failed to establish a new connection: [Errno 101] Network is unreachable"))
ERROR:foms_client:Error fetching from FOMS API /api/ai-data/invoices: HTTPConnectionPool(host='host.docker.internal', port=5007): Max retries exceeded with url: /api/ai-data/invoices?page=1&pageSize=100 (Caused by NewConnectionError("HTTPConnection(host='host.docker.internal', port=5007): Failed to establish a new connection: [Errno 101] Network is unreachable"))
ERROR:foms_client:Error fetching from FOMS API /api/ai-data/accounts-receivable: HTTPConnectionPool(host='host.docker.internal', port=5007): Max retries exceeded with url: /api/ai-data/accounts-receivable?page=1&pageSize=100 (Caused by NewConnectionError("HTTPConnection(host='host.docker.internal', port=5007): Failed to establish a new connection: [Errno 101] Network is unreachable"))
ERROR:foms_client:Error fetching from FOMS API /api/ai-data/invoices: HTTPConnectionPool(host='host.docker.internal', port=5007): Max retries exceeded with url: /api/ai-data/invoices?page=1&pageSize=100 (Caused by NewConnectionError("HTTPConnection(host='host.docker.internal', port=5007): Failed to establish a new connection: [Errno 101] Network is unreachable"))
ERROR:foms_client:Error fetching from FOMS API /api/ai-data/accounts-receivable: HTTPConnectionPool(host='host.docker.internal', port=5007): Max retries exceeded with url: /api/ai-data/accounts-receivable?page=1&pageSize=100 (Caused by NewConnectionError("HTTPConnection(host='host.docker.internal', port=5007): Failed to establish a new connection: [Errno 101] Network is unreachable"))
ERROR:foms_client:Error fetching from FOMS API /api/ai-data/invoices: HTTPConnectionPool(host='host.docker.internal', port=5007): Max retries exceeded with url: /api/ai-data/invoices?page=1&pageSize=100 (Caused by NewConnectionError("HTTPConnection(host='host.docker.internal', port=5007): Failed to establish a new connection: [Errno 101] Network is unreachable"))
ERROR:foms_client:Error fetching from FOMS API /api/ai-data/accounts-receivable: HTTPConnectionPool(host='host.docker.internal', port=5007): Max retries exceeded with url: /api/ai-data/accounts-receivable?page=1&pageSize=100 (Caused by NewConnectionError("HTTPConnection(host='host.docker.internal', port=5007): Failed to establish a new connection: [Errno 101] Network is unreachable"))
ERROR:foms_client:Error fetching from FOMS API /api/ai-data/invoices: HTTPConnectionPool(host='host.docker.internal', port=5007): Max retries exceeded with url: /api/ai-data/invoices?page=1&pageSize=100 (Caused by NewConnectionError("HTTPConnection(host='host.docker.internal', port=5007): Failed to establish a new connection: [Errno 101] Network is unreachable"))
ERROR:foms_client:Error fetching from FOMS API /api/ai-data/accounts-receivable: HTTPConnectionPool(host='host.docker.internal', port=5007): Max retries exceeded with url: /api/ai-data/accounts-receivable?page=1&pageSize=100 (Caused by NewConnectionError("HTTPConnection(host='host.docker.internal', port=5007): Failed to establish a new connection: [Errno 101] Network is unreachable"))
ERROR:foms_client:Error fetching from FOMS API /api/ai-data/invoices: HTTPConnectionPool(host='host.docker.internal', port=5007): Max retries exceeded with url: /api/ai-data/invoices?page=1&pageSize=100 (Caused by NewConnectionError("HTTPConnection(host='host.docker.internal', port=5007): Failed to establish a new connection: [Errno 101] Network is unreachable"))
ERROR:foms_client:Error fetching from FOMS API /api/ai-data/accounts-receivable: HTTPConnectionPool(host='host.docker.internal', port=5007): Max retries exceeded with url: /api/ai-data/accounts-receivable?page=1&pageSize=100 (Caused by NewConnectionError("HTTPConnection(host='host.docker.internal', port=5007): Failed to establish a new connection: [Errno 101] Network is unreachable"))
ERROR:foms_client:Error fetching from FOMS API /api/ai-data/invoices: HTTPConnectionPool(host='host.docker.internal', port=5007): Max retries exceeded with url: /api/ai-data/invoices?page=1&pageSize=100 (Caused by NewConnectionError("HTTPConnection(host='host.docker.internal', port=5007): Failed to establish a new connection: [Errno 101] Network is unreachable"))
ERROR:foms_client:Error fetching from FOMS API /api/ai-data/accounts-receivable: HTTPConnectionPool(host='host.docker.internal', port=5007): Max retries exceeded with url: /api/ai-data/accounts-receivable?page=1&pageSize=100 (Caused by NewConnectionError("HTTPConnection(host='host.docker.internal', port=5007): Failed to establish a new connection: [Errno 101] Network is unreachable"))
ERROR:foms_client:Error fetching from FOMS API /api/ai-data/invoices: HTTPConnectionPool(host='host.docker.internal', port=5007): Max retries exceeded with url: /api/ai-data/invoices?page=1&pageSize=100 (Caused by NewConnectionError("HTTPConnection(host='host.docker.internal', port=5007): Failed to establish a new connection: [Errno 101] Network is unreachable"))
ERROR:foms_client:Error fetching from FOMS API /api/ai-data/accounts-receivable: HTTPConnectionPool(host='host.docker.internal', port=5007): Max retries exceeded with url: /api/ai-data/accounts-receivable?page=1&pageSize=100 (Caused by NewConnectionError("HTTPConnection(host='host.docker.internal', port=5007): Failed to establish a new connection: [Errno 101] Network is unreachable"))
ERROR:foms_client:Error fetching from FOMS API /api/ai-data/invoices: HTTPConnectionPool(host='host.docker.internal', port=5007): Max retries exceeded with url: /api/ai-data/invoices?page=1&pageSize=100 (Caused by NewConnectionError("HTTPConnection(host='host.docker.internal', port=5007): Failed to establish a new connection: [Errno 101] Network is unreachable"))
ERROR:foms_client:Error fetching from FOMS API /api/ai-data/accounts-receivable: HTTPConnectionPool(host='host.docker.internal', port=5007): Max retries exceeded with url: /api/ai-data/accounts-receivable?page=1&pageSize=100 (Caused by NewConnectionError("HTTPConnection(host='host.docker.internal', port=5007): Failed to establish a new connection: [Errno 101] Network is unreachable"))
ERROR:foms_client:Error fetching from FOMS API /api/ai-data/invoices: HTTPConnectionPool(host='host.docker.internal', port=5007): Max retries exceeded with url: /api/ai-data/invoices?page=1&pageSize=100 (Caused by NewConnectionError("HTTPConnection(host='host.docker.internal', port=5007): Failed to establish a new connection: [Errno 101] Network is unreachable"))
ERROR:foms_client:Error fetching from FOMS API /api/ai-data/accounts-receivable: HTTPConnectionPool(host='host.docker.internal', port=5007): Max retries exceeded with url: /api/ai-data/accounts-receivable?page=1&pageSize=100 (Caused by NewConnectionError("HTTPConnection(host='host.docker.internal', port=5007): Failed to establish a new connection: [Errno 101] Network is unreachable"))
ERROR:foms_client:Error fetching from FOMS API /api/ai-data/invoices: HTTPConnectionPool(host='host.docker.internal', port=5007): Max retries exceeded with url: /api/ai-data/invoices?page=1&pageSize=100 (Caused by NewConnectionError("HTTPConnection(host='host.docker.internal', port=5007): Failed to establish a new connection: [Errno 101] Network is unreachable"))
ERROR:foms_client:Error fetching from FOMS API /api/ai-data/accounts-receivable: HTTPConnectionPool(host='host.docker.internal', port=5007): Max retries exceeded with url: /api/ai-data/accounts-receivable?page=1&pageSize=100 (Caused by NewConnectionError("HTTPConnection(host='host.docker.internal', port=5007): Failed to establish a new connection: [Errno 101] Network is unreachable"))
ERROR:foms_client:Error fetching from FOMS API /api/ai-data/invoices: HTTPConnectionPool(host='host.docker.internal', port=5007): Max retries exceeded with url: /api/ai-data/invoices?page=1&pageSize=100 (Caused by NewConnectionError("HTTPConnection(host='host.docker.internal', port=5007): Failed to establish a new connection: [Errno 101] Network is unreachable"))
ERROR:foms_client:Error fetching from FOMS API /api/ai-data/accounts-receivable: HTTPConnectionPool(host='host.docker.internal', port=5007): Max retries exceeded with url: /api/ai-data/accounts-receivable?page=1&pageSize=100 (Caused by NewConnectionError("HTTPConnection(host='host.docker.internal', port=5007): Failed to establish a new connection: [Errno 101] Network is unreachable"))
ERROR:foms_client:Error fetching from FOMS API /api/ai-data/invoices: HTTPConnectionPool(host='host.docker.internal', port=5007): Max retries exceeded with url: /api/ai-data/invoices?page=1&pageSize=100 (Caused by NewConnectionError("HTTPConnection(host='host.docker.internal', port=5007): Failed to establish a new connection: [Errno 101] Network is unreachable"))
ERROR:foms_client:Error fetching from FOMS API /api/ai-data/accounts-receivable: HTTPConnectionPool(host='host.docker.internal', port=5007): Max retries exceeded with url: /api/ai-data/accounts-receivable?page=1&pageSize=100 (Caused by NewConnectionError("HTTPConnection(host='host.docker.internal', port=5007): Failed to establish a new connection: [Errno 101] Network is unreachable"))
ERROR:foms_client:Error fetching from FOMS API /api/ai-data/invoices: HTTPConnectionPool(host='host.docker.internal', port=5007): Max retries exceeded with url: /api/ai-data/invoices?page=1&pageSize=100 (Caused by NewConnectionError("HTTPConnection(host='host.docker.internal', port=5007): Failed to establish a new connection: [Errno 101] Network is unreachable"))
ERROR:foms_client:Error fetching from FOMS API /api/ai-data/accounts-receivable: HTTPConnectionPool(host='host.docker.internal', port=5007): Max retries exceeded with url: /api/ai-data/accounts-receivable?page=1&pageSize=100 (Caused by NewConnectionError("HTTPConnection(host='host.docker.internal', port=5007): Failed to establish a new connection: [Errno 101] Network is unreachable"))
ERROR:foms_client:Error fetching from FOMS API /api/ai-data/invoices: HTTPConnectionPool(host='host.docker.internal', port=5007): Max retries exceeded with url: /api/ai-data/invoices?page=1&pageSize=100 (Caused by NewConnectionError("HTTPConnection(host='host.docker.internal', port=5007): Failed to establish a new connection: [Errno 101] Network is unreachable"))
ERROR:foms_client:Error fetching from FOMS API /api/ai-data/accounts-receivable: HTTPConnectionPool(host='host.docker.internal', port=5007): Max retries exceeded with url: /api/ai-data/accounts-receivable?page=1&pageSize=100 (Caused by NewConnectionError("HTTPConnection(host='host.docker.internal', port=5007): Failed to establish a new connection: [Errno 101] Network is unreachable"))
ERROR:foms_client:Error fetching from FOMS API /api/ai-data/invoices: HTTPConnectionPool(host='host.docker.internal', port=5007): Max retries exceeded with url: /api/ai-data/invoices?page=1&pageSize=100 (Caused by NewConnectionError("HTTPConnection(host='host.docker.internal', port=5007): Failed to establish a new connection: [Errno 101] Network is unreachable"))
ERROR:foms_client:Error fetching from FOMS API /api/ai-data/invoices: HTTPConnectionPool(host='host.docker.internal', port=5007): Max retries exceeded with url: /api/ai-data/invoices?page=1&pageSize=100 (Caused by NewConnectionError("HTTPConnection(host='host.docker.internal', port=5007): Failed to establish a new connection: [Errno 101] Network is unreachable"))
ERROR:foms_client:Error fetching from FOMS API /api/ai-data/invoices: HTTPConnectionPool(host='host.docker.internal', port=5007): Max retries exceeded with url: /api/ai-data/invoices?page=1&pageSize=100 (Caused by NewConnectionError("HTTPConnection(host='host.docker.internal', port=5007): Failed to establish a new connection: [Errno 101] Network is unreachable"))
ERROR:foms_client:Error fetching from FOMS API /api/ai-data/invoices: HTTPConnectionPool(host='host.docker.internal', port=5007): Max retries exceeded with url: /api/ai-data/invoices?page=1&pageSize=100 (Caused by NewConnectionError("HTTPConnection(host='host.docker.internal', port=5007): Failed to establish a new connection: [Errno 101] Network is unreachable"))
ERROR:foms_client:Error fetching from FOMS API /api/ai-data/invoices: HTTPConnectionPool(host='host.docker.internal', port=5007): Max retries exceeded with url: /api/ai-data/invoices?page=1&pageSize=100 (Caused by NewConnectionError("HTTPConnection(host='host.docker.internal', port=5007): Failed to establish a new connection: [Errno 101] Network is unreachable"))
ERROR:foms_client:Error fetching from FOMS API /api/ai-data/invoices: HTTPConnectionPool(host='host.docker.internal', port=5007): Max retries exceeded with url: /api/ai-data/invoices?page=1&pageSize=100 (Caused by NewConnectionError("HTTPConnection(host='host.docker.internal', port=5007): Failed to establish a new connection: [Errno 101] Network is unreachable"))
ERROR:app.main:[8cfc0093-9c5d-4624-90fd-cec6b8ee7e47] Unhandled exception on /api/ai/dashboard/trends: 'FomsClient' object has no attribute 'get_clients'
  + Exception Group Traceback (most recent call last):
  |   File "/usr/local/lib/python3.10/site-packages/starlette/_utils.py", line 85, in create_collapsing_task_group
  |     async with anyio.create_task_group() as tg:
  |   File "/usr/local/lib/python3.10/site-packages/anyio/_backends/_asyncio.py", line 815, in __aexit__
  |     raise BaseExceptionGroup(
  | exceptiongroup.ExceptionGroup: unhandled errors in a TaskGroup (1 sub-exception)
  +-+---------------- 1 ----------------
    | Traceback (most recent call last):
    |   File "/usr/local/lib/python3.10/site-packages/starlette/middleware/errors.py", line 164, in __call__
    |     await self.app(scope, receive, _send)
    |   File "/usr/local/lib/python3.10/site-packages/starlette/middleware/base.py", line 193, in __call__
    |     response = await self.dispatch_func(request, call_next)
    |   File "/app/app/main.py", line 116, in add_security_headers
    |     response = await call_next(request)
    |   File "/usr/local/lib/python3.10/site-packages/starlette/middleware/base.py", line 168, in call_next
    |     raise app_exc from app_exc.__cause__ or app_exc.__context__
    |   File "/usr/local/lib/python3.10/site-packages/starlette/middleware/base.py", line 144, in coro
    |     await self.app(scope, receive_or_disconnect, send_no_error)
    |   File "/usr/local/lib/python3.10/site-packages/starlette/middleware/base.py", line 193, in __call__
    |     response = await self.dispatch_func(request, call_next)
    |   File "/app/app/main.py", line 109, in verify_gateway_api_key
    |     response = await call_next(request)
    |   File "/usr/local/lib/python3.10/site-packages/starlette/middleware/base.py", line 168, in call_next
    |     raise app_exc from app_exc.__cause__ or app_exc.__context__
    |   File "/usr/local/lib/python3.10/site-packages/starlette/middleware/base.py", line 144, in coro
    |     await self.app(scope, receive_or_disconnect, send_no_error)
    |   File "/usr/local/lib/python3.10/site-packages/starlette/middleware/cors.py", line 88, in __call__
    |     await self.app(scope, receive, send)
    |   File "/usr/local/lib/python3.10/site-packages/starlette/middleware/exceptions.py", line 63, in __call__
    |     await wrap_app_handling_exceptions(self.app, conn)(scope, receive, send)
    |   File "/usr/local/lib/python3.10/site-packages/starlette/_exception_handler.py", line 53, in wrapped_app
    |     raise exc
    |   File "/usr/local/lib/python3.10/site-packages/starlette/_exception_handler.py", line 42, in wrapped_app
    |     await app(scope, receive, sender)
    |   File "/usr/local/lib/python3.10/site-packages/fastapi/middleware/asyncexitstack.py", line 18, in __call__
    |     await self.app(scope, receive, send)
    |   File "/usr/local/lib/python3.10/site-packages/starlette/routing.py", line 660, in __call__
    |     await self.middleware_stack(scope, receive, send)
    |   File "/usr/local/lib/python3.10/site-packages/fastapi/routing.py", line 2692, in app
    |     await route.handle(scope, receive, send)
    |   File "/usr/local/lib/python3.10/site-packages/fastapi/routing.py", line 1773, in handle
    |     await self.original_router.handle(scope, receive, send)
    |   File "/usr/local/lib/python3.10/site-packages/fastapi/routing.py", line 2747, in handle
    |     await included_router._handle_selected(scope, receive, send)
    |   File "/usr/local/lib/python3.10/site-packages/fastapi/routing.py", line 1793, in _handle_selected
    |     await original_route.handle(scope, receive, send)
    |   File "/usr/local/lib/python3.10/site-packages/fastapi/routing.py", line 1272, in handle
    |     await app(scope, receive, send)
    |   File "/usr/local/lib/python3.10/site-packages/fastapi/routing.py", line 156, in app
    |     await wrap_app_handling_exceptions(app, request)(scope, receive, send)
    |   File "/usr/local/lib/python3.10/site-packages/starlette/_exception_handler.py", line 53, in wrapped_app
    |     raise exc
    |   File "/usr/local/lib/python3.10/site-packages/starlette/_exception_handler.py", line 42, in wrapped_app
    |     await app(scope, receive, sender)
    |   File "/usr/local/lib/python3.10/site-packages/fastapi/routing.py", line 142, in app
    |     response = await f(request)
    |   File "/usr/local/lib/python3.10/site-packages/fastapi/routing.py", line 698, in app
    |     raw_response = await run_endpoint_function(
    |   File "/usr/local/lib/python3.10/site-packages/fastapi/routing.py", line 352, in run_endpoint_function
    |     return await run_in_threadpool(dependant.call, **values)
    |   File "/usr/local/lib/python3.10/site-packages/starlette/concurrency.py", line 34, in run_in_threadpool
    |     return await anyio.to_thread.run_sync(func)
    |   File "/usr/local/lib/python3.10/site-packages/anyio/to_thread.py", line 65, in run_sync
    |     return await get_async_backend().run_sync_in_worker_thread(
    |   File "/usr/local/lib/python3.10/site-packages/anyio/_backends/_asyncio.py", line 2641, in run_sync_in_worker_thread
    |     return await future
    |   File "/usr/local/lib/python3.10/site-packages/anyio/_backends/_asyncio.py", line 1033, in run
    |     result = context.run(func, *args)
    |   File "/app/app/api/routes/dashboard_routes.py", line 131, in get_trends
    |     clients = client.get_clients()
    | AttributeError: 'FomsClient' object has no attribute 'get_clients'. Did you mean: 'get_payments'?
    +------------------------------------

The above exception was the direct cause of the following exception:

Traceback (most recent call last):
  File "/usr/local/lib/python3.10/site-packages/starlette/middleware/errors.py", line 164, in __call__
    await self.app(scope, receive, _send)
  File "/usr/local/lib/python3.10/site-packages/starlette/middleware/base.py", line 193, in __call__
    response = await self.dispatch_func(request, call_next)
  File "/app/app/main.py", line 116, in add_security_headers
    response = await call_next(request)
  File "/usr/local/lib/python3.10/site-packages/starlette/middleware/base.py", line 168, in call_next
    raise app_exc from app_exc.__cause__ or app_exc.__context__
  File "/usr/local/lib/python3.10/site-packages/starlette/middleware/base.py", line 144, in coro
    await self.app(scope, receive_or_disconnect, send_no_error)
  File "/usr/local/lib/python3.10/site-packages/starlette/middleware/base.py", line 193, in __call__
    response = await self.dispatch_func(request, call_next)
  File "/app/app/main.py", line 109, in verify_gateway_api_key
    response = await call_next(request)
  File "/usr/local/lib/python3.10/site-packages/starlette/middleware/base.py", line 168, in call_next
    raise app_exc from app_exc.__cause__ or app_exc.__context__
  File "/usr/local/lib/python3.10/site-packages/starlette/middleware/base.py", line 144, in coro
    await self.app(scope, receive_or_disconnect, send_no_error)
  File "/usr/local/lib/python3.10/site-packages/starlette/middleware/cors.py", line 88, in __call__
    await self.app(scope, receive, send)
  File "/usr/local/lib/python3.10/site-packages/starlette/middleware/exceptions.py", line 63, in __call__
    await wrap_app_handling_exceptions(self.app, conn)(scope, receive, send)
  File "/usr/local/lib/python3.10/site-packages/starlette/_exception_handler.py", line 53, in wrapped_app
    raise exc
  File "/usr/local/lib/python3.10/site-packages/starlette/_exception_handler.py", line 42, in wrapped_app
    await app(scope, receive, sender)
  File "/usr/local/lib/python3.10/site-packages/fastapi/middleware/asyncexitstack.py", line 18, in __call__
    await self.app(scope, receive, send)
  File "/usr/local/lib/python3.10/site-packages/starlette/routing.py", line 660, in __call__
    await self.middleware_stack(scope, receive, send)
  File "/usr/local/lib/python3.10/site-packages/fastapi/routing.py", line 2692, in app
    await route.handle(scope, receive, send)
  File "/usr/local/lib/python3.10/site-packages/fastapi/routing.py", line 1773, in handle
    await self.original_router.handle(scope, receive, send)
  File "/usr/local/lib/python3.10/site-packages/fastapi/routing.py", line 2747, in handle
    await included_router._handle_selected(scope, receive, send)
  File "/usr/local/lib/python3.10/site-packages/fastapi/routing.py", line 1793, in _handle_selected
    await original_route.handle(scope, receive, send)
  File "/usr/local/lib/python3.10/site-packages/fastapi/routing.py", line 1272, in handle
    await app(scope, receive, send)
  File "/usr/local/lib/python3.10/site-packages/fastapi/routing.py", line 156, in app
    await wrap_app_handling_exceptions(app, request)(scope, receive, send)
  File "/usr/local/lib/python3.10/site-packages/starlette/_exception_handler.py", line 53, in wrapped_app
    raise exc
  File "/usr/local/lib/python3.10/site-packages/starlette/_exception_handler.py", line 42, in wrapped_app
    await app(scope, receive, sender)
  File "/usr/local/lib/python3.10/site-packages/fastapi/routing.py", line 142, in app
    response = await f(request)
  File "/usr/local/lib/python3.10/site-packages/fastapi/routing.py", line 698, in app
    raw_response = await run_endpoint_function(
  File "/usr/local/lib/python3.10/site-packages/fastapi/routing.py", line 352, in run_endpoint_function
    return await run_in_threadpool(dependant.call, **values)
  File "/usr/local/lib/python3.10/site-packages/starlette/concurrency.py", line 34, in run_in_threadpool
    return await anyio.to_thread.run_sync(func)
  File "/usr/local/lib/python3.10/site-packages/anyio/to_thread.py", line 65, in run_sync
    return await get_async_backend().run_sync_in_worker_thread(
  File "/usr/local/lib/python3.10/site-packages/anyio/_backends/_asyncio.py", line 2641, in run_sync_in_worker_thread
    return await future
  File "/usr/local/lib/python3.10/site-packages/anyio/_backends/_asyncio.py", line 1033, in run
    result = context.run(func, *args)
  File "/app/app/api/routes/dashboard_routes.py", line 131, in get_trends
    clients = client.get_clients()
AttributeError: 'FomsClient' object has no attribute 'get_clients'. Did you mean: 'get_payments'?
ERROR:foms_client:Error fetching from FOMS API /api/ai-data/invoices: HTTPConnectionPool(host='host.docker.internal', port=5007): Max retries exceeded with url: /api/ai-data/invoices?page=1&pageSize=100 (Caused by NewConnectionError("HTTPConnection(host='host.docker.internal', port=5007): Failed to establish a new connection: [Errno 101] Network is unreachable"))
ERROR:foms_client:Error fetching from FOMS API /api/ai-data/invoices: HTTPConnectionPool(host='host.docker.internal', port=5007): Max retries exceeded with url: /api/ai-data/invoices?page=1&pageSize=100 (Caused by NewConnectionError("HTTPConnection(host='host.docker.internal', port=5007): Failed to establish a new connection: [Errno 101] Network is unreachable"))
ERROR:foms_client:Error fetching from FOMS API /api/ai-data/invoices: HTTPConnectionPool(host='host.docker.internal', port=5007): Max retries exceeded with url: /api/ai-data/invoices?page=1&pageSize=100 (Caused by NewConnectionError("HTTPConnection(host='host.docker.internal', port=5007): Failed to establish a new connection: [Errno 101] Network is unreachable"))
ERROR:foms_client:Error fetching from FOMS API /api/ai-data/invoices: HTTPConnectionPool(host='host.docker.internal', port=5007): Max retries exceeded with url: /api/ai-data/invoices?page=1&pageSize=100 (Caused by NewConnectionError("HTTPConnection(host='host.docker.internal', port=5007): Failed to establish a new connection: [Errno 101] Network is unreachable"))
ERROR:foms_client:Error fetching from FOMS API /api/ai-data/invoices: HTTPConnectionPool(host='host.docker.internal', port=5007): Max retries exceeded with url: /api/ai-data/invoices?page=1&pageSize=100 (Caused by NewConnectionError("HTTPConnection(host='host.docker.internal', port=5007): Failed to establish a new connection: [Errno 101] Network is unreachable"))
ERROR:app.main:[c26f54f4-ff41-4cb8-b6a2-8a92f0c0cd93] Unhandled exception on /api/ai/dashboard/trends: 'FomsClient' object has no attribute 'get_clients'
  + Exception Group Traceback (most recent call last):
  |   File "/usr/local/lib/python3.10/site-packages/starlette/_utils.py", line 85, in create_collapsing_task_group
  |     async with anyio.create_task_group() as tg:
  |   File "/usr/local/lib/python3.10/site-packages/anyio/_backends/_asyncio.py", line 815, in __aexit__
  |     raise BaseExceptionGroup(
  | exceptiongroup.ExceptionGroup: unhandled errors in a TaskGroup (1 sub-exception)
  +-+---------------- 1 ----------------
    | Traceback (most recent call last):
    |   File "/usr/local/lib/python3.10/site-packages/starlette/middleware/errors.py", line 164, in __call__
    |     await self.app(scope, receive, _send)
    |   File "/usr/local/lib/python3.10/site-packages/starlette/middleware/base.py", line 193, in __call__
    |     response = await self.dispatch_func(request, call_next)
    |   File "/app/app/main.py", line 116, in add_security_headers
    |     response = await call_next(request)
    |   File "/usr/local/lib/python3.10/site-packages/starlette/middleware/base.py", line 168, in call_next
    |     raise app_exc from app_exc.__cause__ or app_exc.__context__
    |   File "/usr/local/lib/python3.10/site-packages/starlette/middleware/base.py", line 144, in coro
    |     await self.app(scope, receive_or_disconnect, send_no_error)
    |   File "/usr/local/lib/python3.10/site-packages/starlette/middleware/base.py", line 193, in __call__
    |     response = await self.dispatch_func(request, call_next)
    |   File "/app/app/main.py", line 109, in verify_gateway_api_key
    |     response = await call_next(request)
    |   File "/usr/local/lib/python3.10/site-packages/starlette/middleware/base.py", line 168, in call_next
    |     raise app_exc from app_exc.__cause__ or app_exc.__context__
    |   File "/usr/local/lib/python3.10/site-packages/starlette/middleware/base.py", line 144, in coro
    |     await self.app(scope, receive_or_disconnect, send_no_error)
    |   File "/usr/local/lib/python3.10/site-packages/starlette/middleware/cors.py", line 88, in __call__
    |     await self.app(scope, receive, send)
    |   File "/usr/local/lib/python3.10/site-packages/starlette/middleware/exceptions.py", line 63, in __call__
    |     await wrap_app_handling_exceptions(self.app, conn)(scope, receive, send)
    |   File "/usr/local/lib/python3.10/site-packages/starlette/_exception_handler.py", line 53, in wrapped_app
    |     raise exc
    |   File "/usr/local/lib/python3.10/site-packages/starlette/_exception_handler.py", line 42, in wrapped_app
    |     await app(scope, receive, sender)
    |   File "/usr/local/lib/python3.10/site-packages/fastapi/middleware/asyncexitstack.py", line 18, in __call__
    |     await self.app(scope, receive, send)
    |   File "/usr/local/lib/python3.10/site-packages/starlette/routing.py", line 660, in __call__
    |     await self.middleware_stack(scope, receive, send)
    |   File "/usr/local/lib/python3.10/site-packages/fastapi/routing.py", line 2692, in app
    |     await route.handle(scope, receive, send)
    |   File "/usr/local/lib/python3.10/site-packages/fastapi/routing.py", line 1773, in handle
    |     await self.original_router.handle(scope, receive, send)
    |   File "/usr/local/lib/python3.10/site-packages/fastapi/routing.py", line 2747, in handle
    |     await included_router._handle_selected(scope, receive, send)
    |   File "/usr/local/lib/python3.10/site-packages/fastapi/routing.py", line 1793, in _handle_selected
    |     await original_route.handle(scope, receive, send)
    |   File "/usr/local/lib/python3.10/site-packages/fastapi/routing.py", line 1272, in handle
    |     await app(scope, receive, send)
    |   File "/usr/local/lib/python3.10/site-packages/fastapi/routing.py", line 156, in app
    |     await wrap_app_handling_exceptions(app, request)(scope, receive, send)
    |   File "/usr/local/lib/python3.10/site-packages/starlette/_exception_handler.py", line 53, in wrapped_app
    |     raise exc
    |   File "/usr/local/lib/python3.10/site-packages/starlette/_exception_handler.py", line 42, in wrapped_app
    |     await app(scope, receive, sender)
    |   File "/usr/local/lib/python3.10/site-packages/fastapi/routing.py", line 142, in app
    |     response = await f(request)
    |   File "/usr/local/lib/python3.10/site-packages/fastapi/routing.py", line 698, in app
    |     raw_response = await run_endpoint_function(
    |   File "/usr/local/lib/python3.10/site-packages/fastapi/routing.py", line 352, in run_endpoint_function
    |     return await run_in_threadpool(dependant.call, **values)
    |   File "/usr/local/lib/python3.10/site-packages/starlette/concurrency.py", line 34, in run_in_threadpool
    |     return await anyio.to_thread.run_sync(func)
    |   File "/usr/local/lib/python3.10/site-packages/anyio/to_thread.py", line 65, in run_sync
    |     return await get_async_backend().run_sync_in_worker_thread(
    |   File "/usr/local/lib/python3.10/site-packages/anyio/_backends/_asyncio.py", line 2641, in run_sync_in_worker_thread
    |     return await future
    |   File "/usr/local/lib/python3.10/site-packages/anyio/_backends/_asyncio.py", line 1033, in run
    |     result = context.run(func, *args)
    |   File "/app/app/api/routes/dashboard_routes.py", line 131, in get_trends
    |     clients = client.get_clients()
    | AttributeError: 'FomsClient' object has no attribute 'get_clients'. Did you mean: 'get_payments'?
    +------------------------------------

The above exception was the direct cause of the following exception:

Traceback (most recent call last):
  File "/usr/local/lib/python3.10/site-packages/starlette/middleware/errors.py", line 164, in __call__
    await self.app(scope, receive, _send)
  File "/usr/local/lib/python3.10/site-packages/starlette/middleware/base.py", line 193, in __call__
    response = await self.dispatch_func(request, call_next)
  File "/app/app/main.py", line 116, in add_security_headers
    response = await call_next(request)
  File "/usr/local/lib/python3.10/site-packages/starlette/middleware/base.py", line 168, in call_next
    raise app_exc from app_exc.__cause__ or app_exc.__context__
  File "/usr/local/lib/python3.10/site-packages/starlette/middleware/base.py", line 144, in coro
    await self.app(scope, receive_or_disconnect, send_no_error)
  File "/usr/local/lib/python3.10/site-packages/starlette/middleware/base.py", line 193, in __call__
    response = await self.dispatch_func(request, call_next)
  File "/app/app/main.py", line 109, in verify_gateway_api_key
    response = await call_next(request)
  File "/usr/local/lib/python3.10/site-packages/starlette/middleware/base.py", line 168, in call_next
    raise app_exc from app_exc.__cause__ or app_exc.__context__
  File "/usr/local/lib/python3.10/site-packages/starlette/middleware/base.py", line 144, in coro
    await self.app(scope, receive_or_disconnect, send_no_error)
  File "/usr/local/lib/python3.10/site-packages/starlette/middleware/cors.py", line 88, in __call__
    await self.app(scope, receive, send)
  File "/usr/local/lib/python3.10/site-packages/starlette/middleware/exceptions.py", line 63, in __call__
    await wrap_app_handling_exceptions(self.app, conn)(scope, receive, send)
  File "/usr/local/lib/python3.10/site-packages/starlette/_exception_handler.py", line 53, in wrapped_app
    raise exc
  File "/usr/local/lib/python3.10/site-packages/starlette/_exception_handler.py", line 42, in wrapped_app
    await app(scope, receive, sender)
  File "/usr/local/lib/python3.10/site-packages/fastapi/middleware/asyncexitstack.py", line 18, in __call__
    await self.app(scope, receive, send)
  File "/usr/local/lib/python3.10/site-packages/starlette/routing.py", line 660, in __call__
    await self.middleware_stack(scope, receive, send)
  File "/usr/local/lib/python3.10/site-packages/fastapi/routing.py", line 2692, in app
    await route.handle(scope, receive, send)
  File "/usr/local/lib/python3.10/site-packages/fastapi/routing.py", line 1773, in handle
    await self.original_router.handle(scope, receive, send)
  File "/usr/local/lib/python3.10/site-packages/fastapi/routing.py", line 2747, in handle
    await included_router._handle_selected(scope, receive, send)
  File "/usr/local/lib/python3.10/site-packages/fastapi/routing.py", line 1793, in _handle_selected
    await original_route.handle(scope, receive, send)
  File "/usr/local/lib/python3.10/site-packages/fastapi/routing.py", line 1272, in handle
    await app(scope, receive, send)
  File "/usr/local/lib/python3.10/site-packages/fastapi/routing.py", line 156, in app
    await wrap_app_handling_exceptions(app, request)(scope, receive, send)
  File "/usr/local/lib/python3.10/site-packages/starlette/_exception_handler.py", line 53, in wrapped_app
    raise exc
  File "/usr/local/lib/python3.10/site-packages/starlette/_exception_handler.py", line 42, in wrapped_app
    await app(scope, receive, sender)
  File "/usr/local/lib/python3.10/site-packages/fastapi/routing.py", line 142, in app
    response = await f(request)
  File "/usr/local/lib/python3.10/site-packages/fastapi/routing.py", line 698, in app
    raw_response = await run_endpoint_function(
  File "/usr/local/lib/python3.10/site-packages/fastapi/routing.py", line 352, in run_endpoint_function
    return await run_in_threadpool(dependant.call, **values)
  File "/usr/local/lib/python3.10/site-packages/starlette/concurrency.py", line 34, in run_in_threadpool
    return await anyio.to_thread.run_sync(func)
  File "/usr/local/lib/python3.10/site-packages/anyio/to_thread.py", line 65, in run_sync
    return await get_async_backend().run_sync_in_worker_thread(
  File "/usr/local/lib/python3.10/site-packages/anyio/_backends/_asyncio.py", line 2641, in run_sync_in_worker_thread
    return await future
  File "/usr/local/lib/python3.10/site-packages/anyio/_backends/_asyncio.py", line 1033, in run
    result = context.run(func, *args)
  File "/app/app/api/routes/dashboard_routes.py", line 131, in get_trends
    clients = client.get_clients()
AttributeError: 'FomsClient' object has no attribute 'get_clients'. Did you mean: 'get_payments'?
ERROR:foms_client:Error fetching from FOMS API /api/ai-data/accounts-receivable: HTTPConnectionPool(host='host.docker.internal', port=5007): Max retries exceeded with url: /api/ai-data/accounts-receivable?page=1&pageSize=100 (Caused by NewConnectionError("HTTPConnection(host='host.docker.internal', port=5007): Failed to establish a new connection: [Errno 101] Network is unreachable"))
ERROR:foms_client:Error fetching from FOMS API /api/ai-data/invoices: HTTPConnectionPool(host='host.docker.internal', port=5007): Max retries exceeded with url: /api/ai-data/invoices?page=1&pageSize=100 (Caused by NewConnectionError("HTTPConnection(host='host.docker.internal', port=5007): Failed to establish a new connection: [Errno 101] Network is unreachable"))
ERROR:foms_client:Error fetching from FOMS API /api/ai-data/accounts-receivable: HTTPConnectionPool(host='host.docker.internal', port=5007): Max retries exceeded with url: /api/ai-data/accounts-receivable?page=1&pageSize=100 (Caused by NewConnectionError("HTTPConnection(host='host.docker.internal', port=5007): Failed to establish a new connection: [Errno 101] Network is unreachable"))
ERROR:foms_client:Error fetching from FOMS API /api/ai-data/invoices: HTTPConnectionPool(host='host.docker.internal', port=5007): Max retries exceeded with url: /api/ai-data/invoices?page=1&pageSize=100 (Caused by NewConnectionError("HTTPConnection(host='host.docker.internal', port=5007): Failed to establish a new connection: [Errno 101] Network is unreachable"))
ERROR:foms_client:Error fetching from FOMS API /api/ai-data/accounts-receivable: HTTPConnectionPool(host='host.docker.internal', port=5007): Max retries exceeded with url: /api/ai-data/accounts-receivable?page=1&pageSize=100 (Caused by NewConnectionError("HTTPConnection(host='host.docker.internal', port=5007): Failed to establish a new connection: [Errno 101] Network is unreachable"))
ERROR:foms_client:Error fetching from FOMS API /api/ai-data/invoices: HTTPConnectionPool(host='host.docker.internal', port=5007): Max retries exceeded with url: /api/ai-data/invoices?page=1&pageSize=100 (Caused by NewConnectionError("HTTPConnection(host='host.docker.internal', port=5007): Failed to establish a new connection: [Errno 101] Network is unreachable"))
ERROR:foms_client:Error fetching from FOMS API /api/ai-data/accounts-receivable: HTTPConnectionPool(host='host.docker.internal', port=5007): Max retries exceeded with url: /api/ai-data/accounts-receivable?page=1&pageSize=100 (Caused by NewConnectionError("HTTPConnection(host='host.docker.internal', port=5007): Failed to establish a new connection: [Errno 101] Network is unreachable"))
ERROR:foms_client:Error fetching from FOMS API /api/ai-data/invoices: HTTPConnectionPool(host='host.docker.internal', port=5007): Max retries exceeded with url: /api/ai-data/invoices?page=1&pageSize=100 (Caused by NewConnectionError("HTTPConnection(host='host.docker.internal', port=5007): Failed to establish a new connection: [Errno 101] Network is unreachable"))
ERROR:foms_client:Error fetching from FOMS API /api/ai-data/accounts-receivable: HTTPConnectionPool(host='host.docker.internal', port=5007): Max retries exceeded with url: /api/ai-data/accounts-receivable?page=1&pageSize=100 (Caused by NewConnectionError("HTTPConnection(host='host.docker.internal', port=5007): Failed to establish a new connection: [Errno 101] Network is unreachable"))
ERROR:foms_client:Error fetching from FOMS API /api/ai-data/invoices: HTTPConnectionPool(host='host.docker.internal', port=5007): Max retries exceeded with url: /api/ai-data/invoices?page=1&pageSize=100 (Caused by NewConnectionError("HTTPConnection(host='host.docker.internal', port=5007): Failed to establish a new connection: [Errno 101] Network is unreachable"))
ERROR:foms_client:Error fetching from FOMS API /api/ai-data/invoices: HTTPConnectionPool(host='host.docker.internal', port=5007): Max retries exceeded with url: /api/ai-data/invoices?page=1&pageSize=100 (Caused by NewConnectionError("HTTPConnection(host='host.docker.internal', port=5007): Failed to establish a new connection: [Errno 101] Network is unreachable"))
ERROR:foms_client:Error fetching from FOMS API /api/ai-data/invoices: HTTPConnectionPool(host='host.docker.internal', port=5007): Max retries exceeded with url: /api/ai-data/invoices?page=1&pageSize=100 (Caused by NewConnectionError("HTTPConnection(host='host.docker.internal', port=5007): Failed to establish a new connection: [Errno 101] Network is unreachable"))
ERROR:foms_client:Error fetching from FOMS API /api/ai-data/invoices: HTTPConnectionPool(host='host.docker.internal', port=5007): Max retries exceeded with url: /api/ai-data/invoices?page=1&pageSize=100 (Caused by NewConnectionError("HTTPConnection(host='host.docker.internal', port=5007): Failed to establish a new connection: [Errno 101] Network is unreachable"))
ERROR:app.main:[a0115c01-ca3a-4ca1-af12-d5bdbeac4b14] Unhandled exception on /api/ai/dashboard/trends: 'FomsClient' object has no attribute 'get_clients'
  + Exception Group Traceback (most recent call last):
  |   File "/usr/local/lib/python3.10/site-packages/starlette/_utils.py", line 85, in create_collapsing_task_group
  |     async with anyio.create_task_group() as tg:
  |   File "/usr/local/lib/python3.10/site-packages/anyio/_backends/_asyncio.py", line 815, in __aexit__
  |     raise BaseExceptionGroup(
  | exceptiongroup.ExceptionGroup: unhandled errors in a TaskGroup (1 sub-exception)
  +-+---------------- 1 ----------------
    | Traceback (most recent call last):
    |   File "/usr/local/lib/python3.10/site-packages/starlette/middleware/errors.py", line 164, in __call__
    |     await self.app(scope, receive, _send)
    |   File "/usr/local/lib/python3.10/site-packages/starlette/middleware/base.py", line 193, in __call__
    |     response = await self.dispatch_func(request, call_next)
    |   File "/app/app/main.py", line 116, in add_security_headers
    |     response = await call_next(request)
    |   File "/usr/local/lib/python3.10/site-packages/starlette/middleware/base.py", line 168, in call_next
    |     raise app_exc from app_exc.__cause__ or app_exc.__context__
    |   File "/usr/local/lib/python3.10/site-packages/starlette/middleware/base.py", line 144, in coro
    |     await self.app(scope, receive_or_disconnect, send_no_error)
    |   File "/usr/local/lib/python3.10/site-packages/starlette/middleware/base.py", line 193, in __call__
    |     response = await self.dispatch_func(request, call_next)
    |   File "/app/app/main.py", line 109, in verify_gateway_api_key
    |     response = await call_next(request)
    |   File "/usr/local/lib/python3.10/site-packages/starlette/middleware/base.py", line 168, in call_next
    |     raise app_exc from app_exc.__cause__ or app_exc.__context__
    |   File "/usr/local/lib/python3.10/site-packages/starlette/middleware/base.py", line 144, in coro
    |     await self.app(scope, receive_or_disconnect, send_no_error)
    |   File "/usr/local/lib/python3.10/site-packages/starlette/middleware/cors.py", line 88, in __call__
    |     await self.app(scope, receive, send)
    |   File "/usr/local/lib/python3.10/site-packages/starlette/middleware/exceptions.py", line 63, in __call__
    |     await wrap_app_handling_exceptions(self.app, conn)(scope, receive, send)
    |   File "/usr/local/lib/python3.10/site-packages/starlette/_exception_handler.py", line 53, in wrapped_app
    |     raise exc
    |   File "/usr/local/lib/python3.10/site-packages/starlette/_exception_handler.py", line 42, in wrapped_app
    |     await app(scope, receive, sender)
    |   File "/usr/local/lib/python3.10/site-packages/fastapi/middleware/asyncexitstack.py", line 18, in __call__
    |     await self.app(scope, receive, send)
    |   File "/usr/local/lib/python3.10/site-packages/starlette/routing.py", line 660, in __call__
    |     await self.middleware_stack(scope, receive, send)
    |   File "/usr/local/lib/python3.10/site-packages/fastapi/routing.py", line 2692, in app
    |     await route.handle(scope, receive, send)
    |   File "/usr/local/lib/python3.10/site-packages/fastapi/routing.py", line 1773, in handle
    |     await self.original_router.handle(scope, receive, send)
    |   File "/usr/local/lib/python3.10/site-packages/fastapi/routing.py", line 2747, in handle
    |     await included_router._handle_selected(scope, receive, send)
    |   File "/usr/local/lib/python3.10/site-packages/fastapi/routing.py", line 1793, in _handle_selected
    |     await original_route.handle(scope, receive, send)
    |   File "/usr/local/lib/python3.10/site-packages/fastapi/routing.py", line 1272, in handle
    |     await app(scope, receive, send)
    |   File "/usr/local/lib/python3.10/site-packages/fastapi/routing.py", line 156, in app
    |     await wrap_app_handling_exceptions(app, request)(scope, receive, send)
    |   File "/usr/local/lib/python3.10/site-packages/starlette/_exception_handler.py", line 53, in wrapped_app
    |     raise exc
    |   File "/usr/local/lib/python3.10/site-packages/starlette/_exception_handler.py", line 42, in wrapped_app
    |     await app(scope, receive, sender)
    |   File "/usr/local/lib/python3.10/site-packages/fastapi/routing.py", line 142, in app
    |     response = await f(request)
    |   File "/usr/local/lib/python3.10/site-packages/fastapi/routing.py", line 698, in app
    |     raw_response = await run_endpoint_function(
    |   File "/usr/local/lib/python3.10/site-packages/fastapi/routing.py", line 352, in run_endpoint_function
    |     return await run_in_threadpool(dependant.call, **values)
    |   File "/usr/local/lib/python3.10/site-packages/starlette/concurrency.py", line 34, in run_in_threadpool
    |     return await anyio.to_thread.run_sync(func)
    |   File "/usr/local/lib/python3.10/site-packages/anyio/to_thread.py", line 65, in run_sync
    |     return await get_async_backend().run_sync_in_worker_thread(
    |   File "/usr/local/lib/python3.10/site-packages/anyio/_backends/_asyncio.py", line 2641, in run_sync_in_worker_thread
    |     return await future
    |   File "/usr/local/lib/python3.10/site-packages/anyio/_backends/_asyncio.py", line 1033, in run
    |     result = context.run(func, *args)
    |   File "/app/app/api/routes/dashboard_routes.py", line 131, in get_trends
    |     clients = client.get_clients()
    | AttributeError: 'FomsClient' object has no attribute 'get_clients'. Did you mean: 'get_payments'?
    +------------------------------------

The above exception was the direct cause of the following exception:

Traceback (most recent call last):
  File "/usr/local/lib/python3.10/site-packages/starlette/middleware/errors.py", line 164, in __call__
    await self.app(scope, receive, _send)
  File "/usr/local/lib/python3.10/site-packages/starlette/middleware/base.py", line 193, in __call__
    response = await self.dispatch_func(request, call_next)
  File "/app/app/main.py", line 116, in add_security_headers
    response = await call_next(request)
  File "/usr/local/lib/python3.10/site-packages/starlette/middleware/base.py", line 168, in call_next
    raise app_exc from app_exc.__cause__ or app_exc.__context__
  File "/usr/local/lib/python3.10/site-packages/starlette/middleware/base.py", line 144, in coro
    await self.app(scope, receive_or_disconnect, send_no_error)
  File "/usr/local/lib/python3.10/site-packages/starlette/middleware/base.py", line 193, in __call__
    response = await self.dispatch_func(request, call_next)
  File "/app/app/main.py", line 109, in verify_gateway_api_key
    response = await call_next(request)
  File "/usr/local/lib/python3.10/site-packages/starlette/middleware/base.py", line 168, in call_next
    raise app_exc from app_exc.__cause__ or app_exc.__context__
  File "/usr/local/lib/python3.10/site-packages/starlette/middleware/base.py", line 144, in coro
    await self.app(scope, receive_or_disconnect, send_no_error)
  File "/usr/local/lib/python3.10/site-packages/starlette/middleware/cors.py", line 88, in __call__
    await self.app(scope, receive, send)
  File "/usr/local/lib/python3.10/site-packages/starlette/middleware/exceptions.py", line 63, in __call__
    await wrap_app_handling_exceptions(self.app, conn)(scope, receive, send)
  File "/usr/local/lib/python3.10/site-packages/starlette/_exception_handler.py", line 53, in wrapped_app
    raise exc
  File "/usr/local/lib/python3.10/site-packages/starlette/_exception_handler.py", line 42, in wrapped_app
    await app(scope, receive, sender)
  File "/usr/local/lib/python3.10/site-packages/fastapi/middleware/asyncexitstack.py", line 18, in __call__
    await self.app(scope, receive, send)
  File "/usr/local/lib/python3.10/site-packages/starlette/routing.py", line 660, in __call__
    await self.middleware_stack(scope, receive, send)
  File "/usr/local/lib/python3.10/site-packages/fastapi/routing.py", line 2692, in app
    await route.handle(scope, receive, send)
  File "/usr/local/lib/python3.10/site-packages/fastapi/routing.py", line 1773, in handle
    await self.original_router.handle(scope, receive, send)
  File "/usr/local/lib/python3.10/site-packages/fastapi/routing.py", line 2747, in handle
    await included_router._handle_selected(scope, receive, send)
  File "/usr/local/lib/python3.10/site-packages/fastapi/routing.py", line 1793, in _handle_selected
    await original_route.handle(scope, receive, send)
  File "/usr/local/lib/python3.10/site-packages/fastapi/routing.py", line 1272, in handle
    await app(scope, receive, send)
  File "/usr/local/lib/python3.10/site-packages/fastapi/routing.py", line 156, in app
    await wrap_app_handling_exceptions(app, request)(scope, receive, send)
  File "/usr/local/lib/python3.10/site-packages/starlette/_exception_handler.py", line 53, in wrapped_app
    raise exc
  File "/usr/local/lib/python3.10/site-packages/starlette/_exception_handler.py", line 42, in wrapped_app
    await app(scope, receive, sender)
  File "/usr/local/lib/python3.10/site-packages/fastapi/routing.py", line 142, in app
    response = await f(request)
  File "/usr/local/lib/python3.10/site-packages/fastapi/routing.py", line 698, in app
    raw_response = await run_endpoint_function(
  File "/usr/local/lib/python3.10/site-packages/fastapi/routing.py", line 352, in run_endpoint_function
    return await run_in_threadpool(dependant.call, **values)
  File "/usr/local/lib/python3.10/site-packages/starlette/concurrency.py", line 34, in run_in_threadpool
    return await anyio.to_thread.run_sync(func)
  File "/usr/local/lib/python3.10/site-packages/anyio/to_thread.py", line 65, in run_sync
    return await get_async_backend().run_sync_in_worker_thread(
  File "/usr/local/lib/python3.10/site-packages/anyio/_backends/_asyncio.py", line 2641, in run_sync_in_worker_thread
    return await future
  File "/usr/local/lib/python3.10/site-packages/anyio/_backends/_asyncio.py", line 1033, in run
    result = context.run(func, *args)
  File "/app/app/api/routes/dashboard_routes.py", line 131, in get_trends
    clients = client.get_clients()
AttributeError: 'FomsClient' object has no attribute 'get_clients'. Did you mean: 'get_payments'?
ERROR:foms_client:Error fetching from FOMS API /api/ai-data/accounts-receivable: HTTPConnectionPool(host='host.docker.internal', port=5007): Max retries exceeded with url: /api/ai-data/accounts-receivable?page=1&pageSize=100 (Caused by NewConnectionError("HTTPConnection(host='host.docker.internal', port=5007): Failed to establish a new connection: [Errno 101] Network is unreachable"))
ERROR:foms_client:Error fetching from FOMS API /api/ai-data/invoices: HTTPConnectionPool(host='host.docker.internal', port=5007): Max retries exceeded with url: /api/ai-data/invoices?page=1&pageSize=100 (Caused by NewConnectionError("HTTPConnection(host='host.docker.internal', port=5007): Failed to establish a new connection: [Errno 101] Network is unreachable"))
ERROR:foms_client:Error fetching from FOMS API /api/ai-data/accounts-receivable: HTTPConnectionPool(host='host.docker.internal', port=5007): Max retries exceeded with url: /api/ai-data/accounts-receivable?page=1&pageSize=100 (Caused by NewConnectionError("HTTPConnection(host='host.docker.internal', port=5007): Failed to establish a new connection: [Errno 101] Network is unreachable"))
ERROR:foms_client:Error fetching from FOMS API /api/ai-data/invoices: HTTPConnectionPool(host='host.docker.internal', port=5007): Max retries exceeded with url: /api/ai-data/invoices?page=1&pageSize=100 (Caused by NewConnectionError("HTTPConnection(host='host.docker.internal', port=5007): Failed to establish a new connection: [Errno 101] Network is unreachable"))
ERROR:foms_client:Error fetching from FOMS API /api/ai-data/accounts-receivable: HTTPConnectionPool(host='host.docker.internal', port=5007): Max retries exceeded with url: /api/ai-data/accounts-receivable?page=1&pageSize=100 (Caused by NewConnectionError("HTTPConnection(host='host.docker.internal', port=5007): Failed to establish a new connection: [Errno 101] Network is unreachable"))
ERROR:foms_client:Error fetching from FOMS API /api/ai-data/invoices: HTTPConnectionPool(host='host.docker.internal', port=5007): Max retries exceeded with url: /api/ai-data/invoices?page=1&pageSize=100 (Caused by NewConnectionError("HTTPConnection(host='host.docker.internal', port=5007): Failed to establish a new connection: [Errno 101] Network is unreachable"))
ERROR:foms_client:Error fetching from FOMS API /api/ai-data/accounts-receivable: HTTPConnectionPool(host='host.docker.internal', port=5007): Max retries exceeded with url: /api/ai-data/accounts-receivable?page=1&pageSize=100 (Caused by NewConnectionError("HTTPConnection(host='host.docker.internal', port=5007): Failed to establish a new connection: [Errno 101] Network is unreachable"))
ERROR:foms_client:Error fetching from FOMS API /api/ai-data/invoices: HTTPConnectionPool(host='host.docker.internal', port=5007): Max retries exceeded with url: /api/ai-data/invoices?page=1&pageSize=100 (Caused by NewConnectionError("HTTPConnection(host='host.docker.internal', port=5007): Failed to establish a new connection: [Errno 101] Network is unreachable"))
ERROR:foms_client:Error fetching from FOMS API /api/ai-data/accounts-receivable: HTTPConnectionPool(host='host.docker.internal', port=5007): Max retries exceeded with url: /api/ai-data/accounts-receivable?page=1&pageSize=100 (Caused by NewConnectionError("HTTPConnection(host='host.docker.internal', port=5007): Failed to establish a new connection: [Errno 101] Network is unreachable"))
ERROR:foms_client:Error fetching from FOMS API /api/ai-data/invoices: HTTPConnectionPool(host='host.docker.internal', port=5007): Max retries exceeded with url: /api/ai-data/invoices?page=1&pageSize=100 (Caused by NewConnectionError("HTTPConnection(host='host.docker.internal', port=5007): Failed to establish a new connection: [Errno 101] Network is unreachable"))
ERROR:foms_client:Error fetching from FOMS API /api/ai-data/invoices: HTTPConnectionPool(host='host.docker.internal', port=5007): Max retries exceeded with url: /api/ai-data/invoices?page=1&pageSize=100 (Caused by NewConnectionError("HTTPConnection(host='host.docker.internal', port=5007): Failed to establish a new connection: [Errno 101] Network is unreachable"))
ERROR:foms_client:Error fetching from FOMS API /api/ai-data/invoices: HTTPConnectionPool(host='host.docker.internal', port=5007): Max retries exceeded with url: /api/ai-data/invoices?page=1&pageSize=100 (Caused by NewConnectionError("HTTPConnection(host='host.docker.internal', port=5007): Failed to establish a new connection: [Errno 101] Network is unreachable"))
ERROR:foms_client:Error fetching from FOMS API /api/ai-data/invoices: HTTPConnectionPool(host='host.docker.internal', port=5007): Max retries exceeded with url: /api/ai-data/invoices?page=1&pageSize=100 (Caused by NewConnectionError("HTTPConnection(host='host.docker.internal', port=5007): Failed to establish a new connection: [Errno 101] Network is unreachable"))
ERROR:foms_client:Error fetching from FOMS API /api/ai-data/invoices: HTTPConnectionPool(host='host.docker.internal', port=5007): Max retries exceeded with url: /api/ai-data/invoices?page=1&pageSize=100 (Caused by NewConnectionError("HTTPConnection(host='host.docker.internal', port=5007): Failed to establish a new connection: [Errno 101] Network is unreachable"))
ERROR:foms_client:Error fetching from FOMS API /api/ai-data/invoices: HTTPConnectionPool(host='host.docker.internal', port=5007): Max retries exceeded with url: /api/ai-data/invoices?page=1&pageSize=100 (Caused by NewConnectionError("HTTPConnection(host='host.docker.internal', port=5007): Failed to establish a new connection: [Errno 101] Network is unreachable"))
ERROR:app.main:[f791f130-256d-458b-ba80-79b4bdfe49c6] Unhandled exception on /api/ai/dashboard/trends: 'FomsClient' object has no attribute 'get_clients'
  + Exception Group Traceback (most recent call last):
  |   File "/usr/local/lib/python3.10/site-packages/starlette/_utils.py", line 85, in create_collapsing_task_group
  |     async with anyio.create_task_group() as tg:
  |   File "/usr/local/lib/python3.10/site-packages/anyio/_backends/_asyncio.py", line 815, in __aexit__
  |     raise BaseExceptionGroup(
  | exceptiongroup.ExceptionGroup: unhandled errors in a TaskGroup (1 sub-exception)
  +-+---------------- 1 ----------------
    | Traceback (most recent call last):
    |   File "/usr/local/lib/python3.10/site-packages/starlette/middleware/errors.py", line 164, in __call__
    |     await self.app(scope, receive, _send)
    |   File "/usr/local/lib/python3.10/site-packages/starlette/middleware/base.py", line 193, in __call__
    |     response = await self.dispatch_func(request, call_next)
    |   File "/app/app/main.py", line 116, in add_security_headers
    |     response = await call_next(request)
    |   File "/usr/local/lib/python3.10/site-packages/starlette/middleware/base.py", line 168, in call_next
    |     raise app_exc from app_exc.__cause__ or app_exc.__context__
    |   File "/usr/local/lib/python3.10/site-packages/starlette/middleware/base.py", line 144, in coro
    |     await self.app(scope, receive_or_disconnect, send_no_error)
    |   File "/usr/local/lib/python3.10/site-packages/starlette/middleware/base.py", line 193, in __call__
    |     response = await self.dispatch_func(request, call_next)
    |   File "/app/app/main.py", line 109, in verify_gateway_api_key
    |     response = await call_next(request)
    |   File "/usr/local/lib/python3.10/site-packages/starlette/middleware/base.py", line 168, in call_next
    |     raise app_exc from app_exc.__cause__ or app_exc.__context__
    |   File "/usr/local/lib/python3.10/site-packages/starlette/middleware/base.py", line 144, in coro
    |     await self.app(scope, receive_or_disconnect, send_no_error)
    |   File "/usr/local/lib/python3.10/site-packages/starlette/middleware/cors.py", line 88, in __call__
    |     await self.app(scope, receive, send)
    |   File "/usr/local/lib/python3.10/site-packages/starlette/middleware/exceptions.py", line 63, in __call__
    |     await wrap_app_handling_exceptions(self.app, conn)(scope, receive, send)
    |   File "/usr/local/lib/python3.10/site-packages/starlette/_exception_handler.py", line 53, in wrapped_app
    |     raise exc
    |   File "/usr/local/lib/python3.10/site-packages/starlette/_exception_handler.py", line 42, in wrapped_app
    |     await app(scope, receive, sender)
    |   File "/usr/local/lib/python3.10/site-packages/fastapi/middleware/asyncexitstack.py", line 18, in __call__
    |     await self.app(scope, receive, send)
    |   File "/usr/local/lib/python3.10/site-packages/starlette/routing.py", line 660, in __call__
    |     await self.middleware_stack(scope, receive, send)
    |   File "/usr/local/lib/python3.10/site-packages/fastapi/routing.py", line 2692, in app
    |     await route.handle(scope, receive, send)
    |   File "/usr/local/lib/python3.10/site-packages/fastapi/routing.py", line 1773, in handle
    |     await self.original_router.handle(scope, receive, send)
    |   File "/usr/local/lib/python3.10/site-packages/fastapi/routing.py", line 2747, in handle
    |     await included_router._handle_selected(scope, receive, send)
    |   File "/usr/local/lib/python3.10/site-packages/fastapi/routing.py", line 1793, in _handle_selected
    |     await original_route.handle(scope, receive, send)
    |   File "/usr/local/lib/python3.10/site-packages/fastapi/routing.py", line 1272, in handle
    |     await app(scope, receive, send)
    |   File "/usr/local/lib/python3.10/site-packages/fastapi/routing.py", line 156, in app
    |     await wrap_app_handling_exceptions(app, request)(scope, receive, send)
    |   File "/usr/local/lib/python3.10/site-packages/starlette/_exception_handler.py", line 53, in wrapped_app
    |     raise exc
    |   File "/usr/local/lib/python3.10/site-packages/starlette/_exception_handler.py", line 42, in wrapped_app
    |     await app(scope, receive, sender)
    |   File "/usr/local/lib/python3.10/site-packages/fastapi/routing.py", line 142, in app
    |     response = await f(request)
    |   File "/usr/local/lib/python3.10/site-packages/fastapi/routing.py", line 698, in app
    |     raw_response = await run_endpoint_function(
    |   File "/usr/local/lib/python3.10/site-packages/fastapi/routing.py", line 352, in run_endpoint_function
    |     return await run_in_threadpool(dependant.call, **values)
    |   File "/usr/local/lib/python3.10/site-packages/starlette/concurrency.py", line 34, in run_in_threadpool
    |     return await anyio.to_thread.run_sync(func)
    |   File "/usr/local/lib/python3.10/site-packages/anyio/to_thread.py", line 65, in run_sync
    |     return await get_async_backend().run_sync_in_worker_thread(
    |   File "/usr/local/lib/python3.10/site-packages/anyio/_backends/_asyncio.py", line 2641, in run_sync_in_worker_thread
    |     return await future
    |   File "/usr/local/lib/python3.10/site-packages/anyio/_backends/_asyncio.py", line 1033, in run
    |     result = context.run(func, *args)
    |   File "/app/app/api/routes/dashboard_routes.py", line 131, in get_trends
    |     clients = client.get_clients()
    | AttributeError: 'FomsClient' object has no attribute 'get_clients'. Did you mean: 'get_payments'?
    +------------------------------------

The above exception was the direct cause of the following exception:

Traceback (most recent call last):
  File "/usr/local/lib/python3.10/site-packages/starlette/middleware/errors.py", line 164, in __call__
    await self.app(scope, receive, _send)
  File "/usr/local/lib/python3.10/site-packages/starlette/middleware/base.py", line 193, in __call__
    response = await self.dispatch_func(request, call_next)
  File "/app/app/main.py", line 116, in add_security_headers
    response = await call_next(request)
  File "/usr/local/lib/python3.10/site-packages/starlette/middleware/base.py", line 168, in call_next
    raise app_exc from app_exc.__cause__ or app_exc.__context__
  File "/usr/local/lib/python3.10/site-packages/starlette/middleware/base.py", line 144, in coro
    await self.app(scope, receive_or_disconnect, send_no_error)
  File "/usr/local/lib/python3.10/site-packages/starlette/middleware/base.py", line 193, in __call__
    response = await self.dispatch_func(request, call_next)
  File "/app/app/main.py", line 109, in verify_gateway_api_key
    response = await call_next(request)
  File "/usr/local/lib/python3.10/site-packages/starlette/middleware/base.py", line 168, in call_next
    raise app_exc from app_exc.__cause__ or app_exc.__context__
  File "/usr/local/lib/python3.10/site-packages/starlette/middleware/base.py", line 144, in coro
    await self.app(scope, receive_or_disconnect, send_no_error)
  File "/usr/local/lib/python3.10/site-packages/starlette/middleware/cors.py", line 88, in __call__
    await self.app(scope, receive, send)
  File "/usr/local/lib/python3.10/site-packages/starlette/middleware/exceptions.py", line 63, in __call__
    await wrap_app_handling_exceptions(self.app, conn)(scope, receive, send)
  File "/usr/local/lib/python3.10/site-packages/starlette/_exception_handler.py", line 53, in wrapped_app
    raise exc
  File "/usr/local/lib/python3.10/site-packages/starlette/_exception_handler.py", line 42, in wrapped_app
    await app(scope, receive, sender)
  File "/usr/local/lib/python3.10/site-packages/fastapi/middleware/asyncexitstack.py", line 18, in __call__
    await self.app(scope, receive, send)
  File "/usr/local/lib/python3.10/site-packages/starlette/routing.py", line 660, in __call__
    await self.middleware_stack(scope, receive, send)
  File "/usr/local/lib/python3.10/site-packages/fastapi/routing.py", line 2692, in app
    await route.handle(scope, receive, send)
  File "/usr/local/lib/python3.10/site-packages/fastapi/routing.py", line 1773, in handle
    await self.original_router.handle(scope, receive, send)
  File "/usr/local/lib/python3.10/site-packages/fastapi/routing.py", line 2747, in handle
    await included_router._handle_selected(scope, receive, send)
  File "/usr/local/lib/python3.10/site-packages/fastapi/routing.py", line 1793, in _handle_selected
    await original_route.handle(scope, receive, send)
  File "/usr/local/lib/python3.10/site-packages/fastapi/routing.py", line 1272, in handle
    await app(scope, receive, send)
  File "/usr/local/lib/python3.10/site-packages/fastapi/routing.py", line 156, in app
    await wrap_app_handling_exceptions(app, request)(scope, receive, send)
  File "/usr/local/lib/python3.10/site-packages/starlette/_exception_handler.py", line 53, in wrapped_app
    raise exc
  File "/usr/local/lib/python3.10/site-packages/starlette/_exception_handler.py", line 42, in wrapped_app
    await app(scope, receive, sender)
  File "/usr/local/lib/python3.10/site-packages/fastapi/routing.py", line 142, in app
    response = await f(request)
  File "/usr/local/lib/python3.10/site-packages/fastapi/routing.py", line 698, in app
    raw_response = await run_endpoint_function(
  File "/usr/local/lib/python3.10/site-packages/fastapi/routing.py", line 352, in run_endpoint_function
    return await run_in_threadpool(dependant.call, **values)
  File "/usr/local/lib/python3.10/site-packages/starlette/concurrency.py", line 34, in run_in_threadpool
    return await anyio.to_thread.run_sync(func)
  File "/usr/local/lib/python3.10/site-packages/anyio/to_thread.py", line 65, in run_sync
    return await get_async_backend().run_sync_in_worker_thread(
  File "/usr/local/lib/python3.10/site-packages/anyio/_backends/_asyncio.py", line 2641, in run_sync_in_worker_thread
    return await future
  File "/usr/local/lib/python3.10/site-packages/anyio/_backends/_asyncio.py", line 1033, in run
    result = context.run(func, *args)
  File "/app/app/api/routes/dashboard_routes.py", line 131, in get_trends
    clients = client.get_clients()
AttributeError: 'FomsClient' object has no attribute 'get_clients'. Did you mean: 'get_payments'?
ERROR:foms_client:Error fetching from FOMS API /api/ai-data/accounts-receivable: HTTPConnectionPool(host='host.docker.internal', port=5007): Max retries exceeded with url: /api/ai-data/accounts-receivable?page=1&pageSize=100 (Caused by NewConnectionError("HTTPConnection(host='host.docker.internal', port=5007): Failed to establish a new connection: [Errno 101] Network is unreachable"))
ERROR:foms_client:Error fetching from FOMS API /api/ai-data/invoices: HTTPConnectionPool(host='host.docker.internal', port=5007): Max retries exceeded with url: /api/ai-data/invoices?page=1&pageSize=100 (Caused by NewConnectionError("HTTPConnection(host='host.docker.internal', port=5007): Failed to establish a new connection: [Errno 101] Network is unreachable"))
ERROR:foms_client:Error fetching from FOMS API /api/ai-data/accounts-receivable: HTTPConnectionPool(host='host.docker.internal', port=5007): Max retries exceeded with url: /api/ai-data/accounts-receivable?page=1&pageSize=100 (Caused by NewConnectionError("HTTPConnection(host='host.docker.internal', port=5007): Failed to establish a new connection: [Errno 101] Network is unreachable"))
ERROR:foms_client:Error fetching from FOMS API /api/ai-data/invoices: HTTPConnectionPool(host='host.docker.internal', port=5007): Max retries exceeded with url: /api/ai-data/invoices?page=1&pageSize=100 (Caused by NewConnectionError("HTTPConnection(host='host.docker.internal', port=5007): Failed to establish a new connection: [Errno 101] Network is unreachable"))
ERROR:foms_client:Error fetching from FOMS API /api/ai-data/accounts-receivable: HTTPConnectionPool(host='host.docker.internal', port=5007): Max retries exceeded with url: /api/ai-data/accounts-receivable?page=1&pageSize=100 (Caused by NewConnectionError("HTTPConnection(host='host.docker.internal', port=5007): Failed to establish a new connection: [Errno 101] Network is unreachable"))
ERROR:foms_client:Error fetching from FOMS API /api/ai-data/invoices: HTTPConnectionPool(host='host.docker.internal', port=5007): Max retries exceeded with url: /api/ai-data/invoices?page=1&pageSize=100 (Caused by NewConnectionError("HTTPConnection(host='host.docker.internal', port=5007): Failed to establish a new connection: [Errno 101] Network is unreachable"))
ERROR:foms_client:Error fetching from FOMS API /api/ai-data/accounts-receivable: HTTPConnectionPool(host='host.docker.internal', port=5007): Max retries exceeded with url: /api/ai-data/accounts-receivable?page=1&pageSize=100 (Caused by NewConnectionError("HTTPConnection(host='host.docker.internal', port=5007): Failed to establish a new connection: [Errno 101] Network is unreachable"))
ERROR:foms_client:Error fetching from FOMS API /api/ai-data/invoices: HTTPConnectionPool(host='host.docker.internal', port=5007): Max retries exceeded with url: /api/ai-data/invoices?page=1&pageSize=100 (Caused by NewConnectionError("HTTPConnection(host='host.docker.internal', port=5007): Failed to establish a new connection: [Errno 101] Network is unreachable"))
ERROR:foms_client:Error fetching from FOMS API /api/ai-data/accounts-receivable: HTTPConnectionPool(host='host.docker.internal', port=5007): Max retries exceeded with url: /api/ai-data/accounts-receivable?page=1&pageSize=100 (Caused by NewConnectionError("HTTPConnection(host='host.docker.internal', port=5007): Failed to establish a new connection: [Errno 101] Network is unreachable"))
ERROR:foms_client:Error fetching from FOMS API /api/ai-data/invoices: HTTPConnectionPool(host='host.docker.internal', port=5007): Max retries exceeded with url: /api/ai-data/invoices?page=1&pageSize=100 (Caused by NewConnectionError("HTTPConnection(host='host.docker.internal', port=5007): Failed to establish a new connection: [Errno 101] Network is unreachable"))
ERROR:foms_client:Error fetching from FOMS API /api/ai-data/accounts-receivable: HTTPConnectionPool(host='host.docker.internal', port=5007): Max retries exceeded with url: /api/ai-data/accounts-receivable?page=1&pageSize=100 (Caused by NewConnectionError("HTTPConnection(host='host.docker.internal', port=5007): Failed to establish a new connection: [Errno 101] Network is unreachable"))
ERROR:foms_client:Error fetching from FOMS API /api/ai-data/invoices: HTTPConnectionPool(host='host.docker.internal', port=5007): Max retries exceeded with url: /api/ai-data/invoices?page=1&pageSize=100 (Caused by NewConnectionError("HTTPConnection(host='host.docker.internal', port=5007): Failed to establish a new connection: [Errno 101] Network is unreachable"))
ERROR:foms_client:Error fetching from FOMS API /api/ai-data/accounts-receivable: HTTPConnectionPool(host='host.docker.internal', port=5007): Max retries exceeded with url: /api/ai-data/accounts-receivable?page=1&pageSize=100 (Caused by NewConnectionError("HTTPConnection(host='host.docker.internal', port=5007): Failed to establish a new connection: [Errno 101] Network is unreachable"))
ERROR:foms_client:Error fetching from FOMS API /api/ai-data/invoices: HTTPConnectionPool(host='host.docker.internal', port=5007): Max retries exceeded with url: /api/ai-data/invoices?page=1&pageSize=100 (Caused by NewConnectionError("HTTPConnection(host='host.docker.internal', port=5007): Failed to establish a new connection: [Errno 101] Network is unreachable"))
ERROR:foms_client:Error fetching from FOMS API /api/ai-data/accounts-receivable: HTTPConnectionPool(host='host.docker.internal', port=5007): Max retries exceeded with url: /api/ai-data/accounts-receivable?page=1&pageSize=100 (Caused by NewConnectionError("HTTPConnection(host='host.docker.internal', port=5007): Failed to establish a new connection: [Errno 101] Network is unreachable"))
ERROR:foms_client:Error fetching from FOMS API /api/ai-data/invoices: HTTPConnectionPool(host='host.docker.internal', port=5007): Max retries exceeded with url: /api/ai-data/invoices?page=1&pageSize=100 (Caused by NewConnectionError("HTTPConnection(host='host.docker.internal', port=5007): Failed to establish a new connection: [Errno 101] Network is unreachable"))
ERROR:foms_client:Error fetching from FOMS API /api/ai-data/accounts-receivable: HTTPConnectionPool(host='host.docker.internal', port=5007): Max retries exceeded with url: /api/ai-data/accounts-receivable?page=1&pageSize=100 (Caused by NewConnectionError("HTTPConnection(host='host.docker.internal', port=5007): Failed to establish a new connection: [Errno 101] Network is unreachable"))
ERROR:foms_client:Error fetching from FOMS API /api/ai-data/invoices: HTTPConnectionPool(host='host.docker.internal', port=5007): Max retries exceeded with url: /api/ai-data/invoices?page=1&pageSize=100 (Caused by NewConnectionError("HTTPConnection(host='host.docker.internal', port=5007): Failed to establish a new connection: [Errno 101] Network is unreachable"))
ERROR:foms_client:Error fetching from FOMS API /api/ai-data/accounts-receivable: HTTPConnectionPool(host='host.docker.internal', port=5007): Max retries exceeded with url: /api/ai-data/accounts-receivable?page=1&pageSize=100 (Caused by NewConnectionError("HTTPConnection(host='host.docker.internal', port=5007): Failed to establish a new connection: [Errno 101] Network is unreachable"))
ERROR:foms_client:Error fetching from FOMS API /api/ai-data/invoices: HTTPConnectionPool(host='host.docker.internal', port=5007): Max retries exceeded with url: /api/ai-data/invoices?page=1&pageSize=100 (Caused by NewConnectionError("HTTPConnection(host='host.docker.internal', port=5007): Failed to establish a new connection: [Errno 101] Network is unreachable"))
ERROR:foms_client:Error fetching from FOMS API /api/ai-data/accounts-receivable: HTTPConnectionPool(host='host.docker.internal', port=5007): Max retries exceeded with url: /api/ai-data/accounts-receivable?page=1&pageSize=100 (Caused by NewConnectionError("HTTPConnection(host='host.docker.internal', port=5007): Failed to establish a new connection: [Errno 101] Network is unreachable"))
ERROR:foms_client:Error fetching from FOMS API /api/ai-data/invoices: HTTPConnectionPool(host='host.docker.internal', port=5007): Max retries exceeded with url: /api/ai-data/invoices?page=1&pageSize=100 (Caused by NewConnectionError("HTTPConnection(host='host.docker.internal', port=5007): Failed to establish a new connection: [Errno 101] Network is unreachable"))
ERROR:foms_client:Error fetching from FOMS API /api/ai-data/accounts-receivable: HTTPConnectionPool(host='host.docker.internal', port=5007): Max retries exceeded with url: /api/ai-data/accounts-receivable?page=1&pageSize=100 (Caused by NewConnectionError("HTTPConnection(host='host.docker.internal', port=5007): Failed to establish a new connection: [Errno 101] Network is unreachable"))
ERROR:foms_client:Error fetching from FOMS API /api/ai-data/invoices: HTTPConnectionPool(host='host.docker.internal', port=5007): Max retries exceeded with url: /api/ai-data/invoices?page=1&pageSize=100 (Caused by NewConnectionError("HTTPConnection(host='host.docker.internal', port=5007): Failed to establish a new connection: [Errno 101] Network is unreachable"))
ERROR:foms_client:Error fetching from FOMS API /api/ai-data/accounts-receivable: HTTPConnectionPool(host='host.docker.internal', port=5007): Max retries exceeded with url: /api/ai-data/accounts-receivable?page=1&pageSize=100 (Caused by NewConnectionError("HTTPConnection(host='host.docker.internal', port=5007): Failed to establish a new connection: [Errno 101] Network is unreachable"))
ERROR:foms_client:Error fetching from FOMS API /api/ai-data/invoices: HTTPConnectionPool(host='host.docker.internal', port=5007): Max retries exceeded with url: /api/ai-data/invoices?page=1&pageSize=100 (Caused by NewConnectionError("HTTPConnection(host='host.docker.internal', port=5007): Failed to establish a new connection: [Errno 101] Network is unreachable"))
ERROR:foms_client:Error fetching from FOMS API /api/ai-data/accounts-receivable: HTTPConnectionPool(host='host.docker.internal', port=5007): Max retries exceeded with url: /api/ai-data/accounts-receivable?page=1&pageSize=100 (Caused by NewConnectionError("HTTPConnection(host='host.docker.internal', port=5007): Failed to establish a new connection: [Errno 101] Network is unreachable"))
ERROR:foms_client:Error fetching from FOMS API /api/ai-data/invoices: HTTPConnectionPool(host='host.docker.internal', port=5007): Max retries exceeded with url: /api/ai-data/invoices?page=1&pageSize=100 (Caused by NewConnectionError("HTTPConnection(host='host.docker.internal', port=5007): Failed to establish a new connection: [Errno 101] Network is unreachable"))
ERROR:foms_client:Error fetching from FOMS API /api/ai-data/accounts-receivable: HTTPConnectionPool(host='host.docker.internal', port=5007): Max retries exceeded with url: /api/ai-data/accounts-receivable?page=1&pageSize=100 (Caused by NewConnectionError("HTTPConnection(host='host.docker.internal', port=5007): Failed to establish a new connection: [Errno 101] Network is unreachable"))
ERROR:foms_client:Error fetching from FOMS API /api/ai-data/invoices: HTTPConnectionPool(host='host.docker.internal', port=5007): Max retries exceeded with url: /api/ai-data/invoices?page=1&pageSize=100 (Caused by NewConnectionError("HTTPConnection(host='host.docker.internal', port=5007): Failed to establish a new connection: [Errno 101] Network is unreachable"))
ERROR:foms_client:Error fetching from FOMS API /api/ai-data/accounts-receivable: HTTPConnectionPool(host='host.docker.internal', port=5007): Max retries exceeded with url: /api/ai-data/accounts-receivable?page=1&pageSize=100 (Caused by NewConnectionError("HTTPConnection(host='host.docker.internal', port=5007): Failed to establish a new connection: [Errno 101] Network is unreachable"))
ERROR:foms_client:Error fetching from FOMS API /api/ai-data/invoices: HTTPConnectionPool(host='host.docker.internal', port=5007): Max retries exceeded with url: /api/ai-data/invoices?page=1&pageSize=100 (Caused by NewConnectionError("HTTPConnection(host='host.docker.internal', port=5007): Failed to establish a new connection: [Errno 101] Network is unreachable"))
ERROR:foms_client:Error fetching from FOMS API /api/ai-data/accounts-receivable: HTTPConnectionPool(host='host.docker.internal', port=5007): Max retries exceeded with url: /api/ai-data/accounts-receivable?page=1&pageSize=100 (Caused by NewConnectionError("HTTPConnection(host='host.docker.internal', port=5007): Failed to establish a new connection: [Errno 101] Network is unreachable"))
ERROR:foms_client:Error fetching from FOMS API /api/ai-data/invoices: HTTPConnectionPool(host='host.docker.internal', port=5007): Max retries exceeded with url: /api/ai-data/invoices?page=1&pageSize=100 (Caused by NewConnectionError("HTTPConnection(host='host.docker.internal', port=5007): Failed to establish a new connection: [Errno 101] Network is unreachable"))
ERROR:foms_client:Error fetching from FOMS API /api/ai-data/accounts-receivable: HTTPConnectionPool(host='host.docker.internal', port=5007): Max retries exceeded with url: /api/ai-data/accounts-receivable?page=1&pageSize=100 (Caused by NewConnectionError("HTTPConnection(host='host.docker.internal', port=5007): Failed to establish a new connection: [Errno 101] Network is unreachable"))
ERROR:foms_client:Error fetching from FOMS API /api/ai-data/invoices: HTTPConnectionPool(host='host.docker.internal', port=5007): Max retries exceeded with url: /api/ai-data/invoices?page=1&pageSize=100 (Caused by NewConnectionError("HTTPConnection(host='host.docker.internal', port=5007): Failed to establish a new connection: [Errno 101] Network is unreachable"))
ERROR:foms_client:Error fetching from FOMS API /api/ai-data/accounts-receivable: HTTPConnectionPool(host='host.docker.internal', port=5007): Max retries exceeded with url: /api/ai-data/accounts-receivable?page=1&pageSize=100 (Caused by NewConnectionError("HTTPConnection(host='host.docker.internal', port=5007): Failed to establish a new connection: [Errno 101] Network is unreachable"))
ERROR:foms_client:Error fetching from FOMS API /api/ai-data/invoices: HTTPConnectionPool(host='host.docker.internal', port=5007): Max retries exceeded with url: /api/ai-data/invoices?page=1&pageSize=100 (Caused by NewConnectionError("HTTPConnection(host='host.docker.internal', port=5007): Failed to establish a new connection: [Errno 101] Network is unreachable"))
INFO:app.main:Shutting down AI Service...
INFO:app.main:Initializing AI Service...
ERROR:foms_client:Error fetching from FOMS API /api/ai-data/accounts-receivable: HTTPConnectionPool(host='host.docker.internal', port=5007): Max retries exceeded with url: /api/ai-data/accounts-receivable?page=1&pageSize=100 (Caused by NewConnectionError("HTTPConnection(host='host.docker.internal', port=5007): Failed to establish a new connection: [Errno 101] Network is unreachable"))
ERROR:foms_client:Error fetching from FOMS API /api/ai-data/invoices: HTTPConnectionPool(host='host.docker.internal', port=5007): Max retries exceeded with url: /api/ai-data/invoices?page=1&pageSize=100 (Caused by NewConnectionError("HTTPConnection(host='host.docker.internal', port=5007): Failed to establish a new connection: [Errno 101] Network is unreachable"))
ERROR:foms_client:Error fetching from FOMS API /api/ai-data/invoices: HTTPConnectionPool(host='host.docker.internal', port=5007): Max retries exceeded with url: /api/ai-data/invoices?page=1&pageSize=100 (Caused by NewConnectionError("HTTPConnection(host='host.docker.internal', port=5007): Failed to establish a new connection: [Errno 101] Network is unreachable"))
ERROR:foms_client:Error fetching from FOMS API /api/ai-data/invoices: HTTPConnectionPool(host='host.docker.internal', port=5007): Max retries exceeded with url: /api/ai-data/invoices?page=1&pageSize=100 (Caused by NewConnectionError("HTTPConnection(host='host.docker.internal', port=5007): Failed to establish a new connection: [Errno 101] Network is unreachable"))
ERROR:foms_client:Error fetching from FOMS API /api/ai-data/invoices: HTTPConnectionPool(host='host.docker.internal', port=5007): Max retries exceeded with url: /api/ai-data/invoices?page=1&pageSize=100 (Caused by NewConnectionError("HTTPConnection(host='host.docker.internal', port=5007): Failed to establish a new connection: [Errno 101] Network is unreachable"))
ERROR:app.main:[afbfc6f3-1654-458c-9ffc-c7512f9c5314] Unhandled exception on /api/ai/dashboard/trends: 'FomsClient' object has no attribute 'get_clients'
  + Exception Group Traceback (most recent call last):
  |   File "/usr/local/lib/python3.10/site-packages/starlette/_utils.py", line 85, in create_collapsing_task_group
  |     async with anyio.create_task_group() as tg:
  |   File "/usr/local/lib/python3.10/site-packages/anyio/_backends/_asyncio.py", line 815, in __aexit__
  |     raise BaseExceptionGroup(
  | exceptiongroup.ExceptionGroup: unhandled errors in a TaskGroup (1 sub-exception)
  +-+---------------- 1 ----------------
    | Traceback (most recent call last):
    |   File "/usr/local/lib/python3.10/site-packages/starlette/middleware/errors.py", line 164, in __call__
    |     await self.app(scope, receive, _send)
    |   File "/usr/local/lib/python3.10/site-packages/starlette/middleware/base.py", line 193, in __call__
    |     response = await self.dispatch_func(request, call_next)
    |   File "/app/app/main.py", line 116, in add_security_headers
    |     response = await call_next(request)
    |   File "/usr/local/lib/python3.10/site-packages/starlette/middleware/base.py", line 168, in call_next
    |     raise app_exc from app_exc.__cause__ or app_exc.__context__
    |   File "/usr/local/lib/python3.10/site-packages/starlette/middleware/base.py", line 144, in coro
    |     await self.app(scope, receive_or_disconnect, send_no_error)
    |   File "/usr/local/lib/python3.10/site-packages/starlette/middleware/base.py", line 193, in __call__
    |     response = await self.dispatch_func(request, call_next)
    |   File "/app/app/main.py", line 109, in verify_gateway_api_key
    |     response = await call_next(request)
    |   File "/usr/local/lib/python3.10/site-packages/starlette/middleware/base.py", line 168, in call_next
    |     raise app_exc from app_exc.__cause__ or app_exc.__context__
    |   File "/usr/local/lib/python3.10/site-packages/starlette/middleware/base.py", line 144, in coro
    |     await self.app(scope, receive_or_disconnect, send_no_error)
    |   File "/usr/local/lib/python3.10/site-packages/starlette/middleware/cors.py", line 88, in __call__
    |     await self.app(scope, receive, send)
    |   File "/usr/local/lib/python3.10/site-packages/starlette/middleware/exceptions.py", line 63, in __call__
    |     await wrap_app_handling_exceptions(self.app, conn)(scope, receive, send)
    |   File "/usr/local/lib/python3.10/site-packages/starlette/_exception_handler.py", line 53, in wrapped_app
    |     raise exc
    |   File "/usr/local/lib/python3.10/site-packages/starlette/_exception_handler.py", line 42, in wrapped_app
    |     await app(scope, receive, sender)
    |   File "/usr/local/lib/python3.10/site-packages/fastapi/middleware/asyncexitstack.py", line 18, in __call__
    |     await self.app(scope, receive, send)
    |   File "/usr/local/lib/python3.10/site-packages/starlette/routing.py", line 660, in __call__
    |     await self.middleware_stack(scope, receive, send)
    |   File "/usr/local/lib/python3.10/site-packages/fastapi/routing.py", line 2692, in app
    |     await route.handle(scope, receive, send)
    |   File "/usr/local/lib/python3.10/site-packages/fastapi/routing.py", line 1773, in handle
    |     await self.original_router.handle(scope, receive, send)
    |   File "/usr/local/lib/python3.10/site-packages/fastapi/routing.py", line 2747, in handle
    |     await included_router._handle_selected(scope, receive, send)
    |   File "/usr/local/lib/python3.10/site-packages/fastapi/routing.py", line 1793, in _handle_selected
    |     await original_route.handle(scope, receive, send)
    |   File "/usr/local/lib/python3.10/site-packages/fastapi/routing.py", line 1272, in handle
    |     await app(scope, receive, send)
    |   File "/usr/local/lib/python3.10/site-packages/fastapi/routing.py", line 156, in app
    |     await wrap_app_handling_exceptions(app, request)(scope, receive, send)
    |   File "/usr/local/lib/python3.10/site-packages/starlette/_exception_handler.py", line 53, in wrapped_app
    |     raise exc
    |   File "/usr/local/lib/python3.10/site-packages/starlette/_exception_handler.py", line 42, in wrapped_app
    |     await app(scope, receive, sender)
    |   File "/usr/local/lib/python3.10/site-packages/fastapi/routing.py", line 142, in app
    |     response = await f(request)
    |   File "/usr/local/lib/python3.10/site-packages/fastapi/routing.py", line 698, in app
    |     raw_response = await run_endpoint_function(
    |   File "/usr/local/lib/python3.10/site-packages/fastapi/routing.py", line 352, in run_endpoint_function
    |     return await run_in_threadpool(dependant.call, **values)
    |   File "/usr/local/lib/python3.10/site-packages/starlette/concurrency.py", line 34, in run_in_threadpool
    |     return await anyio.to_thread.run_sync(func)
    |   File "/usr/local/lib/python3.10/site-packages/anyio/to_thread.py", line 65, in run_sync
    |     return await get_async_backend().run_sync_in_worker_thread(
    |   File "/usr/local/lib/python3.10/site-packages/anyio/_backends/_asyncio.py", line 2641, in run_sync_in_worker_thread
    |     return await future
    |   File "/usr/local/lib/python3.10/site-packages/anyio/_backends/_asyncio.py", line 1033, in run
    |     result = context.run(func, *args)
    |   File "/app/app/api/routes/dashboard_routes.py", line 131, in get_trends
    |     clients = client.get_clients()
    | AttributeError: 'FomsClient' object has no attribute 'get_clients'. Did you mean: 'get_payments'?
    +------------------------------------

The above exception was the direct cause of the following exception:

Traceback (most recent call last):
  File "/usr/local/lib/python3.10/site-packages/starlette/middleware/errors.py", line 164, in __call__
    await self.app(scope, receive, _send)
  File "/usr/local/lib/python3.10/site-packages/starlette/middleware/base.py", line 193, in __call__
    response = await self.dispatch_func(request, call_next)
  File "/app/app/main.py", line 116, in add_security_headers
    response = await call_next(request)
  File "/usr/local/lib/python3.10/site-packages/starlette/middleware/base.py", line 168, in call_next
    raise app_exc from app_exc.__cause__ or app_exc.__context__
  File "/usr/local/lib/python3.10/site-packages/starlette/middleware/base.py", line 144, in coro
    await self.app(scope, receive_or_disconnect, send_no_error)
  File "/usr/local/lib/python3.10/site-packages/starlette/middleware/base.py", line 193, in __call__
    response = await self.dispatch_func(request, call_next)
  File "/app/app/main.py", line 109, in verify_gateway_api_key
    response = await call_next(request)
  File "/usr/local/lib/python3.10/site-packages/starlette/middleware/base.py", line 168, in call_next
    raise app_exc from app_exc.__cause__ or app_exc.__context__
  File "/usr/local/lib/python3.10/site-packages/starlette/middleware/base.py", line 144, in coro
    await self.app(scope, receive_or_disconnect, send_no_error)
  File "/usr/local/lib/python3.10/site-packages/starlette/middleware/cors.py", line 88, in __call__
    await self.app(scope, receive, send)
  File "/usr/local/lib/python3.10/site-packages/starlette/middleware/exceptions.py", line 63, in __call__
    await wrap_app_handling_exceptions(self.app, conn)(scope, receive, send)
  File "/usr/local/lib/python3.10/site-packages/starlette/_exception_handler.py", line 53, in wrapped_app
    raise exc
  File "/usr/local/lib/python3.10/site-packages/starlette/_exception_handler.py", line 42, in wrapped_app
    await app(scope, receive, sender)
  File "/usr/local/lib/python3.10/site-packages/fastapi/middleware/asyncexitstack.py", line 18, in __call__
    await self.app(scope, receive, send)
  File "/usr/local/lib/python3.10/site-packages/starlette/routing.py", line 660, in __call__
    await self.middleware_stack(scope, receive, send)
  File "/usr/local/lib/python3.10/site-packages/fastapi/routing.py", line 2692, in app
    await route.handle(scope, receive, send)
  File "/usr/local/lib/python3.10/site-packages/fastapi/routing.py", line 1773, in handle
    await self.original_router.handle(scope, receive, send)
  File "/usr/local/lib/python3.10/site-packages/fastapi/routing.py", line 2747, in handle
    await included_router._handle_selected(scope, receive, send)
  File "/usr/local/lib/python3.10/site-packages/fastapi/routing.py", line 1793, in _handle_selected
    await original_route.handle(scope, receive, send)
  File "/usr/local/lib/python3.10/site-packages/fastapi/routing.py", line 1272, in handle
    await app(scope, receive, send)
  File "/usr/local/lib/python3.10/site-packages/fastapi/routing.py", line 156, in app
    await wrap_app_handling_exceptions(app, request)(scope, receive, send)
  File "/usr/local/lib/python3.10/site-packages/starlette/_exception_handler.py", line 53, in wrapped_app
    raise exc
  File "/usr/local/lib/python3.10/site-packages/starlette/_exception_handler.py", line 42, in wrapped_app
    await app(scope, receive, sender)
  File "/usr/local/lib/python3.10/site-packages/fastapi/routing.py", line 142, in app
    response = await f(request)
  File "/usr/local/lib/python3.10/site-packages/fastapi/routing.py", line 698, in app
    raw_response = await run_endpoint_function(
  File "/usr/local/lib/python3.10/site-packages/fastapi/routing.py", line 352, in run_endpoint_function
    return await run_in_threadpool(dependant.call, **values)
  File "/usr/local/lib/python3.10/site-packages/starlette/concurrency.py", line 34, in run_in_threadpool
    return await anyio.to_thread.run_sync(func)
  File "/usr/local/lib/python3.10/site-packages/anyio/to_thread.py", line 65, in run_sync
    return await get_async_backend().run_sync_in_worker_thread(
  File "/usr/local/lib/python3.10/site-packages/anyio/_backends/_asyncio.py", line 2641, in run_sync_in_worker_thread
    return await future
  File "/usr/local/lib/python3.10/site-packages/anyio/_backends/_asyncio.py", line 1033, in run
    result = context.run(func, *args)
  File "/app/app/api/routes/dashboard_routes.py", line 131, in get_trends
    clients = client.get_clients()
AttributeError: 'FomsClient' object has no attribute 'get_clients'. Did you mean: 'get_payments'?
ERROR:foms_client:Error fetching from FOMS API /api/ai-data/accounts-receivable: HTTPConnectionPool(host='host.docker.internal', port=5007): Max retries exceeded with url: /api/ai-data/accounts-receivable?page=1&pageSize=100 (Caused by NewConnectionError("HTTPConnection(host='host.docker.internal', port=5007): Failed to establish a new connection: [Errno 101] Network is unreachable"))
ERROR:foms_client:Error fetching from FOMS API /api/ai-data/invoices: HTTPConnectionPool(host='host.docker.internal', port=5007): Max retries exceeded with url: /api/ai-data/invoices?page=1&pageSize=100 (Caused by NewConnectionError("HTTPConnection(host='host.docker.internal', port=5007): Failed to establish a new connection: [Errno 101] Network is unreachable"))
ERROR:foms_client:Error fetching from FOMS API /api/ai-data/accounts-receivable: HTTPConnectionPool(host='host.docker.internal', port=5007): Max retries exceeded with url: /api/ai-data/accounts-receivable?page=1&pageSize=100 (Caused by NewConnectionError("HTTPConnection(host='host.docker.internal', port=5007): Failed to establish a new connection: [Errno 101] Network is unreachable"))
ERROR:foms_client:Error fetching from FOMS API /api/ai-data/invoices: HTTPConnectionPool(host='host.docker.internal', port=5007): Max retries exceeded with url: /api/ai-data/invoices?page=1&pageSize=100 (Caused by NewConnectionError("HTTPConnection(host='host.docker.internal', port=5007): Failed to establish a new connection: [Errno 101] Network is unreachable"))
ERROR:foms_client:Error fetching from FOMS API /api/ai-data/accounts-receivable: HTTPConnectionPool(host='host.docker.internal', port=5007): Max retries exceeded with url: /api/ai-data/accounts-receivable?page=1&pageSize=100 (Caused by NewConnectionError("HTTPConnection(host='host.docker.internal', port=5007): Failed to establish a new connection: [Errno 101] Network is unreachable"))
ERROR:foms_client:Error fetching from FOMS API /api/ai-data/invoices: HTTPConnectionPool(host='host.docker.internal', port=5007): Max retries exceeded with url: /api/ai-data/invoices?page=1&pageSize=100 (Caused by NewConnectionError("HTTPConnection(host='host.docker.internal', port=5007): Failed to establish a new connection: [Errno 101] Network is unreachable"))
ERROR:foms_client:Error fetching from FOMS API /api/ai-data/accounts-receivable: HTTPConnectionPool(host='host.docker.internal', port=5007): Max retries exceeded with url: /api/ai-data/accounts-receivable?page=1&pageSize=100 (Caused by NewConnectionError("HTTPConnection(host='host.docker.internal', port=5007): Failed to establish a new connection: [Errno 101] Network is unreachable"))
ERROR:foms_client:Error fetching from FOMS API /api/ai-data/invoices: HTTPConnectionPool(host='host.docker.internal', port=5007): Max retries exceeded with url: /api/ai-data/invoices?page=1&pageSize=100 (Caused by NewConnectionError("HTTPConnection(host='host.docker.internal', port=5007): Failed to establish a new connection: [Errno 101] Network is unreachable"))
ERROR:foms_client:Error fetching from FOMS API /api/ai-data/accounts-receivable: HTTPConnectionPool(host='host.docker.internal', port=5007): Max retries exceeded with url: /api/ai-data/accounts-receivable?page=1&pageSize=100 (Caused by NewConnectionError("HTTPConnection(host='host.docker.internal', port=5007): Failed to establish a new connection: [Errno 101] Network is unreachable"))
ERROR:foms_client:Error fetching from FOMS API /api/ai-data/invoices: HTTPConnectionPool(host='host.docker.internal', port=5007): Max retries exceeded with url: /api/ai-data/invoices?page=1&pageSize=100 (Caused by NewConnectionError("HTTPConnection(host='host.docker.internal', port=5007): Failed to establish a new connection: [Errno 101] Network is unreachable"))
INFO:app.main:Shutting down AI Service...
INFO:app.main:Initializing AI Service...
ERROR:foms_client:Error fetching from FOMS API /api/ai-data/accounts-receivable: HTTPConnectionPool(host='foms-backend', port=8080): Max retries exceeded with url: /api/ai-data/accounts-receivable?page=1&pageSize=100 (Caused by NewConnectionError("HTTPConnection(host='foms-backend', port=8080): Failed to establish a new connection: [Errno 111] Connection refused"))
ERROR:foms_client:Error fetching from FOMS API /api/ai-data/invoices: HTTPConnectionPool(host='foms-backend', port=8080): Max retries exceeded with url: /api/ai-data/invoices?page=1&pageSize=100 (Caused by NewConnectionError("HTTPConnection(host='foms-backend', port=8080): Failed to establish a new connection: [Errno 111] Connection refused"))
ERROR:foms_client:Error fetching from FOMS API /api/ai-data/accounts-receivable: HTTPConnectionPool(host='foms-backend', port=8080): Max retries exceeded with url: /api/ai-data/accounts-receivable?page=1&pageSize=100 (Caused by NewConnectionError("HTTPConnection(host='foms-backend', port=8080): Failed to establish a new connection: [Errno 111] Connection refused"))
ERROR:foms_client:Error fetching from FOMS API /api/ai-data/invoices: HTTPConnectionPool(host='foms-backend', port=8080): Max retries exceeded with url: /api/ai-data/invoices?page=1&pageSize=100 (Caused by NewConnectionError("HTTPConnection(host='foms-backend', port=8080): Failed to establish a new connection: [Errno 111] Connection refused"))
ERROR:foms_client:Error fetching from FOMS API /api/ai-data/accounts-receivable: HTTPConnectionPool(host='foms-backend', port=8080): Max retries exceeded with url: /api/ai-data/accounts-receivable?page=1&pageSize=100 (Caused by NameResolutionError("HTTPConnection(host='foms-backend', port=8080): Failed to resolve 'foms-backend' ([Errno -5] No address associated with hostname)"))
ERROR:foms_client:Error fetching from FOMS API /api/ai-data/invoices: HTTPConnectionPool(host='foms-backend', port=8080): Max retries exceeded with url: /api/ai-data/invoices?page=1&pageSize=100 (Caused by NewConnectionError("HTTPConnection(host='foms-backend', port=8080): Failed to establish a new connection: [Errno 111] Connection refused"))
ERROR:foms_client:Error fetching from FOMS API /api/ai-data/accounts-receivable: HTTPConnectionPool(host='foms-backend', port=8080): Max retries exceeded with url: /api/ai-data/accounts-receivable?page=1&pageSize=100 (Caused by NewConnectionError("HTTPConnection(host='foms-backend', port=8080): Failed to establish a new connection: [Errno 111] Connection refused"))
ERROR:foms_client:Error fetching from FOMS API /api/ai-data/invoices: HTTPConnectionPool(host='foms-backend', port=8080): Max retries exceeded with url: /api/ai-data/invoices?page=1&pageSize=100 (Caused by NewConnectionError("HTTPConnection(host='foms-backend', port=8080): Failed to establish a new connection: [Errno 111] Connection refused"))
ERROR:foms_client:Error fetching from FOMS API /api/ai-data/accounts-receivable: HTTPConnectionPool(host='foms-backend', port=8080): Max retries exceeded with url: /api/ai-data/accounts-receivable?page=1&pageSize=100 (Caused by NewConnectionError("HTTPConnection(host='foms-backend', port=8080): Failed to establish a new connection: [Errno 111] Connection refused"))
ERROR:foms_client:Error fetching from FOMS API /api/ai-data/invoices: HTTPConnectionPool(host='foms-backend', port=8080): Max retries exceeded with url: /api/ai-data/invoices?page=1&pageSize=100 (Caused by NewConnectionError("HTTPConnection(host='foms-backend', port=8080): Failed to establish a new connection: [Errno 111] Connection refused"))
ERROR:foms_client:Error fetching from FOMS API /api/ai-data/accounts-receivable: HTTPConnectionPool(host='foms-backend', port=8080): Max retries exceeded with url: /api/ai-data/accounts-receivable?page=1&pageSize=100 (Caused by NewConnectionError("HTTPConnection(host='foms-backend', port=8080): Failed to establish a new connection: [Errno 111] Connection refused"))
ERROR:foms_client:Error fetching from FOMS API /api/ai-data/invoices: HTTPConnectionPool(host='foms-backend', port=8080): Max retries exceeded with url: /api/ai-data/invoices?page=1&pageSize=100 (Caused by NewConnectionError("HTTPConnection(host='foms-backend', port=8080): Failed to establish a new connection: [Errno 111] Connection refused"))
ERROR:foms_client:Error fetching from FOMS API /api/ai-data/accounts-receivable: HTTPConnectionPool(host='foms-backend', port=8080): Max retries exceeded with url: /api/ai-data/accounts-receivable?page=1&pageSize=100 (Caused by NewConnectionError("HTTPConnection(host='foms-backend', port=8080): Failed to establish a new connection: [Errno 111] Connection refused"))
ERROR:foms_client:Error fetching from FOMS API /api/ai-data/invoices: HTTPConnectionPool(host='foms-backend', port=8080): Max retries exceeded with url: /api/ai-data/invoices?page=1&pageSize=100 (Caused by NewConnectionError("HTTPConnection(host='foms-backend', port=8080): Failed to establish a new connection: [Errno 111] Connection refused"))
ERROR:foms_client:Error fetching from FOMS API /api/ai-data/accounts-receivable: HTTPConnectionPool(host='foms-backend', port=8080): Max retries exceeded with url: /api/ai-data/accounts-receivable?page=1&pageSize=100 (Caused by NewConnectionError("HTTPConnection(host='foms-backend', port=8080): Failed to establish a new connection: [Errno 111] Connection refused"))
ERROR:foms_client:Error fetching from FOMS API /api/ai-data/invoices: HTTPConnectionPool(host='foms-backend', port=8080): Max retries exceeded with url: /api/ai-data/invoices?page=1&pageSize=100 (Caused by NewConnectionError("HTTPConnection(host='foms-backend', port=8080): Failed to establish a new connection: [Errno 111] Connection refused"))
INFO:app.main:Shutting down AI Service...
INFO:app.main:Initializing AI Service...
ERROR:foms_client:Error fetching from FOMS API /api/ai-data/accounts-receivable: HTTPConnectionPool(host='host.docker.internal', port=5000): Max retries exceeded with url: /api/ai-data/accounts-receivable?page=1&pageSize=100 (Caused by NewConnectionError("HTTPConnection(host='host.docker.internal', port=5000): Failed to establish a new connection: [Errno 101] Network is unreachable"))
ERROR:foms_client:Error fetching from FOMS API /api/ai-data/invoices: HTTPConnectionPool(host='host.docker.internal', port=5000): Max retries exceeded with url: /api/ai-data/invoices?page=1&pageSize=100 (Caused by NewConnectionError("HTTPConnection(host='host.docker.internal', port=5000): Failed to establish a new connection: [Errno 101] Network is unreachable"))
WARNING:app.services.ocr_service:Gemini Flash extraction call failed: (Gemini authentication failed: the configured API key is invalid or expired. Update GEMINI_API_KEY with a valid Google AI Studio key.). Falling back to heuristic OCR parser.
INFO:app.main:Shutting down AI Service...
INFO:app.main:Initializing AI Service...
WARNING:app.services.ocr_service:Gemini Flash extraction call failed: (Gemini authentication failed: the configured API key is invalid or expired. Update GEMINI_API_KEY with a valid Google AI Studio key.). Falling back to heuristic OCR parser.
WARNING:app.services.ocr_service:Rejecting uploaded non-financial image: photo_2025-01-26_18-46-43.jpg
WARNING:app.services.ocr_service:Gemini Flash extraction call failed: (Gemini authentication failed: the configured API key is invalid or expired. Update GEMINI_API_KEY with a valid Google AI Studio key.). Falling back to heuristic OCR parser.
WARNING:app.services.ocr_service:Rejecting uploaded non-financial image: FAJARDO-QUIZ#7.png
WARNING:app.services.ocr_service:Gemini Flash extraction call failed: (Gemini authentication failed: the configured API key is invalid or expired. Update GEMINI_API_KEY with a valid Google AI Studio key.). Falling back to heuristic OCR parser.
WARNING:app.services.ocr_service:Rejecting uploaded non-financial image: Screenshot 2025-10-10 012448.png
WARNING:app.services.ocr_service:Gemini Flash extraction call failed: (Gemini authentication failed: the configured API key is invalid or expired. Update GEMINI_API_KEY with a valid Google AI Studio key.). Falling back to heuristic OCR parser.
WARNING:app.services.ocr_service:Rejecting uploaded non-financial image: 766319898_1715025806381824_669586738529465948_n.png
INFO:app.main:Shutting down AI Service...
INFO:app.main:Initializing AI Service...
WARNING:app.services.ocr_service:Gemini Flash extraction call failed: (Gemini authentication failed: the configured API key is invalid or expired. Update GEMINI_API_KEY with a valid Google AI Studio key.). Falling back to heuristic OCR parser.
WARNING:app.services.ocr_service:Rejecting uploaded non-financial image: 766319898_1715025806381824_669586738529465948_n.png
WARNING:app.services.ocr_service:Gemini Flash extraction call failed: (Gemini authentication failed: the configured API key is invalid or expired. Update GEMINI_API_KEY with a valid Google AI Studio key.). Falling back to heuristic OCR parser.
WARNING:app.services.ocr_service:Rejecting uploaded non-financial image: 766319898_1715025806381824_669586738529465948_n.png
INFO:app.main:Shutting down AI Service...
INFO:app.main:Initializing AI Service...
WARNING:app.services.ocr_service:Gemini Flash extraction call failed: (Gemini authentication failed: the configured API key is invalid or expired. Update GEMINI_API_KEY with a valid Google AI Studio key.). Falling back to heuristic OCR parser.
WARNING:app.services.ocr_service:Gemini Flash extraction call failed: (Gemini authentication failed: the configured API key is invalid or expired. Update GEMINI_API_KEY with a valid Google AI Studio key.). Falling back to heuristic OCR parser.
WARNING:app.services.ocr_service:Gemini Flash extraction call failed: (Gemini authentication failed: the configured API key is invalid or expired. Update GEMINI_API_KEY with a valid Google AI Studio key.). Falling back to heuristic OCR parser.
WARNING:app.services.ocr_service:Gemini Flash extraction call failed: (Gemini authentication failed: the configured API key is invalid or expired. Update GEMINI_API_KEY with a valid Google AI Studio key.). Falling back to heuristic OCR parser.
WARNING:app.services.ocr_service:Gemini Flash extraction call failed: (Gemini authentication failed: the configured API key is invalid or expired. Update GEMINI_API_KEY with a valid Google AI Studio key.). Falling back to heuristic OCR parser.
WARNING:app.services.ocr_service:Gemini Flash extraction call failed: (Gemini authentication failed: the configured API key is invalid or expired. Update GEMINI_API_KEY with a valid Google AI Studio key.). Falling back to heuristic OCR parser.
WARNING:app.services.ocr_service:Gemini Flash extraction call failed: (Gemini authentication failed: the configured API key is invalid or expired. Update GEMINI_API_KEY with a valid Google AI Studio key.). Falling back to heuristic OCR parser.
WARNING:app.services.ocr_service:Rejecting uploaded non-financial image: photo_2026-06-01_23-46-54.jpg
WARNING:app.services.ocr_service:Gemini Flash extraction call failed: (Gemini authentication failed: the configured API key is invalid or expired. Update GEMINI_API_KEY with a valid Google AI Studio key.). Falling back to heuristic OCR parser.
WARNING:app.services.ocr_service:Rejecting uploaded non-financial image: photo_2026-01-26_18-56-53.jpg
WARNING:app.services.ocr_service:Gemini Flash extraction call failed: (Gemini authentication failed: the configured API key is invalid or expired. Update GEMINI_API_KEY with a valid Google AI Studio key.). Falling back to heuristic OCR parser.
ERROR:foms_client:Error fetching from FOMS API /api/ai-data/invoices: HTTPConnectionPool(host='host.docker.internal', port=5000): Max retries exceeded with url: /api/ai-data/invoices?page=1&pageSize=100 (Caused by NewConnectionError("HTTPConnection(host='host.docker.internal', port=5000): Failed to establish a new connection: [Errno 101] Network is unreachable"))
ERROR:foms_client:Error fetching from FOMS API /api/ai-data/invoices: HTTPConnectionPool(host='host.docker.internal', port=5000): Max retries exceeded with url: /api/ai-data/invoices?page=1&pageSize=100 (Caused by NewConnectionError("HTTPConnection(host='host.docker.internal', port=5000): Failed to establish a new connection: [Errno 101] Network is unreachable"))
ERROR:foms_client:Error fetching from FOMS API /api/ai-data/invoices: HTTPConnectionPool(host='host.docker.internal', port=5000): Max retries exceeded with url: /api/ai-data/invoices?page=1&pageSize=100 (Caused by NewConnectionError("HTTPConnection(host='host.docker.internal', port=5000): Failed to establish a new connection: [Errno 101] Network is unreachable"))
ERROR:foms_client:Error fetching from FOMS API /api/ai-data/invoices: HTTPConnectionPool(host='host.docker.internal', port=5000): Max retries exceeded with url: /api/ai-data/invoices?page=1&pageSize=100 (Caused by NewConnectionError("HTTPConnection(host='host.docker.internal', port=5000): Failed to establish a new connection: [Errno 101] Network is unreachable"))
ERROR:foms_client:Error fetching from FOMS API /api/ai-data/invoices: HTTPConnectionPool(host='host.docker.internal', port=5000): Max retries exceeded with url: /api/ai-data/invoices?page=1&pageSize=100 (Caused by NewConnectionError("HTTPConnection(host='host.docker.internal', port=5000): Failed to establish a new connection: [Errno 101] Network is unreachable"))
ERROR:app.main:[516734fe-03c7-4d53-8962-caa969ac13dc] Unhandled exception on /api/ai/dashboard/trends: 'FomsClient' object has no attribute 'get_clients'
  + Exception Group Traceback (most recent call last):
  |   File "/usr/local/lib/python3.10/site-packages/starlette/_utils.py", line 85, in create_collapsing_task_group
  |     async with anyio.create_task_group() as tg:
  |   File "/usr/local/lib/python3.10/site-packages/anyio/_backends/_asyncio.py", line 815, in __aexit__
  |     raise BaseExceptionGroup(
  | exceptiongroup.ExceptionGroup: unhandled errors in a TaskGroup (1 sub-exception)
  +-+---------------- 1 ----------------
    | Traceback (most recent call last):
    |   File "/usr/local/lib/python3.10/site-packages/starlette/middleware/errors.py", line 164, in __call__
    |     await self.app(scope, receive, _send)
    |   File "/usr/local/lib/python3.10/site-packages/starlette/middleware/base.py", line 193, in __call__
    |     response = await self.dispatch_func(request, call_next)
    |   File "/app/app/main.py", line 116, in add_security_headers
    |     response = await call_next(request)
    |   File "/usr/local/lib/python3.10/site-packages/starlette/middleware/base.py", line 168, in call_next
    |     raise app_exc from app_exc.__cause__ or app_exc.__context__
    |   File "/usr/local/lib/python3.10/site-packages/starlette/middleware/base.py", line 144, in coro
    |     await self.app(scope, receive_or_disconnect, send_no_error)
    |   File "/usr/local/lib/python3.10/site-packages/starlette/middleware/base.py", line 193, in __call__
    |     response = await self.dispatch_func(request, call_next)
    |   File "/app/app/main.py", line 109, in verify_gateway_api_key
    |     response = await call_next(request)
    |   File "/usr/local/lib/python3.10/site-packages/starlette/middleware/base.py", line 168, in call_next
    |     raise app_exc from app_exc.__cause__ or app_exc.__context__
    |   File "/usr/local/lib/python3.10/site-packages/starlette/middleware/base.py", line 144, in coro
    |     await self.app(scope, receive_or_disconnect, send_no_error)
    |   File "/usr/local/lib/python3.10/site-packages/starlette/middleware/cors.py", line 88, in __call__
    |     await self.app(scope, receive, send)
    |   File "/usr/local/lib/python3.10/site-packages/starlette/middleware/exceptions.py", line 63, in __call__
    |     await wrap_app_handling_exceptions(self.app, conn)(scope, receive, send)
    |   File "/usr/local/lib/python3.10/site-packages/starlette/_exception_handler.py", line 53, in wrapped_app
    |     raise exc
    |   File "/usr/local/lib/python3.10/site-packages/starlette/_exception_handler.py", line 42, in wrapped_app
    |     await app(scope, receive, sender)
    |   File "/usr/local/lib/python3.10/site-packages/fastapi/middleware/asyncexitstack.py", line 18, in __call__
    |     await self.app(scope, receive, send)
    |   File "/usr/local/lib/python3.10/site-packages/starlette/routing.py", line 660, in __call__
    |     await self.middleware_stack(scope, receive, send)
    |   File "/usr/local/lib/python3.10/site-packages/fastapi/routing.py", line 2692, in app
    |     await route.handle(scope, receive, send)
    |   File "/usr/local/lib/python3.10/site-packages/fastapi/routing.py", line 1773, in handle
    |     await self.original_router.handle(scope, receive, send)
    |   File "/usr/local/lib/python3.10/site-packages/fastapi/routing.py", line 2747, in handle
    |     await included_router._handle_selected(scope, receive, send)
    |   File "/usr/local/lib/python3.10/site-packages/fastapi/routing.py", line 1793, in _handle_selected
    |     await original_route.handle(scope, receive, send)
    |   File "/usr/local/lib/python3.10/site-packages/fastapi/routing.py", line 1272, in handle
    |     await app(scope, receive, send)
    |   File "/usr/local/lib/python3.10/site-packages/fastapi/routing.py", line 156, in app
    |     await wrap_app_handling_exceptions(app, request)(scope, receive, send)
    |   File "/usr/local/lib/python3.10/site-packages/starlette/_exception_handler.py", line 53, in wrapped_app
    |     raise exc
    |   File "/usr/local/lib/python3.10/site-packages/starlette/_exception_handler.py", line 42, in wrapped_app
    |     await app(scope, receive, sender)
    |   File "/usr/local/lib/python3.10/site-packages/fastapi/routing.py", line 142, in app
    |     response = await f(request)
    |   File "/usr/local/lib/python3.10/site-packages/fastapi/routing.py", line 698, in app
    |     raw_response = await run_endpoint_function(
    |   File "/usr/local/lib/python3.10/site-packages/fastapi/routing.py", line 352, in run_endpoint_function
    |     return await run_in_threadpool(dependant.call, **values)
    |   File "/usr/local/lib/python3.10/site-packages/starlette/concurrency.py", line 34, in run_in_threadpool
    |     return await anyio.to_thread.run_sync(func)
    |   File "/usr/local/lib/python3.10/site-packages/anyio/to_thread.py", line 65, in run_sync
    |     return await get_async_backend().run_sync_in_worker_thread(
    |   File "/usr/local/lib/python3.10/site-packages/anyio/_backends/_asyncio.py", line 2641, in run_sync_in_worker_thread
    |     return await future
    |   File "/usr/local/lib/python3.10/site-packages/anyio/_backends/_asyncio.py", line 1033, in run
    |     result = context.run(func, *args)
    |   File "/app/app/api/routes/dashboard_routes.py", line 131, in get_trends
    |     clients = client.get_clients()
    | AttributeError: 'FomsClient' object has no attribute 'get_clients'. Did you mean: 'get_payments'?
    +------------------------------------

The above exception was the direct cause of the following exception:

Traceback (most recent call last):
  File "/usr/local/lib/python3.10/site-packages/starlette/middleware/errors.py", line 164, in __call__
    await self.app(scope, receive, _send)
  File "/usr/local/lib/python3.10/site-packages/starlette/middleware/base.py", line 193, in __call__
    response = await self.dispatch_func(request, call_next)
  File "/app/app/main.py", line 116, in add_security_headers
    response = await call_next(request)
  File "/usr/local/lib/python3.10/site-packages/starlette/middleware/base.py", line 168, in call_next
    raise app_exc from app_exc.__cause__ or app_exc.__context__
  File "/usr/local/lib/python3.10/site-packages/starlette/middleware/base.py", line 144, in coro
    await self.app(scope, receive_or_disconnect, send_no_error)
  File "/usr/local/lib/python3.10/site-packages/starlette/middleware/base.py", line 193, in __call__
    response = await self.dispatch_func(request, call_next)
  File "/app/app/main.py", line 109, in verify_gateway_api_key
    response = await call_next(request)
  File "/usr/local/lib/python3.10/site-packages/starlette/middleware/base.py", line 168, in call_next
    raise app_exc from app_exc.__cause__ or app_exc.__context__
  File "/usr/local/lib/python3.10/site-packages/starlette/middleware/base.py", line 144, in coro
    await self.app(scope, receive_or_disconnect, send_no_error)
  File "/usr/local/lib/python3.10/site-packages/starlette/middleware/cors.py", line 88, in __call__
    await self.app(scope, receive, send)
  File "/usr/local/lib/python3.10/site-packages/starlette/middleware/exceptions.py", line 63, in __call__
    await wrap_app_handling_exceptions(self.app, conn)(scope, receive, send)
  File "/usr/local/lib/python3.10/site-packages/starlette/_exception_handler.py", line 53, in wrapped_app
    raise exc
  File "/usr/local/lib/python3.10/site-packages/starlette/_exception_handler.py", line 42, in wrapped_app
    await app(scope, receive, sender)
  File "/usr/local/lib/python3.10/site-packages/fastapi/middleware/asyncexitstack.py", line 18, in __call__
    await self.app(scope, receive, send)
  File "/usr/local/lib/python3.10/site-packages/starlette/routing.py", line 660, in __call__
    await self.middleware_stack(scope, receive, send)
  File "/usr/local/lib/python3.10/site-packages/fastapi/routing.py", line 2692, in app
    await route.handle(scope, receive, send)
  File "/usr/local/lib/python3.10/site-packages/fastapi/routing.py", line 1773, in handle
    await self.original_router.handle(scope, receive, send)
  File "/usr/local/lib/python3.10/site-packages/fastapi/routing.py", line 2747, in handle
    await included_router._handle_selected(scope, receive, send)
  File "/usr/local/lib/python3.10/site-packages/fastapi/routing.py", line 1793, in _handle_selected
    await original_route.handle(scope, receive, send)
  File "/usr/local/lib/python3.10/site-packages/fastapi/routing.py", line 1272, in handle
    await app(scope, receive, send)
  File "/usr/local/lib/python3.10/site-packages/fastapi/routing.py", line 156, in app
    await wrap_app_handling_exceptions(app, request)(scope, receive, send)
  File "/usr/local/lib/python3.10/site-packages/starlette/_exception_handler.py", line 53, in wrapped_app
    raise exc
  File "/usr/local/lib/python3.10/site-packages/starlette/_exception_handler.py", line 42, in wrapped_app
    await app(scope, receive, sender)
  File "/usr/local/lib/python3.10/site-packages/fastapi/routing.py", line 142, in app
    response = await f(request)
  File "/usr/local/lib/python3.10/site-packages/fastapi/routing.py", line 698, in app
    raw_response = await run_endpoint_function(
  File "/usr/local/lib/python3.10/site-packages/fastapi/routing.py", line 352, in run_endpoint_function
    return await run_in_threadpool(dependant.call, **values)
  File "/usr/local/lib/python3.10/site-packages/starlette/concurrency.py", line 34, in run_in_threadpool
    return await anyio.to_thread.run_sync(func)
  File "/usr/local/lib/python3.10/site-packages/anyio/to_thread.py", line 65, in run_sync
    return await get_async_backend().run_sync_in_worker_thread(
  File "/usr/local/lib/python3.10/site-packages/anyio/_backends/_asyncio.py", line 2641, in run_sync_in_worker_thread
    return await future
  File "/usr/local/lib/python3.10/site-packages/anyio/_backends/_asyncio.py", line 1033, in run
    result = context.run(func, *args)
  File "/app/app/api/routes/dashboard_routes.py", line 131, in get_trends
    clients = client.get_clients()
AttributeError: 'FomsClient' object has no attribute 'get_clients'. Did you mean: 'get_payments'?
ERROR:foms_client:Error fetching from FOMS API /api/ai-data/invoices: HTTPConnectionPool(host='host.docker.internal', port=5000): Max retries exceeded with url: /api/ai-data/invoices?page=1&pageSize=100 (Caused by NewConnectionError("HTTPConnection(host='host.docker.internal', port=5000): Failed to establish a new connection: [Errno 101] Network is unreachable"))
ERROR:foms_client:Error fetching from FOMS API /api/ai-data/invoices: HTTPConnectionPool(host='host.docker.internal', port=5000): Max retries exceeded with url: /api/ai-data/invoices?page=1&pageSize=100 (Caused by NewConnectionError("HTTPConnection(host='host.docker.internal', port=5000): Failed to establish a new connection: [Errno 101] Network is unreachable"))
ERROR:foms_client:Error fetching from FOMS API /api/ai-data/invoices: HTTPConnectionPool(host='host.docker.internal', port=5000): Max retries exceeded with url: /api/ai-data/invoices?page=1&pageSize=100 (Caused by NewConnectionError("HTTPConnection(host='host.docker.internal', port=5000): Failed to establish a new connection: [Errno 101] Network is unreachable"))
ERROR:foms_client:Error fetching from FOMS API /api/ai-data/invoices: HTTPConnectionPool(host='host.docker.internal', port=5000): Max retries exceeded with url: /api/ai-data/invoices?page=1&pageSize=100 (Caused by NewConnectionError("HTTPConnection(host='host.docker.internal', port=5000): Failed to establish a new connection: [Errno 101] Network is unreachable"))
ERROR:foms_client:Error fetching from FOMS API /api/ai-data/invoices: HTTPConnectionPool(host='host.docker.internal', port=5000): Max retries exceeded with url: /api/ai-data/invoices?page=1&pageSize=100 (Caused by NewConnectionError("HTTPConnection(host='host.docker.internal', port=5000): Failed to establish a new connection: [Errno 101] Network is unreachable"))
ERROR:app.main:[1ad2c31b-cdd8-4296-bde4-80ca712d68ee] Unhandled exception on /api/ai/dashboard/trends: 'FomsClient' object has no attribute 'get_clients'
  + Exception Group Traceback (most recent call last):
  |   File "/usr/local/lib/python3.10/site-packages/starlette/_utils.py", line 85, in create_collapsing_task_group
  |     async with anyio.create_task_group() as tg:
  |   File "/usr/local/lib/python3.10/site-packages/anyio/_backends/_asyncio.py", line 815, in __aexit__
  |     raise BaseExceptionGroup(
  | exceptiongroup.ExceptionGroup: unhandled errors in a TaskGroup (1 sub-exception)
  +-+---------------- 1 ----------------
    | Traceback (most recent call last):
    |   File "/usr/local/lib/python3.10/site-packages/starlette/middleware/errors.py", line 164, in __call__
    |     await self.app(scope, receive, _send)
    |   File "/usr/local/lib/python3.10/site-packages/starlette/middleware/base.py", line 193, in __call__
    |     response = await self.dispatch_func(request, call_next)
    |   File "/app/app/main.py", line 116, in add_security_headers
    |     response = await call_next(request)
    |   File "/usr/local/lib/python3.10/site-packages/starlette/middleware/base.py", line 168, in call_next
    |     raise app_exc from app_exc.__cause__ or app_exc.__context__
    |   File "/usr/local/lib/python3.10/site-packages/starlette/middleware/base.py", line 144, in coro
    |     await self.app(scope, receive_or_disconnect, send_no_error)
    |   File "/usr/local/lib/python3.10/site-packages/starlette/middleware/base.py", line 193, in __call__
    |     response = await self.dispatch_func(request, call_next)
    |   File "/app/app/main.py", line 109, in verify_gateway_api_key
    |     response = await call_next(request)
    |   File "/usr/local/lib/python3.10/site-packages/starlette/middleware/base.py", line 168, in call_next
    |     raise app_exc from app_exc.__cause__ or app_exc.__context__
    |   File "/usr/local/lib/python3.10/site-packages/starlette/middleware/base.py", line 144, in coro
    |     await self.app(scope, receive_or_disconnect, send_no_error)
    |   File "/usr/local/lib/python3.10/site-packages/starlette/middleware/cors.py", line 88, in __call__
    |     await self.app(scope, receive, send)
    |   File "/usr/local/lib/python3.10/site-packages/starlette/middleware/exceptions.py", line 63, in __call__
    |     await wrap_app_handling_exceptions(self.app, conn)(scope, receive, send)
    |   File "/usr/local/lib/python3.10/site-packages/starlette/_exception_handler.py", line 53, in wrapped_app
    |     raise exc
    |   File "/usr/local/lib/python3.10/site-packages/starlette/_exception_handler.py", line 42, in wrapped_app
    |     await app(scope, receive, sender)
    |   File "/usr/local/lib/python3.10/site-packages/fastapi/middleware/asyncexitstack.py", line 18, in __call__
    |     await self.app(scope, receive, send)
    |   File "/usr/local/lib/python3.10/site-packages/starlette/routing.py", line 660, in __call__
    |     await self.middleware_stack(scope, receive, send)
    |   File "/usr/local/lib/python3.10/site-packages/fastapi/routing.py", line 2692, in app
    |     await route.handle(scope, receive, send)
    |   File "/usr/local/lib/python3.10/site-packages/fastapi/routing.py", line 1773, in handle
    |     await self.original_router.handle(scope, receive, send)
    |   File "/usr/local/lib/python3.10/site-packages/fastapi/routing.py", line 2747, in handle
    |     await included_router._handle_selected(scope, receive, send)
    |   File "/usr/local/lib/python3.10/site-packages/fastapi/routing.py", line 1793, in _handle_selected
    |     await original_route.handle(scope, receive, send)
    |   File "/usr/local/lib/python3.10/site-packages/fastapi/routing.py", line 1272, in handle
    |     await app(scope, receive, send)
    |   File "/usr/local/lib/python3.10/site-packages/fastapi/routing.py", line 156, in app
    |     await wrap_app_handling_exceptions(app, request)(scope, receive, send)
    |   File "/usr/local/lib/python3.10/site-packages/starlette/_exception_handler.py", line 53, in wrapped_app
    |     raise exc
    |   File "/usr/local/lib/python3.10/site-packages/starlette/_exception_handler.py", line 42, in wrapped_app
    |     await app(scope, receive, sender)
    |   File "/usr/local/lib/python3.10/site-packages/fastapi/routing.py", line 142, in app
    |     response = await f(request)
    |   File "/usr/local/lib/python3.10/site-packages/fastapi/routing.py", line 698, in app
    |     raw_response = await run_endpoint_function(
    |   File "/usr/local/lib/python3.10/site-packages/fastapi/routing.py", line 352, in run_endpoint_function
    |     return await run_in_threadpool(dependant.call, **values)
    |   File "/usr/local/lib/python3.10/site-packages/starlette/concurrency.py", line 34, in run_in_threadpool
    |     return await anyio.to_thread.run_sync(func)
    |   File "/usr/local/lib/python3.10/site-packages/anyio/to_thread.py", line 65, in run_sync
    |     return await get_async_backend().run_sync_in_worker_thread(
    |   File "/usr/local/lib/python3.10/site-packages/anyio/_backends/_asyncio.py", line 2641, in run_sync_in_worker_thread
    |     return await future
    |   File "/usr/local/lib/python3.10/site-packages/anyio/_backends/_asyncio.py", line 1033, in run
    |     result = context.run(func, *args)
    |   File "/app/app/api/routes/dashboard_routes.py", line 131, in get_trends
    |     clients = client.get_clients()
    | AttributeError: 'FomsClient' object has no attribute 'get_clients'. Did you mean: 'get_payments'?
    +------------------------------------

The above exception was the direct cause of the following exception:

Traceback (most recent call last):
  File "/usr/local/lib/python3.10/site-packages/starlette/middleware/errors.py", line 164, in __call__
    await self.app(scope, receive, _send)
  File "/usr/local/lib/python3.10/site-packages/starlette/middleware/base.py", line 193, in __call__
    response = await self.dispatch_func(request, call_next)
  File "/app/app/main.py", line 116, in add_security_headers
    response = await call_next(request)
  File "/usr/local/lib/python3.10/site-packages/starlette/middleware/base.py", line 168, in call_next
    raise app_exc from app_exc.__cause__ or app_exc.__context__
  File "/usr/local/lib/python3.10/site-packages/starlette/middleware/base.py", line 144, in coro
    await self.app(scope, receive_or_disconnect, send_no_error)
  File "/usr/local/lib/python3.10/site-packages/starlette/middleware/base.py", line 193, in __call__
    response = await self.dispatch_func(request, call_next)
  File "/app/app/main.py", line 109, in verify_gateway_api_key
    response = await call_next(request)
  File "/usr/local/lib/python3.10/site-packages/starlette/middleware/base.py", line 168, in call_next
    raise app_exc from app_exc.__cause__ or app_exc.__context__
  File "/usr/local/lib/python3.10/site-packages/starlette/middleware/base.py", line 144, in coro
    await self.app(scope, receive_or_disconnect, send_no_error)
  File "/usr/local/lib/python3.10/site-packages/starlette/middleware/cors.py", line 88, in __call__
    await self.app(scope, receive, send)
  File "/usr/local/lib/python3.10/site-packages/starlette/middleware/exceptions.py", line 63, in __call__
    await wrap_app_handling_exceptions(self.app, conn)(scope, receive, send)
  File "/usr/local/lib/python3.10/site-packages/starlette/_exception_handler.py", line 53, in wrapped_app
    raise exc
  File "/usr/local/lib/python3.10/site-packages/starlette/_exception_handler.py", line 42, in wrapped_app
    await app(scope, receive, sender)
  File "/usr/local/lib/python3.10/site-packages/fastapi/middleware/asyncexitstack.py", line 18, in __call__
    await self.app(scope, receive, send)
  File "/usr/local/lib/python3.10/site-packages/starlette/routing.py", line 660, in __call__
    await self.middleware_stack(scope, receive, send)
  File "/usr/local/lib/python3.10/site-packages/fastapi/routing.py", line 2692, in app
    await route.handle(scope, receive, send)
  File "/usr/local/lib/python3.10/site-packages/fastapi/routing.py", line 1773, in handle
    await self.original_router.handle(scope, receive, send)
  File "/usr/local/lib/python3.10/site-packages/fastapi/routing.py", line 2747, in handle
    await included_router._handle_selected(scope, receive, send)
  File "/usr/local/lib/python3.10/site-packages/fastapi/routing.py", line 1793, in _handle_selected
    await original_route.handle(scope, receive, send)
  File "/usr/local/lib/python3.10/site-packages/fastapi/routing.py", line 1272, in handle
    await app(scope, receive, send)
  File "/usr/local/lib/python3.10/site-packages/fastapi/routing.py", line 156, in app
    await wrap_app_handling_exceptions(app, request)(scope, receive, send)
  File "/usr/local/lib/python3.10/site-packages/starlette/_exception_handler.py", line 53, in wrapped_app
    raise exc
  File "/usr/local/lib/python3.10/site-packages/starlette/_exception_handler.py", line 42, in wrapped_app
    await app(scope, receive, sender)
  File "/usr/local/lib/python3.10/site-packages/fastapi/routing.py", line 142, in app
    response = await f(request)
  File "/usr/local/lib/python3.10/site-packages/fastapi/routing.py", line 698, in app
    raw_response = await run_endpoint_function(
  File "/usr/local/lib/python3.10/site-packages/fastapi/routing.py", line 352, in run_endpoint_function
    return await run_in_threadpool(dependant.call, **values)
  File "/usr/local/lib/python3.10/site-packages/starlette/concurrency.py", line 34, in run_in_threadpool
    return await anyio.to_thread.run_sync(func)
  File "/usr/local/lib/python3.10/site-packages/anyio/to_thread.py", line 65, in run_sync
    return await get_async_backend().run_sync_in_worker_thread(
  File "/usr/local/lib/python3.10/site-packages/anyio/_backends/_asyncio.py", line 2641, in run_sync_in_worker_thread
    return await future
  File "/usr/local/lib/python3.10/site-packages/anyio/_backends/_asyncio.py", line 1033, in run
    result = context.run(func, *args)
  File "/app/app/api/routes/dashboard_routes.py", line 131, in get_trends
    clients = client.get_clients()
AttributeError: 'FomsClient' object has no attribute 'get_clients'. Did you mean: 'get_payments'?
ERROR:foms_client:Error fetching from FOMS API /api/ai-data/invoices: HTTPConnectionPool(host='host.docker.internal', port=5000): Max retries exceeded with url: /api/ai-data/invoices?page=1&pageSize=100 (Caused by NewConnectionError("HTTPConnection(host='host.docker.internal', port=5000): Failed to establish a new connection: [Errno 101] Network is unreachable"))
ERROR:foms_client:Error fetching from FOMS API /api/ai-data/invoices: HTTPConnectionPool(host='host.docker.internal', port=5000): Max retries exceeded with url: /api/ai-data/invoices?page=1&pageSize=100 (Caused by NewConnectionError("HTTPConnection(host='host.docker.internal', port=5000): Failed to establish a new connection: [Errno 101] Network is unreachable"))
ERROR:foms_client:Error fetching from FOMS API /api/ai-data/invoices: HTTPConnectionPool(host='host.docker.internal', port=5000): Max retries exceeded with url: /api/ai-data/invoices?page=1&pageSize=100 (Caused by NewConnectionError("HTTPConnection(host='host.docker.internal', port=5000): Failed to establish a new connection: [Errno 101] Network is unreachable"))
ERROR:foms_client:Error fetching from FOMS API /api/ai-data/invoices: HTTPConnectionPool(host='host.docker.internal', port=5000): Max retries exceeded with url: /api/ai-data/invoices?page=1&pageSize=100 (Caused by NewConnectionError("HTTPConnection(host='host.docker.internal', port=5000): Failed to establish a new connection: [Errno 101] Network is unreachable"))
ERROR:foms_client:Error fetching from FOMS API /api/ai-data/invoices: HTTPConnectionPool(host='host.docker.internal', port=5000): Max retries exceeded with url: /api/ai-data/invoices?page=1&pageSize=100 (Caused by NewConnectionError("HTTPConnection(host='host.docker.internal', port=5000): Failed to establish a new connection: [Errno 101] Network is unreachable"))
ERROR:app.main:[54f5b4ae-9f11-4aa1-b459-fb37a99b6af5] Unhandled exception on /api/ai/dashboard/trends: 'FomsClient' object has no attribute 'get_clients'
  + Exception Group Traceback (most recent call last):
  |   File "/usr/local/lib/python3.10/site-packages/starlette/_utils.py", line 85, in create_collapsing_task_group
  |     async with anyio.create_task_group() as tg:
  |   File "/usr/local/lib/python3.10/site-packages/anyio/_backends/_asyncio.py", line 815, in __aexit__
  |     raise BaseExceptionGroup(
  | exceptiongroup.ExceptionGroup: unhandled errors in a TaskGroup (1 sub-exception)
  +-+---------------- 1 ----------------
    | Traceback (most recent call last):
    |   File "/usr/local/lib/python3.10/site-packages/starlette/middleware/errors.py", line 164, in __call__
    |     await self.app(scope, receive, _send)
    |   File "/usr/local/lib/python3.10/site-packages/starlette/middleware/base.py", line 193, in __call__
    |     response = await self.dispatch_func(request, call_next)
    |   File "/app/app/main.py", line 116, in add_security_headers
    |     response = await call_next(request)
    |   File "/usr/local/lib/python3.10/site-packages/starlette/middleware/base.py", line 168, in call_next
    |     raise app_exc from app_exc.__cause__ or app_exc.__context__
    |   File "/usr/local/lib/python3.10/site-packages/starlette/middleware/base.py", line 144, in coro
    |     await self.app(scope, receive_or_disconnect, send_no_error)
    |   File "/usr/local/lib/python3.10/site-packages/starlette/middleware/base.py", line 193, in __call__
    |     response = await self.dispatch_func(request, call_next)
    |   File "/app/app/main.py", line 109, in verify_gateway_api_key
    |     response = await call_next(request)
    |   File "/usr/local/lib/python3.10/site-packages/starlette/middleware/base.py", line 168, in call_next
    |     raise app_exc from app_exc.__cause__ or app_exc.__context__
    |   File "/usr/local/lib/python3.10/site-packages/starlette/middleware/base.py", line 144, in coro
    |     await self.app(scope, receive_or_disconnect, send_no_error)
    |   File "/usr/local/lib/python3.10/site-packages/starlette/middleware/cors.py", line 88, in __call__
    |     await self.app(scope, receive, send)
    |   File "/usr/local/lib/python3.10/site-packages/starlette/middleware/exceptions.py", line 63, in __call__
    |     await wrap_app_handling_exceptions(self.app, conn)(scope, receive, send)
    |   File "/usr/local/lib/python3.10/site-packages/starlette/_exception_handler.py", line 53, in wrapped_app
    |     raise exc
    |   File "/usr/local/lib/python3.10/site-packages/starlette/_exception_handler.py", line 42, in wrapped_app
    |     await app(scope, receive, sender)
    |   File "/usr/local/lib/python3.10/site-packages/fastapi/middleware/asyncexitstack.py", line 18, in __call__
    |     await self.app(scope, receive, send)
    |   File "/usr/local/lib/python3.10/site-packages/starlette/routing.py", line 660, in __call__
    |     await self.middleware_stack(scope, receive, send)
    |   File "/usr/local/lib/python3.10/site-packages/fastapi/routing.py", line 2692, in app
    |     await route.handle(scope, receive, send)
    |   File "/usr/local/lib/python3.10/site-packages/fastapi/routing.py", line 1773, in handle
    |     await self.original_router.handle(scope, receive, send)
    |   File "/usr/local/lib/python3.10/site-packages/fastapi/routing.py", line 2747, in handle
    |     await included_router._handle_selected(scope, receive, send)
    |   File "/usr/local/lib/python3.10/site-packages/fastapi/routing.py", line 1793, in _handle_selected
    |     await original_route.handle(scope, receive, send)
    |   File "/usr/local/lib/python3.10/site-packages/fastapi/routing.py", line 1272, in handle
    |     await app(scope, receive, send)
    |   File "/usr/local/lib/python3.10/site-packages/fastapi/routing.py", line 156, in app
    |     await wrap_app_handling_exceptions(app, request)(scope, receive, send)
    |   File "/usr/local/lib/python3.10/site-packages/starlette/_exception_handler.py", line 53, in wrapped_app
    |     raise exc
    |   File "/usr/local/lib/python3.10/site-packages/starlette/_exception_handler.py", line 42, in wrapped_app
    |     await app(scope, receive, sender)
    |   File "/usr/local/lib/python3.10/site-packages/fastapi/routing.py", line 142, in app
    |     response = await f(request)
    |   File "/usr/local/lib/python3.10/site-packages/fastapi/routing.py", line 698, in app
    |     raw_response = await run_endpoint_function(
    |   File "/usr/local/lib/python3.10/site-packages/fastapi/routing.py", line 352, in run_endpoint_function
    |     return await run_in_threadpool(dependant.call, **values)
    |   File "/usr/local/lib/python3.10/site-packages/starlette/concurrency.py", line 34, in run_in_threadpool
    |     return await anyio.to_thread.run_sync(func)
    |   File "/usr/local/lib/python3.10/site-packages/anyio/to_thread.py", line 65, in run_sync
    |     return await get_async_backend().run_sync_in_worker_thread(
    |   File "/usr/local/lib/python3.10/site-packages/anyio/_backends/_asyncio.py", line 2641, in run_sync_in_worker_thread
    |     return await future
    |   File "/usr/local/lib/python3.10/site-packages/anyio/_backends/_asyncio.py", line 1033, in run
    |     result = context.run(func, *args)
    |   File "/app/app/api/routes/dashboard_routes.py", line 131, in get_trends
    |     clients = client.get_clients()
    | AttributeError: 'FomsClient' object has no attribute 'get_clients'. Did you mean: 'get_payments'?
    +------------------------------------

The above exception was the direct cause of the following exception:

Traceback (most recent call last):
  File "/usr/local/lib/python3.10/site-packages/starlette/middleware/errors.py", line 164, in __call__
    await self.app(scope, receive, _send)
  File "/usr/local/lib/python3.10/site-packages/starlette/middleware/base.py", line 193, in __call__
    response = await self.dispatch_func(request, call_next)
  File "/app/app/main.py", line 116, in add_security_headers
    response = await call_next(request)
  File "/usr/local/lib/python3.10/site-packages/starlette/middleware/base.py", line 168, in call_next
    raise app_exc from app_exc.__cause__ or app_exc.__context__
  File "/usr/local/lib/python3.10/site-packages/starlette/middleware/base.py", line 144, in coro
    await self.app(scope, receive_or_disconnect, send_no_error)
  File "/usr/local/lib/python3.10/site-packages/starlette/middleware/base.py", line 193, in __call__
    response = await self.dispatch_func(request, call_next)
  File "/app/app/main.py", line 109, in verify_gateway_api_key
    response = await call_next(request)
  File "/usr/local/lib/python3.10/site-packages/starlette/middleware/base.py", line 168, in call_next
    raise app_exc from app_exc.__cause__ or app_exc.__context__
  File "/usr/local/lib/python3.10/site-packages/starlette/middleware/base.py", line 144, in coro
    await self.app(scope, receive_or_disconnect, send_no_error)
  File "/usr/local/lib/python3.10/site-packages/starlette/middleware/cors.py", line 88, in __call__
    await self.app(scope, receive, send)
  File "/usr/local/lib/python3.10/site-packages/starlette/middleware/exceptions.py", line 63, in __call__
    await wrap_app_handling_exceptions(self.app, conn)(scope, receive, send)
  File "/usr/local/lib/python3.10/site-packages/starlette/_exception_handler.py", line 53, in wrapped_app
    raise exc
  File "/usr/local/lib/python3.10/site-packages/starlette/_exception_handler.py", line 42, in wrapped_app
    await app(scope, receive, sender)
  File "/usr/local/lib/python3.10/site-packages/fastapi/middleware/asyncexitstack.py", line 18, in __call__
    await self.app(scope, receive, send)
  File "/usr/local/lib/python3.10/site-packages/starlette/routing.py", line 660, in __call__
    await self.middleware_stack(scope, receive, send)
  File "/usr/local/lib/python3.10/site-packages/fastapi/routing.py", line 2692, in app
    await route.handle(scope, receive, send)
  File "/usr/local/lib/python3.10/site-packages/fastapi/routing.py", line 1773, in handle
    await self.original_router.handle(scope, receive, send)
  File "/usr/local/lib/python3.10/site-packages/fastapi/routing.py", line 2747, in handle
    await included_router._handle_selected(scope, receive, send)
  File "/usr/local/lib/python3.10/site-packages/fastapi/routing.py", line 1793, in _handle_selected
    await original_route.handle(scope, receive, send)
  File "/usr/local/lib/python3.10/site-packages/fastapi/routing.py", line 1272, in handle
    await app(scope, receive, send)
  File "/usr/local/lib/python3.10/site-packages/fastapi/routing.py", line 156, in app
    await wrap_app_handling_exceptions(app, request)(scope, receive, send)
  File "/usr/local/lib/python3.10/site-packages/starlette/_exception_handler.py", line 53, in wrapped_app
    raise exc
  File "/usr/local/lib/python3.10/site-packages/starlette/_exception_handler.py", line 42, in wrapped_app
    await app(scope, receive, sender)
  File "/usr/local/lib/python3.10/site-packages/fastapi/routing.py", line 142, in app
    response = await f(request)
  File "/usr/local/lib/python3.10/site-packages/fastapi/routing.py", line 698, in app
    raw_response = await run_endpoint_function(
  File "/usr/local/lib/python3.10/site-packages/fastapi/routing.py", line 352, in run_endpoint_function
    return await run_in_threadpool(dependant.call, **values)
  File "/usr/local/lib/python3.10/site-packages/starlette/concurrency.py", line 34, in run_in_threadpool
    return await anyio.to_thread.run_sync(func)
  File "/usr/local/lib/python3.10/site-packages/anyio/to_thread.py", line 65, in run_sync
    return await get_async_backend().run_sync_in_worker_thread(
  File "/usr/local/lib/python3.10/site-packages/anyio/_backends/_asyncio.py", line 2641, in run_sync_in_worker_thread
    return await future
  File "/usr/local/lib/python3.10/site-packages/anyio/_backends/_asyncio.py", line 1033, in run
    result = context.run(func, *args)
  File "/app/app/api/routes/dashboard_routes.py", line 131, in get_trends
    clients = client.get_clients()
AttributeError: 'FomsClient' object has no attribute 'get_clients'. Did you mean: 'get_payments'?
ERROR:foms_client:Error fetching from FOMS API /api/ai-data/invoices: HTTPConnectionPool(host='host.docker.internal', port=5000): Max retries exceeded with url: /api/ai-data/invoices?page=1&pageSize=100 (Caused by NewConnectionError("HTTPConnection(host='host.docker.internal', port=5000): Failed to establish a new connection: [Errno 101] Network is unreachable"))
ERROR:foms_client:Error fetching from FOMS API /api/ai-data/invoices: HTTPConnectionPool(host='host.docker.internal', port=5000): Max retries exceeded with url: /api/ai-data/invoices?page=1&pageSize=100 (Caused by NewConnectionError("HTTPConnection(host='host.docker.internal', port=5000): Failed to establish a new connection: [Errno 101] Network is unreachable"))
ERROR:foms_client:Error fetching from FOMS API /api/ai-data/invoices: HTTPConnectionPool(host='host.docker.internal', port=5000): Max retries exceeded with url: /api/ai-data/invoices?page=1&pageSize=100 (Caused by NewConnectionError("HTTPConnection(host='host.docker.internal', port=5000): Failed to establish a new connection: [Errno 101] Network is unreachable"))
ERROR:foms_client:Error fetching from FOMS API /api/ai-data/invoices: HTTPConnectionPool(host='host.docker.internal', port=5000): Max retries exceeded with url: /api/ai-data/invoices?page=1&pageSize=100 (Caused by NewConnectionError("HTTPConnection(host='host.docker.internal', port=5000): Failed to establish a new connection: [Errno 101] Network is unreachable"))
ERROR:foms_client:Error fetching from FOMS API /api/ai-data/invoices: HTTPConnectionPool(host='host.docker.internal', port=5000): Max retries exceeded with url: /api/ai-data/invoices?page=1&pageSize=100 (Caused by NewConnectionError("HTTPConnection(host='host.docker.internal', port=5000): Failed to establish a new connection: [Errno 101] Network is unreachable"))
ERROR:app.main:[c8800880-1869-4cf6-8b2a-36688ad60f32] Unhandled exception on /api/ai/dashboard/trends: 'FomsClient' object has no attribute 'get_clients'
  + Exception Group Traceback (most recent call last):
  |   File "/usr/local/lib/python3.10/site-packages/starlette/_utils.py", line 85, in create_collapsing_task_group
  |     async with anyio.create_task_group() as tg:
  |   File "/usr/local/lib/python3.10/site-packages/anyio/_backends/_asyncio.py", line 815, in __aexit__
  |     raise BaseExceptionGroup(
  | exceptiongroup.ExceptionGroup: unhandled errors in a TaskGroup (1 sub-exception)
  +-+---------------- 1 ----------------
    | Traceback (most recent call last):
    |   File "/usr/local/lib/python3.10/site-packages/starlette/middleware/errors.py", line 164, in __call__
    |     await self.app(scope, receive, _send)
    |   File "/usr/local/lib/python3.10/site-packages/starlette/middleware/base.py", line 193, in __call__
    |     response = await self.dispatch_func(request, call_next)
    |   File "/app/app/main.py", line 116, in add_security_headers
    |     response = await call_next(request)
    |   File "/usr/local/lib/python3.10/site-packages/starlette/middleware/base.py", line 168, in call_next
    |     raise app_exc from app_exc.__cause__ or app_exc.__context__
    |   File "/usr/local/lib/python3.10/site-packages/starlette/middleware/base.py", line 144, in coro
    |     await self.app(scope, receive_or_disconnect, send_no_error)
    |   File "/usr/local/lib/python3.10/site-packages/starlette/middleware/base.py", line 193, in __call__
    |     response = await self.dispatch_func(request, call_next)
    |   File "/app/app/main.py", line 109, in verify_gateway_api_key
    |     response = await call_next(request)
    |   File "/usr/local/lib/python3.10/site-packages/starlette/middleware/base.py", line 168, in call_next
    |     raise app_exc from app_exc.__cause__ or app_exc.__context__
    |   File "/usr/local/lib/python3.10/site-packages/starlette/middleware/base.py", line 144, in coro
    |     await self.app(scope, receive_or_disconnect, send_no_error)
    |   File "/usr/local/lib/python3.10/site-packages/starlette/middleware/cors.py", line 88, in __call__
    |     await self.app(scope, receive, send)
    |   File "/usr/local/lib/python3.10/site-packages/starlette/middleware/exceptions.py", line 63, in __call__
    |     await wrap_app_handling_exceptions(self.app, conn)(scope, receive, send)
    |   File "/usr/local/lib/python3.10/site-packages/starlette/_exception_handler.py", line 53, in wrapped_app
    |     raise exc
    |   File "/usr/local/lib/python3.10/site-packages/starlette/_exception_handler.py", line 42, in wrapped_app
    |     await app(scope, receive, sender)
    |   File "/usr/local/lib/python3.10/site-packages/fastapi/middleware/asyncexitstack.py", line 18, in __call__
    |     await self.app(scope, receive, send)
    |   File "/usr/local/lib/python3.10/site-packages/starlette/routing.py", line 660, in __call__
    |     await self.middleware_stack(scope, receive, send)
    |   File "/usr/local/lib/python3.10/site-packages/fastapi/routing.py", line 2692, in app
    |     await route.handle(scope, receive, send)
    |   File "/usr/local/lib/python3.10/site-packages/fastapi/routing.py", line 1773, in handle
    |     await self.original_router.handle(scope, receive, send)
    |   File "/usr/local/lib/python3.10/site-packages/fastapi/routing.py", line 2747, in handle
    |     await included_router._handle_selected(scope, receive, send)
    |   File "/usr/local/lib/python3.10/site-packages/fastapi/routing.py", line 1793, in _handle_selected
    |     await original_route.handle(scope, receive, send)
    |   File "/usr/local/lib/python3.10/site-packages/fastapi/routing.py", line 1272, in handle
    |     await app(scope, receive, send)
    |   File "/usr/local/lib/python3.10/site-packages/fastapi/routing.py", line 156, in app
    |     await wrap_app_handling_exceptions(app, request)(scope, receive, send)
    |   File "/usr/local/lib/python3.10/site-packages/starlette/_exception_handler.py", line 53, in wrapped_app
    |     raise exc
    |   File "/usr/local/lib/python3.10/site-packages/starlette/_exception_handler.py", line 42, in wrapped_app
    |     await app(scope, receive, sender)
    |   File "/usr/local/lib/python3.10/site-packages/fastapi/routing.py", line 142, in app
    |     response = await f(request)
    |   File "/usr/local/lib/python3.10/site-packages/fastapi/routing.py", line 698, in app
    |     raw_response = await run_endpoint_function(
    |   File "/usr/local/lib/python3.10/site-packages/fastapi/routing.py", line 352, in run_endpoint_function
    |     return await run_in_threadpool(dependant.call, **values)
    |   File "/usr/local/lib/python3.10/site-packages/starlette/concurrency.py", line 34, in run_in_threadpool
    |     return await anyio.to_thread.run_sync(func)
    |   File "/usr/local/lib/python3.10/site-packages/anyio/to_thread.py", line 65, in run_sync
    |     return await get_async_backend().run_sync_in_worker_thread(
    |   File "/usr/local/lib/python3.10/site-packages/anyio/_backends/_asyncio.py", line 2641, in run_sync_in_worker_thread
    |     return await future
    |   File "/usr/local/lib/python3.10/site-packages/anyio/_backends/_asyncio.py", line 1033, in run
    |     result = context.run(func, *args)
    |   File "/app/app/api/routes/dashboard_routes.py", line 131, in get_trends
    |     clients = client.get_clients()
    | AttributeError: 'FomsClient' object has no attribute 'get_clients'. Did you mean: 'get_payments'?
    +------------------------------------

The above exception was the direct cause of the following exception:

Traceback (most recent call last):
  File "/usr/local/lib/python3.10/site-packages/starlette/middleware/errors.py", line 164, in __call__
    await self.app(scope, receive, _send)
  File "/usr/local/lib/python3.10/site-packages/starlette/middleware/base.py", line 193, in __call__
    response = await self.dispatch_func(request, call_next)
  File "/app/app/main.py", line 116, in add_security_headers
    response = await call_next(request)
  File "/usr/local/lib/python3.10/site-packages/starlette/middleware/base.py", line 168, in call_next
    raise app_exc from app_exc.__cause__ or app_exc.__context__
  File "/usr/local/lib/python3.10/site-packages/starlette/middleware/base.py", line 144, in coro
    await self.app(scope, receive_or_disconnect, send_no_error)
  File "/usr/local/lib/python3.10/site-packages/starlette/middleware/base.py", line 193, in __call__
    response = await self.dispatch_func(request, call_next)
  File "/app/app/main.py", line 109, in verify_gateway_api_key
    response = await call_next(request)
  File "/usr/local/lib/python3.10/site-packages/starlette/middleware/base.py", line 168, in call_next
    raise app_exc from app_exc.__cause__ or app_exc.__context__
  File "/usr/local/lib/python3.10/site-packages/starlette/middleware/base.py", line 144, in coro
    await self.app(scope, receive_or_disconnect, send_no_error)
  File "/usr/local/lib/python3.10/site-packages/starlette/middleware/cors.py", line 88, in __call__
    await self.app(scope, receive, send)
  File "/usr/local/lib/python3.10/site-packages/starlette/middleware/exceptions.py", line 63, in __call__
    await wrap_app_handling_exceptions(self.app, conn)(scope, receive, send)
  File "/usr/local/lib/python3.10/site-packages/starlette/_exception_handler.py", line 53, in wrapped_app
    raise exc
  File "/usr/local/lib/python3.10/site-packages/starlette/_exception_handler.py", line 42, in wrapped_app
    await app(scope, receive, sender)
  File "/usr/local/lib/python3.10/site-packages/fastapi/middleware/asyncexitstack.py", line 18, in __call__
    await self.app(scope, receive, send)
  File "/usr/local/lib/python3.10/site-packages/starlette/routing.py", line 660, in __call__
    await self.middleware_stack(scope, receive, send)
  File "/usr/local/lib/python3.10/site-packages/fastapi/routing.py", line 2692, in app
    await route.handle(scope, receive, send)
  File "/usr/local/lib/python3.10/site-packages/fastapi/routing.py", line 1773, in handle
    await self.original_router.handle(scope, receive, send)
  File "/usr/local/lib/python3.10/site-packages/fastapi/routing.py", line 2747, in handle
    await included_router._handle_selected(scope, receive, send)
  File "/usr/local/lib/python3.10/site-packages/fastapi/routing.py", line 1793, in _handle_selected
    await original_route.handle(scope, receive, send)
  File "/usr/local/lib/python3.10/site-packages/fastapi/routing.py", line 1272, in handle
    await app(scope, receive, send)
  File "/usr/local/lib/python3.10/site-packages/fastapi/routing.py", line 156, in app
    await wrap_app_handling_exceptions(app, request)(scope, receive, send)
  File "/usr/local/lib/python3.10/site-packages/starlette/_exception_handler.py", line 53, in wrapped_app
    raise exc
  File "/usr/local/lib/python3.10/site-packages/starlette/_exception_handler.py", line 42, in wrapped_app
    await app(scope, receive, sender)
  File "/usr/local/lib/python3.10/site-packages/fastapi/routing.py", line 142, in app
    response = await f(request)
  File "/usr/local/lib/python3.10/site-packages/fastapi/routing.py", line 698, in app
    raw_response = await run_endpoint_function(
  File "/usr/local/lib/python3.10/site-packages/fastapi/routing.py", line 352, in run_endpoint_function
    return await run_in_threadpool(dependant.call, **values)
  File "/usr/local/lib/python3.10/site-packages/starlette/concurrency.py", line 34, in run_in_threadpool
    return await anyio.to_thread.run_sync(func)
  File "/usr/local/lib/python3.10/site-packages/anyio/to_thread.py", line 65, in run_sync
    return await get_async_backend().run_sync_in_worker_thread(
  File "/usr/local/lib/python3.10/site-packages/anyio/_backends/_asyncio.py", line 2641, in run_sync_in_worker_thread
    return await future
  File "/usr/local/lib/python3.10/site-packages/anyio/_backends/_asyncio.py", line 1033, in run
    result = context.run(func, *args)
  File "/app/app/api/routes/dashboard_routes.py", line 131, in get_trends
    clients = client.get_clients()
AttributeError: 'FomsClient' object has no attribute 'get_clients'. Did you mean: 'get_payments'?
WARNING:app.services.ocr_service:Gemini Flash extraction call failed: (Gemini authentication failed: the configured API key is invalid or expired. Update GEMINI_API_KEY with a valid Google AI Studio key.). Falling back to heuristic OCR parser.
ERROR:foms_client:Error fetching from FOMS API /api/ai-data/invoices: HTTPConnectionPool(host='host.docker.internal', port=5000): Max retries exceeded with url: /api/ai-data/invoices?page=1&pageSize=100 (Caused by NewConnectionError("HTTPConnection(host='host.docker.internal', port=5000): Failed to establish a new connection: [Errno 101] Network is unreachable"))
ERROR:foms_client:Error fetching from FOMS API /api/ai-data/invoices: HTTPConnectionPool(host='host.docker.internal', port=5000): Max retries exceeded with url: /api/ai-data/invoices?page=1&pageSize=100 (Caused by NewConnectionError("HTTPConnection(host='host.docker.internal', port=5000): Failed to establish a new connection: [Errno 101] Network is unreachable"))
ERROR:foms_client:Error fetching from FOMS API /api/ai-data/invoices: HTTPConnectionPool(host='host.docker.internal', port=5000): Max retries exceeded with url: /api/ai-data/invoices?page=1&pageSize=100 (Caused by NewConnectionError("HTTPConnection(host='host.docker.internal', port=5000): Failed to establish a new connection: [Errno 101] Network is unreachable"))
ERROR:foms_client:Error fetching from FOMS API /api/ai-data/invoices: HTTPConnectionPool(host='host.docker.internal', port=5000): Max retries exceeded with url: /api/ai-data/invoices?page=1&pageSize=100 (Caused by NewConnectionError("HTTPConnection(host='host.docker.internal', port=5000): Failed to establish a new connection: [Errno 101] Network is unreachable"))
ERROR:foms_client:Error fetching from FOMS API /api/ai-data/invoices: HTTPConnectionPool(host='host.docker.internal', port=5000): Max retries exceeded with url: /api/ai-data/invoices?page=1&pageSize=100 (Caused by NewConnectionError("HTTPConnection(host='host.docker.internal', port=5000): Failed to establish a new connection: [Errno 101] Network is unreachable"))
ERROR:app.main:[a71c836d-98cb-40b4-947b-ac14bdea1721] Unhandled exception on /api/ai/dashboard/trends: 'FomsClient' object has no attribute 'get_clients'
  + Exception Group Traceback (most recent call last):
  |   File "/usr/local/lib/python3.10/site-packages/starlette/_utils.py", line 85, in create_collapsing_task_group
  |     async with anyio.create_task_group() as tg:
  |   File "/usr/local/lib/python3.10/site-packages/anyio/_backends/_asyncio.py", line 815, in __aexit__
  |     raise BaseExceptionGroup(
  | exceptiongroup.ExceptionGroup: unhandled errors in a TaskGroup (1 sub-exception)
  +-+---------------- 1 ----------------
    | Traceback (most recent call last):
    |   File "/usr/local/lib/python3.10/site-packages/starlette/middleware/errors.py", line 164, in __call__
    |     await self.app(scope, receive, _send)
    |   File "/usr/local/lib/python3.10/site-packages/starlette/middleware/base.py", line 193, in __call__
    |     response = await self.dispatch_func(request, call_next)
    |   File "/app/app/main.py", line 116, in add_security_headers
    |     response = await call_next(request)
    |   File "/usr/local/lib/python3.10/site-packages/starlette/middleware/base.py", line 168, in call_next
    |     raise app_exc from app_exc.__cause__ or app_exc.__context__
    |   File "/usr/local/lib/python3.10/site-packages/starlette/middleware/base.py", line 144, in coro
    |     await self.app(scope, receive_or_disconnect, send_no_error)
    |   File "/usr/local/lib/python3.10/site-packages/starlette/middleware/base.py", line 193, in __call__
    |     response = await self.dispatch_func(request, call_next)
    |   File "/app/app/main.py", line 109, in verify_gateway_api_key
    |     response = await call_next(request)
    |   File "/usr/local/lib/python3.10/site-packages/starlette/middleware/base.py", line 168, in call_next
    |     raise app_exc from app_exc.__cause__ or app_exc.__context__
    |   File "/usr/local/lib/python3.10/site-packages/starlette/middleware/base.py", line 144, in coro
    |     await self.app(scope, receive_or_disconnect, send_no_error)
    |   File "/usr/local/lib/python3.10/site-packages/starlette/middleware/cors.py", line 88, in __call__
    |     await self.app(scope, receive, send)
    |   File "/usr/local/lib/python3.10/site-packages/starlette/middleware/exceptions.py", line 63, in __call__
    |     await wrap_app_handling_exceptions(self.app, conn)(scope, receive, send)
    |   File "/usr/local/lib/python3.10/site-packages/starlette/_exception_handler.py", line 53, in wrapped_app
    |     raise exc
    |   File "/usr/local/lib/python3.10/site-packages/starlette/_exception_handler.py", line 42, in wrapped_app
    |     await app(scope, receive, sender)
    |   File "/usr/local/lib/python3.10/site-packages/fastapi/middleware/asyncexitstack.py", line 18, in __call__
    |     await self.app(scope, receive, send)
    |   File "/usr/local/lib/python3.10/site-packages/starlette/routing.py", line 660, in __call__
    |     await self.middleware_stack(scope, receive, send)
    |   File "/usr/local/lib/python3.10/site-packages/fastapi/routing.py", line 2692, in app
    |     await route.handle(scope, receive, send)
    |   File "/usr/local/lib/python3.10/site-packages/fastapi/routing.py", line 1773, in handle
    |     await self.original_router.handle(scope, receive, send)
    |   File "/usr/local/lib/python3.10/site-packages/fastapi/routing.py", line 2747, in handle
    |     await included_router._handle_selected(scope, receive, send)
    |   File "/usr/local/lib/python3.10/site-packages/fastapi/routing.py", line 1793, in _handle_selected
    |     await original_route.handle(scope, receive, send)
    |   File "/usr/local/lib/python3.10/site-packages/fastapi/routing.py", line 1272, in handle
    |     await app(scope, receive, send)
    |   File "/usr/local/lib/python3.10/site-packages/fastapi/routing.py", line 156, in app
    |     await wrap_app_handling_exceptions(app, request)(scope, receive, send)
    |   File "/usr/local/lib/python3.10/site-packages/starlette/_exception_handler.py", line 53, in wrapped_app
    |     raise exc
    |   File "/usr/local/lib/python3.10/site-packages/starlette/_exception_handler.py", line 42, in wrapped_app
    |     await app(scope, receive, sender)
    |   File "/usr/local/lib/python3.10/site-packages/fastapi/routing.py", line 142, in app
    |     response = await f(request)
    |   File "/usr/local/lib/python3.10/site-packages/fastapi/routing.py", line 698, in app
    |     raw_response = await run_endpoint_function(
    |   File "/usr/local/lib/python3.10/site-packages/fastapi/routing.py", line 352, in run_endpoint_function
    |     return await run_in_threadpool(dependant.call, **values)
    |   File "/usr/local/lib/python3.10/site-packages/starlette/concurrency.py", line 34, in run_in_threadpool
    |     return await anyio.to_thread.run_sync(func)
    |   File "/usr/local/lib/python3.10/site-packages/anyio/to_thread.py", line 65, in run_sync
    |     return await get_async_backend().run_sync_in_worker_thread(
    |   File "/usr/local/lib/python3.10/site-packages/anyio/_backends/_asyncio.py", line 2641, in run_sync_in_worker_thread
    |     return await future
    |   File "/usr/local/lib/python3.10/site-packages/anyio/_backends/_asyncio.py", line 1033, in run
    |     result = context.run(func, *args)
    |   File "/app/app/api/routes/dashboard_routes.py", line 131, in get_trends
    |     clients = client.get_clients()
    | AttributeError: 'FomsClient' object has no attribute 'get_clients'. Did you mean: 'get_payments'?
    +------------------------------------

The above exception was the direct cause of the following exception:

Traceback (most recent call last):
  File "/usr/local/lib/python3.10/site-packages/starlette/middleware/errors.py", line 164, in __call__
    await self.app(scope, receive, _send)
  File "/usr/local/lib/python3.10/site-packages/starlette/middleware/base.py", line 193, in __call__
    response = await self.dispatch_func(request, call_next)
  File "/app/app/main.py", line 116, in add_security_headers
    response = await call_next(request)
  File "/usr/local/lib/python3.10/site-packages/starlette/middleware/base.py", line 168, in call_next
    raise app_exc from app_exc.__cause__ or app_exc.__context__
  File "/usr/local/lib/python3.10/site-packages/starlette/middleware/base.py", line 144, in coro
    await self.app(scope, receive_or_disconnect, send_no_error)
  File "/usr/local/lib/python3.10/site-packages/starlette/middleware/base.py", line 193, in __call__
    response = await self.dispatch_func(request, call_next)
  File "/app/app/main.py", line 109, in verify_gateway_api_key
    response = await call_next(request)
  File "/usr/local/lib/python3.10/site-packages/starlette/middleware/base.py", line 168, in call_next
    raise app_exc from app_exc.__cause__ or app_exc.__context__
  File "/usr/local/lib/python3.10/site-packages/starlette/middleware/base.py", line 144, in coro
    await self.app(scope, receive_or_disconnect, send_no_error)
  File "/usr/local/lib/python3.10/site-packages/starlette/middleware/cors.py", line 88, in __call__
    await self.app(scope, receive, send)
  File "/usr/local/lib/python3.10/site-packages/starlette/middleware/exceptions.py", line 63, in __call__
    await wrap_app_handling_exceptions(self.app, conn)(scope, receive, send)
  File "/usr/local/lib/python3.10/site-packages/starlette/_exception_handler.py", line 53, in wrapped_app
    raise exc
  File "/usr/local/lib/python3.10/site-packages/starlette/_exception_handler.py", line 42, in wrapped_app
    await app(scope, receive, sender)
  File "/usr/local/lib/python3.10/site-packages/fastapi/middleware/asyncexitstack.py", line 18, in __call__
    await self.app(scope, receive, send)
  File "/usr/local/lib/python3.10/site-packages/starlette/routing.py", line 660, in __call__
    await self.middleware_stack(scope, receive, send)
  File "/usr/local/lib/python3.10/site-packages/fastapi/routing.py", line 2692, in app
    await route.handle(scope, receive, send)
  File "/usr/local/lib/python3.10/site-packages/fastapi/routing.py", line 1773, in handle
    await self.original_router.handle(scope, receive, send)
  File "/usr/local/lib/python3.10/site-packages/fastapi/routing.py", line 2747, in handle
    await included_router._handle_selected(scope, receive, send)
  File "/usr/local/lib/python3.10/site-packages/fastapi/routing.py", line 1793, in _handle_selected
    await original_route.handle(scope, receive, send)
  File "/usr/local/lib/python3.10/site-packages/fastapi/routing.py", line 1272, in handle
    await app(scope, receive, send)
  File "/usr/local/lib/python3.10/site-packages/fastapi/routing.py", line 156, in app
    await wrap_app_handling_exceptions(app, request)(scope, receive, send)
  File "/usr/local/lib/python3.10/site-packages/starlette/_exception_handler.py", line 53, in wrapped_app
    raise exc
  File "/usr/local/lib/python3.10/site-packages/starlette/_exception_handler.py", line 42, in wrapped_app
    await app(scope, receive, sender)
  File "/usr/local/lib/python3.10/site-packages/fastapi/routing.py", line 142, in app
    response = await f(request)
  File "/usr/local/lib/python3.10/site-packages/fastapi/routing.py", line 698, in app
    raw_response = await run_endpoint_function(
  File "/usr/local/lib/python3.10/site-packages/fastapi/routing.py", line 352, in run_endpoint_function
    return await run_in_threadpool(dependant.call, **values)
  File "/usr/local/lib/python3.10/site-packages/starlette/concurrency.py", line 34, in run_in_threadpool
    return await anyio.to_thread.run_sync(func)
  File "/usr/local/lib/python3.10/site-packages/anyio/to_thread.py", line 65, in run_sync
    return await get_async_backend().run_sync_in_worker_thread(
  File "/usr/local/lib/python3.10/site-packages/anyio/_backends/_asyncio.py", line 2641, in run_sync_in_worker_thread
    return await future
  File "/usr/local/lib/python3.10/site-packages/anyio/_backends/_asyncio.py", line 1033, in run
    result = context.run(func, *args)
  File "/app/app/api/routes/dashboard_routes.py", line 131, in get_trends
    clients = client.get_clients()
AttributeError: 'FomsClient' object has no attribute 'get_clients'. Did you mean: 'get_payments'?
WARNING:app.services.ocr_service:Gemini Flash extraction call failed: (Gemini authentication failed: the configured API key is invalid or expired. Update GEMINI_API_KEY with a valid Google AI Studio key.). Falling back to heuristic OCR parser.
WARNING:app.services.ocr_service:Gemini Flash extraction call failed: (Gemini authentication failed: the configured API key is invalid or expired. Update GEMINI_API_KEY with a valid Google AI Studio key.). Falling back to heuristic OCR parser.
WARNING:app.services.ocr_service:Rejecting uploaded non-financial image: photo_2026-06-01_23-46-54.jpg
ERROR:foms_client:Error fetching from FOMS API /api/ai-data/invoices: HTTPConnectionPool(host='host.docker.internal', port=5000): Max retries exceeded with url: /api/ai-data/invoices?page=1&pageSize=100 (Caused by NewConnectionError("HTTPConnection(host='host.docker.internal', port=5000): Failed to establish a new connection: [Errno 101] Network is unreachable"))
ERROR:foms_client:Error fetching from FOMS API /api/ai-data/invoices: HTTPConnectionPool(host='host.docker.internal', port=5000): Max retries exceeded with url: /api/ai-data/invoices?page=1&pageSize=100 (Caused by NewConnectionError("HTTPConnection(host='host.docker.internal', port=5000): Failed to establish a new connection: [Errno 101] Network is unreachable"))
ERROR:foms_client:Error fetching from FOMS API /api/ai-data/invoices: HTTPConnectionPool(host='host.docker.internal', port=5000): Max retries exceeded with url: /api/ai-data/invoices?page=1&pageSize=100 (Caused by NewConnectionError("HTTPConnection(host='host.docker.internal', port=5000): Failed to establish a new connection: [Errno 101] Network is unreachable"))
ERROR:foms_client:Error fetching from FOMS API /api/ai-data/invoices: HTTPConnectionPool(host='host.docker.internal', port=5000): Max retries exceeded with url: /api/ai-data/invoices?page=1&pageSize=100 (Caused by NewConnectionError("HTTPConnection(host='host.docker.internal', port=5000): Failed to establish a new connection: [Errno 101] Network is unreachable"))
ERROR:foms_client:Error fetching from FOMS API /api/ai-data/invoices: HTTPConnectionPool(host='host.docker.internal', port=5000): Max retries exceeded with url: /api/ai-data/invoices?page=1&pageSize=100 (Caused by NewConnectionError("HTTPConnection(host='host.docker.internal', port=5000): Failed to establish a new connection: [Errno 101] Network is unreachable"))
ERROR:app.main:[58bd8881-00ad-45ea-83e5-29f2060057b5] Unhandled exception on /api/ai/dashboard/trends: 'FomsClient' object has no attribute 'get_clients'
  + Exception Group Traceback (most recent call last):
  |   File "/usr/local/lib/python3.10/site-packages/starlette/_utils.py", line 85, in create_collapsing_task_group
  |     async with anyio.create_task_group() as tg:
  |   File "/usr/local/lib/python3.10/site-packages/anyio/_backends/_asyncio.py", line 815, in __aexit__
  |     raise BaseExceptionGroup(
  | exceptiongroup.ExceptionGroup: unhandled errors in a TaskGroup (1 sub-exception)
  +-+---------------- 1 ----------------
    | Traceback (most recent call last):
    |   File "/usr/local/lib/python3.10/site-packages/starlette/middleware/errors.py", line 164, in __call__
    |     await self.app(scope, receive, _send)
    |   File "/usr/local/lib/python3.10/site-packages/starlette/middleware/base.py", line 193, in __call__
    |     response = await self.dispatch_func(request, call_next)
    |   File "/app/app/main.py", line 116, in add_security_headers
    |     response = await call_next(request)
    |   File "/usr/local/lib/python3.10/site-packages/starlette/middleware/base.py", line 168, in call_next
    |     raise app_exc from app_exc.__cause__ or app_exc.__context__
    |   File "/usr/local/lib/python3.10/site-packages/starlette/middleware/base.py", line 144, in coro
    |     await self.app(scope, receive_or_disconnect, send_no_error)
    |   File "/usr/local/lib/python3.10/site-packages/starlette/middleware/base.py", line 193, in __call__
    |     response = await self.dispatch_func(request, call_next)
    |   File "/app/app/main.py", line 109, in verify_gateway_api_key
    |     response = await call_next(request)
    |   File "/usr/local/lib/python3.10/site-packages/starlette/middleware/base.py", line 168, in call_next
    |     raise app_exc from app_exc.__cause__ or app_exc.__context__
    |   File "/usr/local/lib/python3.10/site-packages/starlette/middleware/base.py", line 144, in coro
    |     await self.app(scope, receive_or_disconnect, send_no_error)
    |   File "/usr/local/lib/python3.10/site-packages/starlette/middleware/cors.py", line 88, in __call__
    |     await self.app(scope, receive, send)
    |   File "/usr/local/lib/python3.10/site-packages/starlette/middleware/exceptions.py", line 63, in __call__
    |     await wrap_app_handling_exceptions(self.app, conn)(scope, receive, send)
    |   File "/usr/local/lib/python3.10/site-packages/starlette/_exception_handler.py", line 53, in wrapped_app
    |     raise exc
    |   File "/usr/local/lib/python3.10/site-packages/starlette/_exception_handler.py", line 42, in wrapped_app
    |     await app(scope, receive, sender)
    |   File "/usr/local/lib/python3.10/site-packages/fastapi/middleware/asyncexitstack.py", line 18, in __call__
    |     await self.app(scope, receive, send)
    |   File "/usr/local/lib/python3.10/site-packages/starlette/routing.py", line 660, in __call__
    |     await self.middleware_stack(scope, receive, send)
    |   File "/usr/local/lib/python3.10/site-packages/fastapi/routing.py", line 2692, in app
    |     await route.handle(scope, receive, send)
    |   File "/usr/local/lib/python3.10/site-packages/fastapi/routing.py", line 1773, in handle
    |     await self.original_router.handle(scope, receive, send)
    |   File "/usr/local/lib/python3.10/site-packages/fastapi/routing.py", line 2747, in handle
    |     await included_router._handle_selected(scope, receive, send)
    |   File "/usr/local/lib/python3.10/site-packages/fastapi/routing.py", line 1793, in _handle_selected
    |     await original_route.handle(scope, receive, send)
    |   File "/usr/local/lib/python3.10/site-packages/fastapi/routing.py", line 1272, in handle
    |     await app(scope, receive, send)
    |   File "/usr/local/lib/python3.10/site-packages/fastapi/routing.py", line 156, in app
    |     await wrap_app_handling_exceptions(app, request)(scope, receive, send)
    |   File "/usr/local/lib/python3.10/site-packages/starlette/_exception_handler.py", line 53, in wrapped_app
    |     raise exc
    |   File "/usr/local/lib/python3.10/site-packages/starlette/_exception_handler.py", line 42, in wrapped_app
    |     await app(scope, receive, sender)
    |   File "/usr/local/lib/python3.10/site-packages/fastapi/routing.py", line 142, in app
    |     response = await f(request)
    |   File "/usr/local/lib/python3.10/site-packages/fastapi/routing.py", line 698, in app
    |     raw_response = await run_endpoint_function(
    |   File "/usr/local/lib/python3.10/site-packages/fastapi/routing.py", line 352, in run_endpoint_function
    |     return await run_in_threadpool(dependant.call, **values)
    |   File "/usr/local/lib/python3.10/site-packages/starlette/concurrency.py", line 34, in run_in_threadpool
    |     return await anyio.to_thread.run_sync(func)
    |   File "/usr/local/lib/python3.10/site-packages/anyio/to_thread.py", line 65, in run_sync
    |     return await get_async_backend().run_sync_in_worker_thread(
    |   File "/usr/local/lib/python3.10/site-packages/anyio/_backends/_asyncio.py", line 2641, in run_sync_in_worker_thread
    |     return await future
    |   File "/usr/local/lib/python3.10/site-packages/anyio/_backends/_asyncio.py", line 1033, in run
    |     result = context.run(func, *args)
    |   File "/app/app/api/routes/dashboard_routes.py", line 131, in get_trends
    |     clients = client.get_clients()
    | AttributeError: 'FomsClient' object has no attribute 'get_clients'. Did you mean: 'get_payments'?
    +------------------------------------

The above exception was the direct cause of the following exception:

Traceback (most recent call last):
  File "/usr/local/lib/python3.10/site-packages/starlette/middleware/errors.py", line 164, in __call__
    await self.app(scope, receive, _send)
  File "/usr/local/lib/python3.10/site-packages/starlette/middleware/base.py", line 193, in __call__
    response = await self.dispatch_func(request, call_next)
  File "/app/app/main.py", line 116, in add_security_headers
    response = await call_next(request)
  File "/usr/local/lib/python3.10/site-packages/starlette/middleware/base.py", line 168, in call_next
    raise app_exc from app_exc.__cause__ or app_exc.__context__
  File "/usr/local/lib/python3.10/site-packages/starlette/middleware/base.py", line 144, in coro
    await self.app(scope, receive_or_disconnect, send_no_error)
  File "/usr/local/lib/python3.10/site-packages/starlette/middleware/base.py", line 193, in __call__
    response = await self.dispatch_func(request, call_next)
  File "/app/app/main.py", line 109, in verify_gateway_api_key
    response = await call_next(request)
  File "/usr/local/lib/python3.10/site-packages/starlette/middleware/base.py", line 168, in call_next
    raise app_exc from app_exc.__cause__ or app_exc.__context__
  File "/usr/local/lib/python3.10/site-packages/starlette/middleware/base.py", line 144, in coro
    await self.app(scope, receive_or_disconnect, send_no_error)
  File "/usr/local/lib/python3.10/site-packages/starlette/middleware/cors.py", line 88, in __call__
    await self.app(scope, receive, send)
  File "/usr/local/lib/python3.10/site-packages/starlette/middleware/exceptions.py", line 63, in __call__
    await wrap_app_handling_exceptions(self.app, conn)(scope, receive, send)
  File "/usr/local/lib/python3.10/site-packages/starlette/_exception_handler.py", line 53, in wrapped_app
    raise exc
  File "/usr/local/lib/python3.10/site-packages/starlette/_exception_handler.py", line 42, in wrapped_app
    await app(scope, receive, sender)
  File "/usr/local/lib/python3.10/site-packages/fastapi/middleware/asyncexitstack.py", line 18, in __call__
    await self.app(scope, receive, send)
  File "/usr/local/lib/python3.10/site-packages/starlette/routing.py", line 660, in __call__
    await self.middleware_stack(scope, receive, send)
  File "/usr/local/lib/python3.10/site-packages/fastapi/routing.py", line 2692, in app
    await route.handle(scope, receive, send)
  File "/usr/local/lib/python3.10/site-packages/fastapi/routing.py", line 1773, in handle
    await self.original_router.handle(scope, receive, send)
  File "/usr/local/lib/python3.10/site-packages/fastapi/routing.py", line 2747, in handle
    await included_router._handle_selected(scope, receive, send)
  File "/usr/local/lib/python3.10/site-packages/fastapi/routing.py", line 1793, in _handle_selected
    await original_route.handle(scope, receive, send)
  File "/usr/local/lib/python3.10/site-packages/fastapi/routing.py", line 1272, in handle
    await app(scope, receive, send)
  File "/usr/local/lib/python3.10/site-packages/fastapi/routing.py", line 156, in app
    await wrap_app_handling_exceptions(app, request)(scope, receive, send)
  File "/usr/local/lib/python3.10/site-packages/starlette/_exception_handler.py", line 53, in wrapped_app
    raise exc
  File "/usr/local/lib/python3.10/site-packages/starlette/_exception_handler.py", line 42, in wrapped_app
    await app(scope, receive, sender)
  File "/usr/local/lib/python3.10/site-packages/fastapi/routing.py", line 142, in app
    response = await f(request)
  File "/usr/local/lib/python3.10/site-packages/fastapi/routing.py", line 698, in app
    raw_response = await run_endpoint_function(
  File "/usr/local/lib/python3.10/site-packages/fastapi/routing.py", line 352, in run_endpoint_function
    return await run_in_threadpool(dependant.call, **values)
  File "/usr/local/lib/python3.10/site-packages/starlette/concurrency.py", line 34, in run_in_threadpool
    return await anyio.to_thread.run_sync(func)
  File "/usr/local/lib/python3.10/site-packages/anyio/to_thread.py", line 65, in run_sync
    return await get_async_backend().run_sync_in_worker_thread(
  File "/usr/local/lib/python3.10/site-packages/anyio/_backends/_asyncio.py", line 2641, in run_sync_in_worker_thread
    return await future
  File "/usr/local/lib/python3.10/site-packages/anyio/_backends/_asyncio.py", line 1033, in run
    result = context.run(func, *args)
  File "/app/app/api/routes/dashboard_routes.py", line 131, in get_trends
    clients = client.get_clients()
AttributeError: 'FomsClient' object has no attribute 'get_clients'. Did you mean: 'get_payments'?
WARNING:app.services.ocr_service:Gemini Flash extraction call failed: (Gemini authentication failed: the configured API key is invalid or expired. Update GEMINI_API_KEY with a valid Google AI Studio key.). Falling back to heuristic OCR parser.
ERROR:foms_client:Error fetching from FOMS API /api/ai-data/invoices: HTTPConnectionPool(host='host.docker.internal', port=5000): Max retries exceeded with url: /api/ai-data/invoices?page=1&pageSize=100 (Caused by NewConnectionError("HTTPConnection(host='host.docker.internal', port=5000): Failed to establish a new connection: [Errno 101] Network is unreachable"))
ERROR:foms_client:Error fetching from FOMS API /api/ai-data/invoices: HTTPConnectionPool(host='host.docker.internal', port=5000): Max retries exceeded with url: /api/ai-data/invoices?page=1&pageSize=100 (Caused by NewConnectionError("HTTPConnection(host='host.docker.internal', port=5000): Failed to establish a new connection: [Errno 101] Network is unreachable"))
ERROR:foms_client:Error fetching from FOMS API /api/ai-data/invoices: HTTPConnectionPool(host='host.docker.internal', port=5000): Max retries exceeded with url: /api/ai-data/invoices?page=1&pageSize=100 (Caused by NewConnectionError("HTTPConnection(host='host.docker.internal', port=5000): Failed to establish a new connection: [Errno 101] Network is unreachable"))
ERROR:foms_client:Error fetching from FOMS API /api/ai-data/invoices: HTTPConnectionPool(host='host.docker.internal', port=5000): Max retries exceeded with url: /api/ai-data/invoices?page=1&pageSize=100 (Caused by NewConnectionError("HTTPConnection(host='host.docker.internal', port=5000): Failed to establish a new connection: [Errno 101] Network is unreachable"))
ERROR:foms_client:Error fetching from FOMS API /api/ai-data/invoices: HTTPConnectionPool(host='host.docker.internal', port=5000): Max retries exceeded with url: /api/ai-data/invoices?page=1&pageSize=100 (Caused by NewConnectionError("HTTPConnection(host='host.docker.internal', port=5000): Failed to establish a new connection: [Errno 101] Network is unreachable"))
ERROR:app.main:[678c1ca6-be39-4899-915a-4c8fc5af3208] Unhandled exception on /api/ai/dashboard/trends: 'FomsClient' object has no attribute 'get_clients'
  + Exception Group Traceback (most recent call last):
  |   File "/usr/local/lib/python3.10/site-packages/starlette/_utils.py", line 85, in create_collapsing_task_group
  |     async with anyio.create_task_group() as tg:
  |   File "/usr/local/lib/python3.10/site-packages/anyio/_backends/_asyncio.py", line 815, in __aexit__
  |     raise BaseExceptionGroup(
  | exceptiongroup.ExceptionGroup: unhandled errors in a TaskGroup (1 sub-exception)
  +-+---------------- 1 ----------------
    | Traceback (most recent call last):
    |   File "/usr/local/lib/python3.10/site-packages/starlette/middleware/errors.py", line 164, in __call__
    |     await self.app(scope, receive, _send)
    |   File "/usr/local/lib/python3.10/site-packages/starlette/middleware/base.py", line 193, in __call__
    |     response = await self.dispatch_func(request, call_next)
    |   File "/app/app/main.py", line 116, in add_security_headers
    |     response = await call_next(request)
    |   File "/usr/local/lib/python3.10/site-packages/starlette/middleware/base.py", line 168, in call_next
    |     raise app_exc from app_exc.__cause__ or app_exc.__context__
    |   File "/usr/local/lib/python3.10/site-packages/starlette/middleware/base.py", line 144, in coro
    |     await self.app(scope, receive_or_disconnect, send_no_error)
    |   File "/usr/local/lib/python3.10/site-packages/starlette/middleware/base.py", line 193, in __call__
    |     response = await self.dispatch_func(request, call_next)
    |   File "/app/app/main.py", line 109, in verify_gateway_api_key
    |     response = await call_next(request)
    |   File "/usr/local/lib/python3.10/site-packages/starlette/middleware/base.py", line 168, in call_next
    |     raise app_exc from app_exc.__cause__ or app_exc.__context__
    |   File "/usr/local/lib/python3.10/site-packages/starlette/middleware/base.py", line 144, in coro
    |     await self.app(scope, receive_or_disconnect, send_no_error)
    |   File "/usr/local/lib/python3.10/site-packages/starlette/middleware/cors.py", line 88, in __call__
    |     await self.app(scope, receive, send)
    |   File "/usr/local/lib/python3.10/site-packages/starlette/middleware/exceptions.py", line 63, in __call__
    |     await wrap_app_handling_exceptions(self.app, conn)(scope, receive, send)
    |   File "/usr/local/lib/python3.10/site-packages/starlette/_exception_handler.py", line 53, in wrapped_app
    |     raise exc
    |   File "/usr/local/lib/python3.10/site-packages/starlette/_exception_handler.py", line 42, in wrapped_app
    |     await app(scope, receive, sender)
    |   File "/usr/local/lib/python3.10/site-packages/fastapi/middleware/asyncexitstack.py", line 18, in __call__
    |     await self.app(scope, receive, send)
    |   File "/usr/local/lib/python3.10/site-packages/starlette/routing.py", line 660, in __call__
    |     await self.middleware_stack(scope, receive, send)
    |   File "/usr/local/lib/python3.10/site-packages/fastapi/routing.py", line 2692, in app
    |     await route.handle(scope, receive, send)
    |   File "/usr/local/lib/python3.10/site-packages/fastapi/routing.py", line 1773, in handle
    |     await self.original_router.handle(scope, receive, send)
    |   File "/usr/local/lib/python3.10/site-packages/fastapi/routing.py", line 2747, in handle
    |     await included_router._handle_selected(scope, receive, send)
    |   File "/usr/local/lib/python3.10/site-packages/fastapi/routing.py", line 1793, in _handle_selected
    |     await original_route.handle(scope, receive, send)
    |   File "/usr/local/lib/python3.10/site-packages/fastapi/routing.py", line 1272, in handle
    |     await app(scope, receive, send)
    |   File "/usr/local/lib/python3.10/site-packages/fastapi/routing.py", line 156, in app
    |     await wrap_app_handling_exceptions(app, request)(scope, receive, send)
    |   File "/usr/local/lib/python3.10/site-packages/starlette/_exception_handler.py", line 53, in wrapped_app
    |     raise exc
    |   File "/usr/local/lib/python3.10/site-packages/starlette/_exception_handler.py", line 42, in wrapped_app
    |     await app(scope, receive, sender)
    |   File "/usr/local/lib/python3.10/site-packages/fastapi/routing.py", line 142, in app
    |     response = await f(request)
    |   File "/usr/local/lib/python3.10/site-packages/fastapi/routing.py", line 698, in app
    |     raw_response = await run_endpoint_function(
    |   File "/usr/local/lib/python3.10/site-packages/fastapi/routing.py", line 352, in run_endpoint_function
    |     return await run_in_threadpool(dependant.call, **values)
    |   File "/usr/local/lib/python3.10/site-packages/starlette/concurrency.py", line 34, in run_in_threadpool
    |     return await anyio.to_thread.run_sync(func)
    |   File "/usr/local/lib/python3.10/site-packages/anyio/to_thread.py", line 65, in run_sync
    |     return await get_async_backend().run_sync_in_worker_thread(
    |   File "/usr/local/lib/python3.10/site-packages/anyio/_backends/_asyncio.py", line 2641, in run_sync_in_worker_thread
    |     return await future
    |   File "/usr/local/lib/python3.10/site-packages/anyio/_backends/_asyncio.py", line 1033, in run
    |     result = context.run(func, *args)
    |   File "/app/app/api/routes/dashboard_routes.py", line 131, in get_trends
    |     clients = client.get_clients()
    | AttributeError: 'FomsClient' object has no attribute 'get_clients'. Did you mean: 'get_payments'?
    +------------------------------------

The above exception was the direct cause of the following exception:

Traceback (most recent call last):
  File "/usr/local/lib/python3.10/site-packages/starlette/middleware/errors.py", line 164, in __call__
    await self.app(scope, receive, _send)
  File "/usr/local/lib/python3.10/site-packages/starlette/middleware/base.py", line 193, in __call__
    response = await self.dispatch_func(request, call_next)
  File "/app/app/main.py", line 116, in add_security_headers
    response = await call_next(request)
  File "/usr/local/lib/python3.10/site-packages/starlette/middleware/base.py", line 168, in call_next
    raise app_exc from app_exc.__cause__ or app_exc.__context__
  File "/usr/local/lib/python3.10/site-packages/starlette/middleware/base.py", line 144, in coro
    await self.app(scope, receive_or_disconnect, send_no_error)
  File "/usr/local/lib/python3.10/site-packages/starlette/middleware/base.py", line 193, in __call__
    response = await self.dispatch_func(request, call_next)
  File "/app/app/main.py", line 109, in verify_gateway_api_key
    response = await call_next(request)
  File "/usr/local/lib/python3.10/site-packages/starlette/middleware/base.py", line 168, in call_next
    raise app_exc from app_exc.__cause__ or app_exc.__context__
  File "/usr/local/lib/python3.10/site-packages/starlette/middleware/base.py", line 144, in coro
    await self.app(scope, receive_or_disconnect, send_no_error)
  File "/usr/local/lib/python3.10/site-packages/starlette/middleware/cors.py", line 88, in __call__
    await self.app(scope, receive, send)
  File "/usr/local/lib/python3.10/site-packages/starlette/middleware/exceptions.py", line 63, in __call__
    await wrap_app_handling_exceptions(self.app, conn)(scope, receive, send)
  File "/usr/local/lib/python3.10/site-packages/starlette/_exception_handler.py", line 53, in wrapped_app
    raise exc
  File "/usr/local/lib/python3.10/site-packages/starlette/_exception_handler.py", line 42, in wrapped_app
    await app(scope, receive, sender)
  File "/usr/local/lib/python3.10/site-packages/fastapi/middleware/asyncexitstack.py", line 18, in __call__
    await self.app(scope, receive, send)
  File "/usr/local/lib/python3.10/site-packages/starlette/routing.py", line 660, in __call__
    await self.middleware_stack(scope, receive, send)
  File "/usr/local/lib/python3.10/site-packages/fastapi/routing.py", line 2692, in app
    await route.handle(scope, receive, send)
  File "/usr/local/lib/python3.10/site-packages/fastapi/routing.py", line 1773, in handle
    await self.original_router.handle(scope, receive, send)
  File "/usr/local/lib/python3.10/site-packages/fastapi/routing.py", line 2747, in handle
    await included_router._handle_selected(scope, receive, send)
  File "/usr/local/lib/python3.10/site-packages/fastapi/routing.py", line 1793, in _handle_selected
    await original_route.handle(scope, receive, send)
  File "/usr/local/lib/python3.10/site-packages/fastapi/routing.py", line 1272, in handle
    await app(scope, receive, send)
  File "/usr/local/lib/python3.10/site-packages/fastapi/routing.py", line 156, in app
    await wrap_app_handling_exceptions(app, request)(scope, receive, send)
  File "/usr/local/lib/python3.10/site-packages/starlette/_exception_handler.py", line 53, in wrapped_app
    raise exc
  File "/usr/local/lib/python3.10/site-packages/starlette/_exception_handler.py", line 42, in wrapped_app
    await app(scope, receive, sender)
  File "/usr/local/lib/python3.10/site-packages/fastapi/routing.py", line 142, in app
    response = await f(request)
  File "/usr/local/lib/python3.10/site-packages/fastapi/routing.py", line 698, in app
    raw_response = await run_endpoint_function(
  File "/usr/local/lib/python3.10/site-packages/fastapi/routing.py", line 352, in run_endpoint_function
    return await run_in_threadpool(dependant.call, **values)
  File "/usr/local/lib/python3.10/site-packages/starlette/concurrency.py", line 34, in run_in_threadpool
    return await anyio.to_thread.run_sync(func)
  File "/usr/local/lib/python3.10/site-packages/anyio/to_thread.py", line 65, in run_sync
    return await get_async_backend().run_sync_in_worker_thread(
  File "/usr/local/lib/python3.10/site-packages/anyio/_backends/_asyncio.py", line 2641, in run_sync_in_worker_thread
    return await future
  File "/usr/local/lib/python3.10/site-packages/anyio/_backends/_asyncio.py", line 1033, in run
    result = context.run(func, *args)
  File "/app/app/api/routes/dashboard_routes.py", line 131, in get_trends
    clients = client.get_clients()
AttributeError: 'FomsClient' object has no attribute 'get_clients'. Did you mean: 'get_payments'?
ERROR:foms_client:Error fetching from FOMS API /api/ai-data/invoices: HTTPConnectionPool(host='host.docker.internal', port=5000): Max retries exceeded with url: /api/ai-data/invoices?page=1&pageSize=100 (Caused by NewConnectionError("HTTPConnection(host='host.docker.internal', port=5000): Failed to establish a new connection: [Errno 101] Network is unreachable"))
ERROR:foms_client:Error fetching from FOMS API /api/ai-data/invoices: HTTPConnectionPool(host='host.docker.internal', port=5000): Max retries exceeded with url: /api/ai-data/invoices?page=1&pageSize=100 (Caused by NewConnectionError("HTTPConnection(host='host.docker.internal', port=5000): Failed to establish a new connection: [Errno 101] Network is unreachable"))
ERROR:foms_client:Error fetching from FOMS API /api/ai-data/invoices: HTTPConnectionPool(host='host.docker.internal', port=5000): Max retries exceeded with url: /api/ai-data/invoices?page=1&pageSize=100 (Caused by NewConnectionError("HTTPConnection(host='host.docker.internal', port=5000): Failed to establish a new connection: [Errno 101] Network is unreachable"))
ERROR:app.main:[1e8ade32-342a-4bf4-b113-cf1a0ac1cf0c] Unhandled exception on /api/ai/dashboard/trends: 'FomsClient' object has no attribute 'get_clients'
  + Exception Group Traceback (most recent call last):
  |   File "/usr/local/lib/python3.10/site-packages/starlette/_utils.py", line 85, in create_collapsing_task_group
  |     async with anyio.create_task_group() as tg:
  |   File "/usr/local/lib/python3.10/site-packages/anyio/_backends/_asyncio.py", line 815, in __aexit__
  |     raise BaseExceptionGroup(
  | exceptiongroup.ExceptionGroup: unhandled errors in a TaskGroup (1 sub-exception)
  +-+---------------- 1 ----------------
    | Traceback (most recent call last):
    |   File "/usr/local/lib/python3.10/site-packages/starlette/middleware/errors.py", line 164, in __call__
    |     await self.app(scope, receive, _send)
    |   File "/usr/local/lib/python3.10/site-packages/starlette/middleware/base.py", line 193, in __call__
    |     response = await self.dispatch_func(request, call_next)
    |   File "/app/app/main.py", line 116, in add_security_headers
    |     response = await call_next(request)
    |   File "/usr/local/lib/python3.10/site-packages/starlette/middleware/base.py", line 168, in call_next
    |     raise app_exc from app_exc.__cause__ or app_exc.__context__
    |   File "/usr/local/lib/python3.10/site-packages/starlette/middleware/base.py", line 144, in coro
    |     await self.app(scope, receive_or_disconnect, send_no_error)
    |   File "/usr/local/lib/python3.10/site-packages/starlette/middleware/base.py", line 193, in __call__
    |     response = await self.dispatch_func(request, call_next)
    |   File "/app/app/main.py", line 109, in verify_gateway_api_key
    |     response = await call_next(request)
    |   File "/usr/local/lib/python3.10/site-packages/starlette/middleware/base.py", line 168, in call_next
    |     raise app_exc from app_exc.__cause__ or app_exc.__context__
    |   File "/usr/local/lib/python3.10/site-packages/starlette/middleware/base.py", line 144, in coro
    |     await self.app(scope, receive_or_disconnect, send_no_error)
    |   File "/usr/local/lib/python3.10/site-packages/starlette/middleware/cors.py", line 88, in __call__
    |     await self.app(scope, receive, send)
    |   File "/usr/local/lib/python3.10/site-packages/starlette/middleware/exceptions.py", line 63, in __call__
    |     await wrap_app_handling_exceptions(self.app, conn)(scope, receive, send)
    |   File "/usr/local/lib/python3.10/site-packages/starlette/_exception_handler.py", line 53, in wrapped_app
    |     raise exc
    |   File "/usr/local/lib/python3.10/site-packages/starlette/_exception_handler.py", line 42, in wrapped_app
    |     await app(scope, receive, sender)
    |   File "/usr/local/lib/python3.10/site-packages/fastapi/middleware/asyncexitstack.py", line 18, in __call__
    |     await self.app(scope, receive, send)
    |   File "/usr/local/lib/python3.10/site-packages/starlette/routing.py", line 660, in __call__
    |     await self.middleware_stack(scope, receive, send)
    |   File "/usr/local/lib/python3.10/site-packages/fastapi/routing.py", line 2692, in app
    |     await route.handle(scope, receive, send)
    |   File "/usr/local/lib/python3.10/site-packages/fastapi/routing.py", line 1773, in handle
    |     await self.original_router.handle(scope, receive, send)
    |   File "/usr/local/lib/python3.10/site-packages/fastapi/routing.py", line 2747, in handle
    |     await included_router._handle_selected(scope, receive, send)
    |   File "/usr/local/lib/python3.10/site-packages/fastapi/routing.py", line 1793, in _handle_selected
    |     await original_route.handle(scope, receive, send)
    |   File "/usr/local/lib/python3.10/site-packages/fastapi/routing.py", line 1272, in handle
    |     await app(scope, receive, send)
    |   File "/usr/local/lib/python3.10/site-packages/fastapi/routing.py", line 156, in app
    |     await wrap_app_handling_exceptions(app, request)(scope, receive, send)
    |   File "/usr/local/lib/python3.10/site-packages/starlette/_exception_handler.py", line 53, in wrapped_app
    |     raise exc
    |   File "/usr/local/lib/python3.10/site-packages/starlette/_exception_handler.py", line 42, in wrapped_app
    |     await app(scope, receive, sender)
    |   File "/usr/local/lib/python3.10/site-packages/fastapi/routing.py", line 142, in app
    |     response = await f(request)
    |   File "/usr/local/lib/python3.10/site-packages/fastapi/routing.py", line 698, in app
    |     raw_response = await run_endpoint_function(
    |   File "/usr/local/lib/python3.10/site-packages/fastapi/routing.py", line 352, in run_endpoint_function
    |     return await run_in_threadpool(dependant.call, **values)
    |   File "/usr/local/lib/python3.10/site-packages/starlette/concurrency.py", line 34, in run_in_threadpool
    |     return await anyio.to_thread.run_sync(func)
    |   File "/usr/local/lib/python3.10/site-packages/anyio/to_thread.py", line 65, in run_sync
    |     return await get_async_backend().run_sync_in_worker_thread(
    |   File "/usr/local/lib/python3.10/site-packages/anyio/_backends/_asyncio.py", line 2641, in run_sync_in_worker_thread
    |     return await future
    |   File "/usr/local/lib/python3.10/site-packages/anyio/_backends/_asyncio.py", line 1033, in run
    |     result = context.run(func, *args)
    |   File "/app/app/api/routes/dashboard_routes.py", line 131, in get_trends
    |     clients = client.get_clients()
    | AttributeError: 'FomsClient' object has no attribute 'get_clients'. Did you mean: 'get_payments'?
    +------------------------------------

The above exception was the direct cause of the following exception:

Traceback (most recent call last):
  File "/usr/local/lib/python3.10/site-packages/starlette/middleware/errors.py", line 164, in __call__
    await self.app(scope, receive, _send)
  File "/usr/local/lib/python3.10/site-packages/starlette/middleware/base.py", line 193, in __call__
    response = await self.dispatch_func(request, call_next)
  File "/app/app/main.py", line 116, in add_security_headers
    response = await call_next(request)
  File "/usr/local/lib/python3.10/site-packages/starlette/middleware/base.py", line 168, in call_next
    raise app_exc from app_exc.__cause__ or app_exc.__context__
  File "/usr/local/lib/python3.10/site-packages/starlette/middleware/base.py", line 144, in coro
    await self.app(scope, receive_or_disconnect, send_no_error)
  File "/usr/local/lib/python3.10/site-packages/starlette/middleware/base.py", line 193, in __call__
    response = await self.dispatch_func(request, call_next)
  File "/app/app/main.py", line 109, in verify_gateway_api_key
    response = await call_next(request)
  File "/usr/local/lib/python3.10/site-packages/starlette/middleware/base.py", line 168, in call_next
    raise app_exc from app_exc.__cause__ or app_exc.__context__
  File "/usr/local/lib/python3.10/site-packages/starlette/middleware/base.py", line 144, in coro
    await self.app(scope, receive_or_disconnect, send_no_error)
  File "/usr/local/lib/python3.10/site-packages/starlette/middleware/cors.py", line 88, in __call__
    await self.app(scope, receive, send)
  File "/usr/local/lib/python3.10/site-packages/starlette/middleware/exceptions.py", line 63, in __call__
    await wrap_app_handling_exceptions(self.app, conn)(scope, receive, send)
  File "/usr/local/lib/python3.10/site-packages/starlette/_exception_handler.py", line 53, in wrapped_app
    raise exc
  File "/usr/local/lib/python3.10/site-packages/starlette/_exception_handler.py", line 42, in wrapped_app
    await app(scope, receive, sender)
  File "/usr/local/lib/python3.10/site-packages/fastapi/middleware/asyncexitstack.py", line 18, in __call__
    await self.app(scope, receive, send)
  File "/usr/local/lib/python3.10/site-packages/starlette/routing.py", line 660, in __call__
    await self.middleware_stack(scope, receive, send)
  File "/usr/local/lib/python3.10/site-packages/fastapi/routing.py", line 2692, in app
    await route.handle(scope, receive, send)
  File "/usr/local/lib/python3.10/site-packages/fastapi/routing.py", line 1773, in handle
    await self.original_router.handle(scope, receive, send)
  File "/usr/local/lib/python3.10/site-packages/fastapi/routing.py", line 2747, in handle
    await included_router._handle_selected(scope, receive, send)
  File "/usr/local/lib/python3.10/site-packages/fastapi/routing.py", line 1793, in _handle_selected
    await original_route.handle(scope, receive, send)
  File "/usr/local/lib/python3.10/site-packages/fastapi/routing.py", line 1272, in handle
    await app(scope, receive, send)
  File "/usr/local/lib/python3.10/site-packages/fastapi/routing.py", line 156, in app
    await wrap_app_handling_exceptions(app, request)(scope, receive, send)
  File "/usr/local/lib/python3.10/site-packages/starlette/_exception_handler.py", line 53, in wrapped_app
    raise exc
  File "/usr/local/lib/python3.10/site-packages/starlette/_exception_handler.py", line 42, in wrapped_app
    await app(scope, receive, sender)
  File "/usr/local/lib/python3.10/site-packages/fastapi/routing.py", line 142, in app
    response = await f(request)
  File "/usr/local/lib/python3.10/site-packages/fastapi/routing.py", line 698, in app
    raw_response = await run_endpoint_function(
  File "/usr/local/lib/python3.10/site-packages/fastapi/routing.py", line 352, in run_endpoint_function
    return await run_in_threadpool(dependant.call, **values)
  File "/usr/local/lib/python3.10/site-packages/starlette/concurrency.py", line 34, in run_in_threadpool
    return await anyio.to_thread.run_sync(func)
  File "/usr/local/lib/python3.10/site-packages/anyio/to_thread.py", line 65, in run_sync
    return await get_async_backend().run_sync_in_worker_thread(
  File "/usr/local/lib/python3.10/site-packages/anyio/_backends/_asyncio.py", line 2641, in run_sync_in_worker_thread
    return await future
  File "/usr/local/lib/python3.10/site-packages/anyio/_backends/_asyncio.py", line 1033, in run
    result = context.run(func, *args)
  File "/app/app/api/routes/dashboard_routes.py", line 131, in get_trends
    clients = client.get_clients()
AttributeError: 'FomsClient' object has no attribute 'get_clients'. Did you mean: 'get_payments'?
WARNING:app.services.ocr_service:Gemini Flash extraction call failed: (Gemini authentication failed: the configured API key is invalid or expired. Update GEMINI_API_KEY with a valid Google AI Studio key.). Falling back to heuristic OCR parser.
WARNING:app.services.ocr_service:Rejecting uploaded non-financial image: photo_2026-06-01_23-46-54.jpg
WARNING:app.services.ocr_service:Gemini Flash extraction call failed: (Gemini authentication failed: the configured API key is invalid or expired. Update GEMINI_API_KEY with a valid Google AI Studio key.). Falling back to heuristic OCR parser.
ERROR:foms_client:Error fetching from FOMS API /api/ai-data/accounts-receivable: HTTPConnectionPool(host='host.docker.internal', port=5000): Max retries exceeded with url: /api/ai-data/accounts-receivable?page=1&pageSize=100 (Caused by NewConnectionError("HTTPConnection(host='host.docker.internal', port=5000): Failed to establish a new connection: [Errno 101] Network is unreachable"))
ERROR:foms_client:Error fetching from FOMS API /api/ai-data/invoices: HTTPConnectionPool(host='host.docker.internal', port=5000): Max retries exceeded with url: /api/ai-data/invoices?page=1&pageSize=100 (Caused by NewConnectionError("HTTPConnection(host='host.docker.internal', port=5000): Failed to establish a new connection: [Errno 101] Network is unreachable"))
ERROR:foms_client:Error fetching from FOMS API /api/ai-data/accounts-receivable: HTTPConnectionPool(host='host.docker.internal', port=5000): Max retries exceeded with url: /api/ai-data/accounts-receivable?page=1&pageSize=100 (Caused by NewConnectionError("HTTPConnection(host='host.docker.internal', port=5000): Failed to establish a new connection: [Errno 101] Network is unreachable"))
ERROR:foms_client:Error fetching from FOMS API /api/ai-data/invoices: HTTPConnectionPool(host='host.docker.internal', port=5000): Max retries exceeded with url: /api/ai-data/invoices?page=1&pageSize=100 (Caused by NewConnectionError("HTTPConnection(host='host.docker.internal', port=5000): Failed to establish a new connection: [Errno 101] Network is unreachable"))
ERROR:foms_client:Error fetching from FOMS API /api/ai-data/accounts-receivable: HTTPConnectionPool(host='host.docker.internal', port=5000): Max retries exceeded with url: /api/ai-data/accounts-receivable?page=1&pageSize=100 (Caused by NewConnectionError("HTTPConnection(host='host.docker.internal', port=5000): Failed to establish a new connection: [Errno 101] Network is unreachable"))
ERROR:foms_client:Error fetching from FOMS API /api/ai-data/invoices: HTTPConnectionPool(host='host.docker.internal', port=5000): Max retries exceeded with url: /api/ai-data/invoices?page=1&pageSize=100 (Caused by NewConnectionError("HTTPConnection(host='host.docker.internal', port=5000): Failed to establish a new connection: [Errno 101] Network is unreachable"))
ERROR:foms_client:Error fetching from FOMS API /api/ai-data/accounts-receivable: HTTPConnectionPool(host='host.docker.internal', port=5000): Max retries exceeded with url: /api/ai-data/accounts-receivable?page=1&pageSize=100 (Caused by NewConnectionError("HTTPConnection(host='host.docker.internal', port=5000): Failed to establish a new connection: [Errno 101] Network is unreachable"))
ERROR:foms_client:Error fetching from FOMS API /api/ai-data/invoices: HTTPConnectionPool(host='host.docker.internal', port=5000): Max retries exceeded with url: /api/ai-data/invoices?page=1&pageSize=100 (Caused by NewConnectionError("HTTPConnection(host='host.docker.internal', port=5000): Failed to establish a new connection: [Errno 101] Network is unreachable"))
WARNING:app.services.ocr_service:Gemini Flash extraction call failed: (Gemini authentication failed: the configured API key is invalid or expired. Update GEMINI_API_KEY with a valid Google AI Studio key.). Falling back to heuristic OCR parser.
WARNING:app.services.ocr_service:Rejecting uploaded non-financial image: photo_2026-06-01_23-46-54.jpg
WARNING:app.services.ocr_service:Gemini Flash extraction call failed: (Gemini authentication failed: the configured API key is invalid or expired. Update GEMINI_API_KEY with a valid Google AI Studio key.). Falling back to heuristic OCR parser.
ERROR:foms_client:Error fetching from FOMS API /api/ai-data/invoices: HTTPConnectionPool(host='host.docker.internal', port=5000): Max retries exceeded with url: /api/ai-data/invoices?page=1&pageSize=100 (Caused by NewConnectionError("HTTPConnection(host='host.docker.internal', port=5000): Failed to establish a new connection: [Errno 101] Network is unreachable"))
ERROR:foms_client:Error fetching from FOMS API /api/ai-data/invoices: HTTPConnectionPool(host='host.docker.internal', port=5000): Max retries exceeded with url: /api/ai-data/invoices?page=1&pageSize=100 (Caused by NewConnectionError("HTTPConnection(host='host.docker.internal', port=5000): Failed to establish a new connection: [Errno 101] Network is unreachable"))
ERROR:foms_client:Error fetching from FOMS API /api/ai-data/invoices: HTTPConnectionPool(host='host.docker.internal', port=5000): Max retries exceeded with url: /api/ai-data/invoices?page=1&pageSize=100 (Caused by NewConnectionError("HTTPConnection(host='host.docker.internal', port=5000): Failed to establish a new connection: [Errno 101] Network is unreachable"))
ERROR:foms_client:Error fetching from FOMS API /api/ai-data/invoices: HTTPConnectionPool(host='host.docker.internal', port=5000): Max retries exceeded with url: /api/ai-data/invoices?page=1&pageSize=100 (Caused by NewConnectionError("HTTPConnection(host='host.docker.internal', port=5000): Failed to establish a new connection: [Errno 101] Network is unreachable"))
ERROR:foms_client:Error fetching from FOMS API /api/ai-data/invoices: HTTPConnectionPool(host='host.docker.internal', port=5000): Max retries exceeded with url: /api/ai-data/invoices?page=1&pageSize=100 (Caused by NewConnectionError("HTTPConnection(host='host.docker.internal', port=5000): Failed to establish a new connection: [Errno 101] Network is unreachable"))
ERROR:app.main:[3000b06e-725e-4278-93b7-42ac5c28cb84] Unhandled exception on /api/ai/dashboard/trends: 'FomsClient' object has no attribute 'get_clients'
  + Exception Group Traceback (most recent call last):
  |   File "/usr/local/lib/python3.10/site-packages/starlette/_utils.py", line 85, in create_collapsing_task_group
  |     async with anyio.create_task_group() as tg:
  |   File "/usr/local/lib/python3.10/site-packages/anyio/_backends/_asyncio.py", line 815, in __aexit__
  |     raise BaseExceptionGroup(
  | exceptiongroup.ExceptionGroup: unhandled errors in a TaskGroup (1 sub-exception)
  +-+---------------- 1 ----------------
    | Traceback (most recent call last):
    |   File "/usr/local/lib/python3.10/site-packages/starlette/middleware/errors.py", line 164, in __call__
    |     await self.app(scope, receive, _send)
    |   File "/usr/local/lib/python3.10/site-packages/starlette/middleware/base.py", line 193, in __call__
    |     response = await self.dispatch_func(request, call_next)
    |   File "/app/app/main.py", line 116, in add_security_headers
    |     response = await call_next(request)
    |   File "/usr/local/lib/python3.10/site-packages/starlette/middleware/base.py", line 168, in call_next
    |     raise app_exc from app_exc.__cause__ or app_exc.__context__
    |   File "/usr/local/lib/python3.10/site-packages/starlette/middleware/base.py", line 144, in coro
    |     await self.app(scope, receive_or_disconnect, send_no_error)
    |   File "/usr/local/lib/python3.10/site-packages/starlette/middleware/base.py", line 193, in __call__
    |     response = await self.dispatch_func(request, call_next)
    |   File "/app/app/main.py", line 109, in verify_gateway_api_key
    |     response = await call_next(request)
    |   File "/usr/local/lib/python3.10/site-packages/starlette/middleware/base.py", line 168, in call_next
    |     raise app_exc from app_exc.__cause__ or app_exc.__context__
    |   File "/usr/local/lib/python3.10/site-packages/starlette/middleware/base.py", line 144, in coro
    |     await self.app(scope, receive_or_disconnect, send_no_error)
    |   File "/usr/local/lib/python3.10/site-packages/starlette/middleware/cors.py", line 88, in __call__
    |     await self.app(scope, receive, send)
    |   File "/usr/local/lib/python3.10/site-packages/starlette/middleware/exceptions.py", line 63, in __call__
    |     await wrap_app_handling_exceptions(self.app, conn)(scope, receive, send)
    |   File "/usr/local/lib/python3.10/site-packages/starlette/_exception_handler.py", line 53, in wrapped_app
    |     raise exc
    |   File "/usr/local/lib/python3.10/site-packages/starlette/_exception_handler.py", line 42, in wrapped_app
    |     await app(scope, receive, sender)
    |   File "/usr/local/lib/python3.10/site-packages/fastapi/middleware/asyncexitstack.py", line 18, in __call__
    |     await self.app(scope, receive, send)
    |   File "/usr/local/lib/python3.10/site-packages/starlette/routing.py", line 660, in __call__
    |     await self.middleware_stack(scope, receive, send)
    |   File "/usr/local/lib/python3.10/site-packages/fastapi/routing.py", line 2692, in app
    |     await route.handle(scope, receive, send)
    |   File "/usr/local/lib/python3.10/site-packages/fastapi/routing.py", line 1773, in handle
    |     await self.original_router.handle(scope, receive, send)
    |   File "/usr/local/lib/python3.10/site-packages/fastapi/routing.py", line 2747, in handle
    |     await included_router._handle_selected(scope, receive, send)
    |   File "/usr/local/lib/python3.10/site-packages/fastapi/routing.py", line 1793, in _handle_selected
    |     await original_route.handle(scope, receive, send)
    |   File "/usr/local/lib/python3.10/site-packages/fastapi/routing.py", line 1272, in handle
    |     await app(scope, receive, send)
    |   File "/usr/local/lib/python3.10/site-packages/fastapi/routing.py", line 156, in app
    |     await wrap_app_handling_exceptions(app, request)(scope, receive, send)
    |   File "/usr/local/lib/python3.10/site-packages/starlette/_exception_handler.py", line 53, in wrapped_app
    |     raise exc
    |   File "/usr/local/lib/python3.10/site-packages/starlette/_exception_handler.py", line 42, in wrapped_app
    |     await app(scope, receive, sender)
    |   File "/usr/local/lib/python3.10/site-packages/fastapi/routing.py", line 142, in app
    |     response = await f(request)
    |   File "/usr/local/lib/python3.10/site-packages/fastapi/routing.py", line 698, in app
    |     raw_response = await run_endpoint_function(
    |   File "/usr/local/lib/python3.10/site-packages/fastapi/routing.py", line 352, in run_endpoint_function
    |     return await run_in_threadpool(dependant.call, **values)
    |   File "/usr/local/lib/python3.10/site-packages/starlette/concurrency.py", line 34, in run_in_threadpool
    |     return await anyio.to_thread.run_sync(func)
    |   File "/usr/local/lib/python3.10/site-packages/anyio/to_thread.py", line 65, in run_sync
    |     return await get_async_backend().run_sync_in_worker_thread(
    |   File "/usr/local/lib/python3.10/site-packages/anyio/_backends/_asyncio.py", line 2641, in run_sync_in_worker_thread
    |     return await future
    |   File "/usr/local/lib/python3.10/site-packages/anyio/_backends/_asyncio.py", line 1033, in run
    |     result = context.run(func, *args)
    |   File "/app/app/api/routes/dashboard_routes.py", line 131, in get_trends
    |     clients = client.get_clients()
    | AttributeError: 'FomsClient' object has no attribute 'get_clients'. Did you mean: 'get_payments'?
    +------------------------------------

The above exception was the direct cause of the following exception:

Traceback (most recent call last):
  File "/usr/local/lib/python3.10/site-packages/starlette/middleware/errors.py", line 164, in __call__
    await self.app(scope, receive, _send)
  File "/usr/local/lib/python3.10/site-packages/starlette/middleware/base.py", line 193, in __call__
    response = await self.dispatch_func(request, call_next)
  File "/app/app/main.py", line 116, in add_security_headers
    response = await call_next(request)
  File "/usr/local/lib/python3.10/site-packages/starlette/middleware/base.py", line 168, in call_next
    raise app_exc from app_exc.__cause__ or app_exc.__context__
  File "/usr/local/lib/python3.10/site-packages/starlette/middleware/base.py", line 144, in coro
    await self.app(scope, receive_or_disconnect, send_no_error)
  File "/usr/local/lib/python3.10/site-packages/starlette/middleware/base.py", line 193, in __call__
    response = await self.dispatch_func(request, call_next)
  File "/app/app/main.py", line 109, in verify_gateway_api_key
    response = await call_next(request)
  File "/usr/local/lib/python3.10/site-packages/starlette/middleware/base.py", line 168, in call_next
    raise app_exc from app_exc.__cause__ or app_exc.__context__
  File "/usr/local/lib/python3.10/site-packages/starlette/middleware/base.py", line 144, in coro
    await self.app(scope, receive_or_disconnect, send_no_error)
  File "/usr/local/lib/python3.10/site-packages/starlette/middleware/cors.py", line 88, in __call__
    await self.app(scope, receive, send)
  File "/usr/local/lib/python3.10/site-packages/starlette/middleware/exceptions.py", line 63, in __call__
    await wrap_app_handling_exceptions(self.app, conn)(scope, receive, send)
  File "/usr/local/lib/python3.10/site-packages/starlette/_exception_handler.py", line 53, in wrapped_app
    raise exc
  File "/usr/local/lib/python3.10/site-packages/starlette/_exception_handler.py", line 42, in wrapped_app
    await app(scope, receive, sender)
  File "/usr/local/lib/python3.10/site-packages/fastapi/middleware/asyncexitstack.py", line 18, in __call__
    await self.app(scope, receive, send)
  File "/usr/local/lib/python3.10/site-packages/starlette/routing.py", line 660, in __call__
    await self.middleware_stack(scope, receive, send)
  File "/usr/local/lib/python3.10/site-packages/fastapi/routing.py", line 2692, in app
    await route.handle(scope, receive, send)
  File "/usr/local/lib/python3.10/site-packages/fastapi/routing.py", line 1773, in handle
    await self.original_router.handle(scope, receive, send)
  File "/usr/local/lib/python3.10/site-packages/fastapi/routing.py", line 2747, in handle
    await included_router._handle_selected(scope, receive, send)
  File "/usr/local/lib/python3.10/site-packages/fastapi/routing.py", line 1793, in _handle_selected
    await original_route.handle(scope, receive, send)
  File "/usr/local/lib/python3.10/site-packages/fastapi/routing.py", line 1272, in handle
    await app(scope, receive, send)
  File "/usr/local/lib/python3.10/site-packages/fastapi/routing.py", line 156, in app
    await wrap_app_handling_exceptions(app, request)(scope, receive, send)
  File "/usr/local/lib/python3.10/site-packages/starlette/_exception_handler.py", line 53, in wrapped_app
    raise exc
  File "/usr/local/lib/python3.10/site-packages/starlette/_exception_handler.py", line 42, in wrapped_app
    await app(scope, receive, sender)
  File "/usr/local/lib/python3.10/site-packages/fastapi/routing.py", line 142, in app
    response = await f(request)
  File "/usr/local/lib/python3.10/site-packages/fastapi/routing.py", line 698, in app
    raw_response = await run_endpoint_function(
  File "/usr/local/lib/python3.10/site-packages/fastapi/routing.py", line 352, in run_endpoint_function
    return await run_in_threadpool(dependant.call, **values)
  File "/usr/local/lib/python3.10/site-packages/starlette/concurrency.py", line 34, in run_in_threadpool
    return await anyio.to_thread.run_sync(func)
  File "/usr/local/lib/python3.10/site-packages/anyio/to_thread.py", line 65, in run_sync
    return await get_async_backend().run_sync_in_worker_thread(
  File "/usr/local/lib/python3.10/site-packages/anyio/_backends/_asyncio.py", line 2641, in run_sync_in_worker_thread
    return await future
  File "/usr/local/lib/python3.10/site-packages/anyio/_backends/_asyncio.py", line 1033, in run
    result = context.run(func, *args)
  File "/app/app/api/routes/dashboard_routes.py", line 131, in get_trends
    clients = client.get_clients()
AttributeError: 'FomsClient' object has no attribute 'get_clients'. Did you mean: 'get_payments'?
ERROR:foms_client:Error fetching from FOMS API /api/ai-data/invoices: HTTPConnectionPool(host='host.docker.internal', port=5000): Max retries exceeded with url: /api/ai-data/invoices?page=1&pageSize=100 (Caused by NewConnectionError("HTTPConnection(host='host.docker.internal', port=5000): Failed to establish a new connection: [Errno 101] Network is unreachable"))
ERROR:foms_client:Error fetching from FOMS API /api/ai-data/invoices: HTTPConnectionPool(host='host.docker.internal', port=5000): Max retries exceeded with url: /api/ai-data/invoices?page=1&pageSize=100 (Caused by NewConnectionError("HTTPConnection(host='host.docker.internal', port=5000): Failed to establish a new connection: [Errno 101] Network is unreachable"))
ERROR:foms_client:Error fetching from FOMS API /api/ai-data/invoices: HTTPConnectionPool(host='host.docker.internal', port=5000): Max retries exceeded with url: /api/ai-data/invoices?page=1&pageSize=100 (Caused by NewConnectionError("HTTPConnection(host='host.docker.internal', port=5000): Failed to establish a new connection: [Errno 101] Network is unreachable"))
ERROR:app.main:[615ebb52-936b-4702-b90b-27043ccf1839] Unhandled exception on /api/ai/dashboard/trends: 'FomsClient' object has no attribute 'get_clients'
  + Exception Group Traceback (most recent call last):
  |   File "/usr/local/lib/python3.10/site-packages/starlette/_utils.py", line 85, in create_collapsing_task_group
  |     async with anyio.create_task_group() as tg:
  |   File "/usr/local/lib/python3.10/site-packages/anyio/_backends/_asyncio.py", line 815, in __aexit__
  |     raise BaseExceptionGroup(
  | exceptiongroup.ExceptionGroup: unhandled errors in a TaskGroup (1 sub-exception)
  +-+---------------- 1 ----------------
    | Traceback (most recent call last):
    |   File "/usr/local/lib/python3.10/site-packages/starlette/middleware/errors.py", line 164, in __call__
    |     await self.app(scope, receive, _send)
    |   File "/usr/local/lib/python3.10/site-packages/starlette/middleware/base.py", line 193, in __call__
    |     response = await self.dispatch_func(request, call_next)
    |   File "/app/app/main.py", line 116, in add_security_headers
    |     response = await call_next(request)
    |   File "/usr/local/lib/python3.10/site-packages/starlette/middleware/base.py", line 168, in call_next
    |     raise app_exc from app_exc.__cause__ or app_exc.__context__
    |   File "/usr/local/lib/python3.10/site-packages/starlette/middleware/base.py", line 144, in coro
    |     await self.app(scope, receive_or_disconnect, send_no_error)
    |   File "/usr/local/lib/python3.10/site-packages/starlette/middleware/base.py", line 193, in __call__
    |     response = await self.dispatch_func(request, call_next)
    |   File "/app/app/main.py", line 109, in verify_gateway_api_key
    |     response = await call_next(request)
    |   File "/usr/local/lib/python3.10/site-packages/starlette/middleware/base.py", line 168, in call_next
    |     raise app_exc from app_exc.__cause__ or app_exc.__context__
    |   File "/usr/local/lib/python3.10/site-packages/starlette/middleware/base.py", line 144, in coro
    |     await self.app(scope, receive_or_disconnect, send_no_error)
    |   File "/usr/local/lib/python3.10/site-packages/starlette/middleware/cors.py", line 88, in __call__
    |     await self.app(scope, receive, send)
    |   File "/usr/local/lib/python3.10/site-packages/starlette/middleware/exceptions.py", line 63, in __call__
    |     await wrap_app_handling_exceptions(self.app, conn)(scope, receive, send)
    |   File "/usr/local/lib/python3.10/site-packages/starlette/_exception_handler.py", line 53, in wrapped_app
    |     raise exc
    |   File "/usr/local/lib/python3.10/site-packages/starlette/_exception_handler.py", line 42, in wrapped_app
    |     await app(scope, receive, sender)
    |   File "/usr/local/lib/python3.10/site-packages/fastapi/middleware/asyncexitstack.py", line 18, in __call__
    |     await self.app(scope, receive, send)
    |   File "/usr/local/lib/python3.10/site-packages/starlette/routing.py", line 660, in __call__
    |     await self.middleware_stack(scope, receive, send)
    |   File "/usr/local/lib/python3.10/site-packages/fastapi/routing.py", line 2692, in app
    |     await route.handle(scope, receive, send)
    |   File "/usr/local/lib/python3.10/site-packages/fastapi/routing.py", line 1773, in handle
    |     await self.original_router.handle(scope, receive, send)
    |   File "/usr/local/lib/python3.10/site-packages/fastapi/routing.py", line 2747, in handle
    |     await included_router._handle_selected(scope, receive, send)
    |   File "/usr/local/lib/python3.10/site-packages/fastapi/routing.py", line 1793, in _handle_selected
    |     await original_route.handle(scope, receive, send)
    |   File "/usr/local/lib/python3.10/site-packages/fastapi/routing.py", line 1272, in handle
    |     await app(scope, receive, send)
    |   File "/usr/local/lib/python3.10/site-packages/fastapi/routing.py", line 156, in app
    |     await wrap_app_handling_exceptions(app, request)(scope, receive, send)
    |   File "/usr/local/lib/python3.10/site-packages/starlette/_exception_handler.py", line 53, in wrapped_app
    |     raise exc
    |   File "/usr/local/lib/python3.10/site-packages/starlette/_exception_handler.py", line 42, in wrapped_app
    |     await app(scope, receive, sender)
    |   File "/usr/local/lib/python3.10/site-packages/fastapi/routing.py", line 142, in app
    |     response = await f(request)
    |   File "/usr/local/lib/python3.10/site-packages/fastapi/routing.py", line 698, in app
    |     raw_response = await run_endpoint_function(
    |   File "/usr/local/lib/python3.10/site-packages/fastapi/routing.py", line 352, in run_endpoint_function
    |     return await run_in_threadpool(dependant.call, **values)
    |   File "/usr/local/lib/python3.10/site-packages/starlette/concurrency.py", line 34, in run_in_threadpool
    |     return await anyio.to_thread.run_sync(func)
    |   File "/usr/local/lib/python3.10/site-packages/anyio/to_thread.py", line 65, in run_sync
    |     return await get_async_backend().run_sync_in_worker_thread(
    |   File "/usr/local/lib/python3.10/site-packages/anyio/_backends/_asyncio.py", line 2641, in run_sync_in_worker_thread
    |     return await future
    |   File "/usr/local/lib/python3.10/site-packages/anyio/_backends/_asyncio.py", line 1033, in run
    |     result = context.run(func, *args)
    |   File "/app/app/api/routes/dashboard_routes.py", line 131, in get_trends
    |     clients = client.get_clients()
    | AttributeError: 'FomsClient' object has no attribute 'get_clients'. Did you mean: 'get_payments'?
    +------------------------------------

The above exception was the direct cause of the following exception:

Traceback (most recent call last):
  File "/usr/local/lib/python3.10/site-packages/starlette/middleware/errors.py", line 164, in __call__
    await self.app(scope, receive, _send)
  File "/usr/local/lib/python3.10/site-packages/starlette/middleware/base.py", line 193, in __call__
    response = await self.dispatch_func(request, call_next)
  File "/app/app/main.py", line 116, in add_security_headers
    response = await call_next(request)
  File "/usr/local/lib/python3.10/site-packages/starlette/middleware/base.py", line 168, in call_next
    raise app_exc from app_exc.__cause__ or app_exc.__context__
  File "/usr/local/lib/python3.10/site-packages/starlette/middleware/base.py", line 144, in coro
    await self.app(scope, receive_or_disconnect, send_no_error)
  File "/usr/local/lib/python3.10/site-packages/starlette/middleware/base.py", line 193, in __call__
    response = await self.dispatch_func(request, call_next)
  File "/app/app/main.py", line 109, in verify_gateway_api_key
    response = await call_next(request)
  File "/usr/local/lib/python3.10/site-packages/starlette/middleware/base.py", line 168, in call_next
    raise app_exc from app_exc.__cause__ or app_exc.__context__
  File "/usr/local/lib/python3.10/site-packages/starlette/middleware/base.py", line 144, in coro
    await self.app(scope, receive_or_disconnect, send_no_error)
  File "/usr/local/lib/python3.10/site-packages/starlette/middleware/cors.py", line 88, in __call__
    await self.app(scope, receive, send)
  File "/usr/local/lib/python3.10/site-packages/starlette/middleware/exceptions.py", line 63, in __call__
    await wrap_app_handling_exceptions(self.app, conn)(scope, receive, send)
  File "/usr/local/lib/python3.10/site-packages/starlette/_exception_handler.py", line 53, in wrapped_app
    raise exc
  File "/usr/local/lib/python3.10/site-packages/starlette/_exception_handler.py", line 42, in wrapped_app
    await app(scope, receive, sender)
  File "/usr/local/lib/python3.10/site-packages/fastapi/middleware/asyncexitstack.py", line 18, in __call__
    await self.app(scope, receive, send)
  File "/usr/local/lib/python3.10/site-packages/starlette/routing.py", line 660, in __call__
    await self.middleware_stack(scope, receive, send)
  File "/usr/local/lib/python3.10/site-packages/fastapi/routing.py", line 2692, in app
    await route.handle(scope, receive, send)
  File "/usr/local/lib/python3.10/site-packages/fastapi/routing.py", line 1773, in handle
    await self.original_router.handle(scope, receive, send)
  File "/usr/local/lib/python3.10/site-packages/fastapi/routing.py", line 2747, in handle
    await included_router._handle_selected(scope, receive, send)
  File "/usr/local/lib/python3.10/site-packages/fastapi/routing.py", line 1793, in _handle_selected
    await original_route.handle(scope, receive, send)
  File "/usr/local/lib/python3.10/site-packages/fastapi/routing.py", line 1272, in handle
    await app(scope, receive, send)
  File "/usr/local/lib/python3.10/site-packages/fastapi/routing.py", line 156, in app
    await wrap_app_handling_exceptions(app, request)(scope, receive, send)
  File "/usr/local/lib/python3.10/site-packages/starlette/_exception_handler.py", line 53, in wrapped_app
    raise exc
  File "/usr/local/lib/python3.10/site-packages/starlette/_exception_handler.py", line 42, in wrapped_app
    await app(scope, receive, sender)
  File "/usr/local/lib/python3.10/site-packages/fastapi/routing.py", line 142, in app
    response = await f(request)
  File "/usr/local/lib/python3.10/site-packages/fastapi/routing.py", line 698, in app
    raw_response = await run_endpoint_function(
  File "/usr/local/lib/python3.10/site-packages/fastapi/routing.py", line 352, in run_endpoint_function
    return await run_in_threadpool(dependant.call, **values)
  File "/usr/local/lib/python3.10/site-packages/starlette/concurrency.py", line 34, in run_in_threadpool
    return await anyio.to_thread.run_sync(func)
  File "/usr/local/lib/python3.10/site-packages/anyio/to_thread.py", line 65, in run_sync
    return await get_async_backend().run_sync_in_worker_thread(
  File "/usr/local/lib/python3.10/site-packages/anyio/_backends/_asyncio.py", line 2641, in run_sync_in_worker_thread
    return await future
  File "/usr/local/lib/python3.10/site-packages/anyio/_backends/_asyncio.py", line 1033, in run
    result = context.run(func, *args)
  File "/app/app/api/routes/dashboard_routes.py", line 131, in get_trends
    clients = client.get_clients()
AttributeError: 'FomsClient' object has no attribute 'get_clients'. Did you mean: 'get_payments'?
WARNING:app.services.ocr_service:Gemini Flash extraction call failed: (Gemini authentication failed: the configured API key is invalid or expired. Update GEMINI_API_KEY with a valid Google AI Studio key.). Falling back to heuristic OCR parser.
WARNING:app.services.ocr_service:Rejecting uploaded non-financial image: photo_2026-06-01_23-46-54.jpg
WARNING:app.services.ocr_service:Gemini Flash extraction call failed: (Gemini authentication failed: the configured API key is invalid or expired. Update GEMINI_API_KEY with a valid Google AI Studio key.). Falling back to heuristic OCR parser.
ERROR:foms_client:Error fetching from FOMS API /api/ai-data/accounts-receivable: HTTPConnectionPool(host='host.docker.internal', port=5000): Max retries exceeded with url: /api/ai-data/accounts-receivable?page=1&pageSize=100 (Caused by NewConnectionError("HTTPConnection(host='host.docker.internal', port=5000): Failed to establish a new connection: [Errno 101] Network is unreachable"))
ERROR:foms_client:Error fetching from FOMS API /api/ai-data/invoices: HTTPConnectionPool(host='host.docker.internal', port=5000): Max retries exceeded with url: /api/ai-data/invoices?page=1&pageSize=100 (Caused by NewConnectionError("HTTPConnection(host='host.docker.internal', port=5000): Failed to establish a new connection: [Errno 101] Network is unreachable"))
ERROR:foms_client:Error fetching from FOMS API /api/ai-data/accounts-receivable: HTTPConnectionPool(host='host.docker.internal', port=5000): Max retries exceeded with url: /api/ai-data/accounts-receivable?page=1&pageSize=100 (Caused by NewConnectionError("HTTPConnection(host='host.docker.internal', port=5000): Failed to establish a new connection: [Errno 101] Network is unreachable"))
ERROR:foms_client:Error fetching from FOMS API /api/ai-data/invoices: HTTPConnectionPool(host='host.docker.internal', port=5000): Max retries exceeded with url: /api/ai-data/invoices?page=1&pageSize=100 (Caused by NewConnectionError("HTTPConnection(host='host.docker.internal', port=5000): Failed to establish a new connection: [Errno 101] Network is unreachable"))
ERROR:foms_client:Error fetching from FOMS API /api/ai-data/accounts-receivable: HTTPConnectionPool(host='host.docker.internal', port=5000): Max retries exceeded with url: /api/ai-data/accounts-receivable?page=1&pageSize=100 (Caused by NewConnectionError("HTTPConnection(host='host.docker.internal', port=5000): Failed to establish a new connection: [Errno 101] Network is unreachable"))
ERROR:foms_client:Error fetching from FOMS API /api/ai-data/invoices: HTTPConnectionPool(host='host.docker.internal', port=5000): Max retries exceeded with url: /api/ai-data/invoices?page=1&pageSize=100 (Caused by NewConnectionError("HTTPConnection(host='host.docker.internal', port=5000): Failed to establish a new connection: [Errno 101] Network is unreachable"))
ERROR:foms_client:Error fetching from FOMS API /api/ai-data/accounts-receivable: HTTPConnectionPool(host='host.docker.internal', port=5000): Max retries exceeded with url: /api/ai-data/accounts-receivable?page=1&pageSize=100 (Caused by NewConnectionError("HTTPConnection(host='host.docker.internal', port=5000): Failed to establish a new connection: [Errno 101] Network is unreachable"))
ERROR:foms_client:Error fetching from FOMS API /api/ai-data/invoices: HTTPConnectionPool(host='host.docker.internal', port=5000): Max retries exceeded with url: /api/ai-data/invoices?page=1&pageSize=100 (Caused by NewConnectionError("HTTPConnection(host='host.docker.internal', port=5000): Failed to establish a new connection: [Errno 101] Network is unreachable"))
ERROR:foms_client:Error fetching from FOMS API /api/ai-data/accounts-receivable: HTTPConnectionPool(host='host.docker.internal', port=5000): Max retries exceeded with url: /api/ai-data/accounts-receivable?page=1&pageSize=100 (Caused by NewConnectionError("HTTPConnection(host='host.docker.internal', port=5000): Failed to establish a new connection: [Errno 101] Network is unreachable"))
ERROR:foms_client:Error fetching from FOMS API /api/ai-data/invoices: HTTPConnectionPool(host='host.docker.internal', port=5000): Max retries exceeded with url: /api/ai-data/invoices?page=1&pageSize=100 (Caused by NewConnectionError("HTTPConnection(host='host.docker.internal', port=5000): Failed to establish a new connection: [Errno 101] Network is unreachable"))
ERROR:foms_client:Error fetching from FOMS API /api/ai-data/accounts-receivable: HTTPConnectionPool(host='host.docker.internal', port=5000): Max retries exceeded with url: /api/ai-data/accounts-receivable?page=1&pageSize=100 (Caused by NewConnectionError("HTTPConnection(host='host.docker.internal', port=5000): Failed to establish a new connection: [Errno 101] Network is unreachable"))
ERROR:foms_client:Error fetching from FOMS API /api/ai-data/invoices: HTTPConnectionPool(host='host.docker.internal', port=5000): Max retries exceeded with url: /api/ai-data/invoices?page=1&pageSize=100 (Caused by NewConnectionError("HTTPConnection(host='host.docker.internal', port=5000): Failed to establish a new connection: [Errno 101] Network is unreachable"))
ERROR:foms_client:Error fetching from FOMS API /api/ai-data/invoices: HTTPConnectionPool(host='host.docker.internal', port=5000): Max retries exceeded with url: /api/ai-data/invoices?page=1&pageSize=100 (Caused by NewConnectionError("HTTPConnection(host='host.docker.internal', port=5000): Failed to establish a new connection: [Errno 101] Network is unreachable"))
ERROR:foms_client:Error fetching from FOMS API /api/ai-data/invoices: HTTPConnectionPool(host='host.docker.internal', port=5000): Max retries exceeded with url: /api/ai-data/invoices?page=1&pageSize=100 (Caused by NewConnectionError("HTTPConnection(host='host.docker.internal', port=5000): Failed to establish a new connection: [Errno 101] Network is unreachable"))
ERROR:foms_client:Error fetching from FOMS API /api/ai-data/invoices: HTTPConnectionPool(host='host.docker.internal', port=5000): Max retries exceeded with url: /api/ai-data/invoices?page=1&pageSize=100 (Caused by NewConnectionError("HTTPConnection(host='host.docker.internal', port=5000): Failed to establish a new connection: [Errno 101] Network is unreachable"))
ERROR:foms_client:Error fetching from FOMS API /api/ai-data/invoices: HTTPConnectionPool(host='host.docker.internal', port=5000): Max retries exceeded with url: /api/ai-data/invoices?page=1&pageSize=100 (Caused by NewConnectionError("HTTPConnection(host='host.docker.internal', port=5000): Failed to establish a new connection: [Errno 101] Network is unreachable"))
ERROR:foms_client:Error fetching from FOMS API /api/ai-data/invoices: HTTPConnectionPool(host='host.docker.internal', port=5000): Max retries exceeded with url: /api/ai-data/invoices?page=1&pageSize=100 (Caused by NewConnectionError("HTTPConnection(host='host.docker.internal', port=5000): Failed to establish a new connection: [Errno 101] Network is unreachable"))
ERROR:app.main:[9831aa60-a1ac-44d7-a1e4-3d342fca1532] Unhandled exception on /api/ai/dashboard/trends: 'FomsClient' object has no attribute 'get_clients'
  + Exception Group Traceback (most recent call last):
  |   File "/usr/local/lib/python3.10/site-packages/starlette/_utils.py", line 85, in create_collapsing_task_group
  |     async with anyio.create_task_group() as tg:
  |   File "/usr/local/lib/python3.10/site-packages/anyio/_backends/_asyncio.py", line 815, in __aexit__
  |     raise BaseExceptionGroup(
  | exceptiongroup.ExceptionGroup: unhandled errors in a TaskGroup (1 sub-exception)
  +-+---------------- 1 ----------------
    | Traceback (most recent call last):
    |   File "/usr/local/lib/python3.10/site-packages/starlette/middleware/errors.py", line 164, in __call__
    |     await self.app(scope, receive, _send)
    |   File "/usr/local/lib/python3.10/site-packages/starlette/middleware/base.py", line 193, in __call__
    |     response = await self.dispatch_func(request, call_next)
    |   File "/app/app/main.py", line 116, in add_security_headers
    |     response = await call_next(request)
    |   File "/usr/local/lib/python3.10/site-packages/starlette/middleware/base.py", line 168, in call_next
    |     raise app_exc from app_exc.__cause__ or app_exc.__context__
    |   File "/usr/local/lib/python3.10/site-packages/starlette/middleware/base.py", line 144, in coro
    |     await self.app(scope, receive_or_disconnect, send_no_error)
    |   File "/usr/local/lib/python3.10/site-packages/starlette/middleware/base.py", line 193, in __call__
    |     response = await self.dispatch_func(request, call_next)
    |   File "/app/app/main.py", line 109, in verify_gateway_api_key
    |     response = await call_next(request)
    |   File "/usr/local/lib/python3.10/site-packages/starlette/middleware/base.py", line 168, in call_next
    |     raise app_exc from app_exc.__cause__ or app_exc.__context__
    |   File "/usr/local/lib/python3.10/site-packages/starlette/middleware/base.py", line 144, in coro
    |     await self.app(scope, receive_or_disconnect, send_no_error)
    |   File "/usr/local/lib/python3.10/site-packages/starlette/middleware/cors.py", line 88, in __call__
    |     await self.app(scope, receive, send)
    |   File "/usr/local/lib/python3.10/site-packages/starlette/middleware/exceptions.py", line 63, in __call__
    |     await wrap_app_handling_exceptions(self.app, conn)(scope, receive, send)
    |   File "/usr/local/lib/python3.10/site-packages/starlette/_exception_handler.py", line 53, in wrapped_app
    |     raise exc
    |   File "/usr/local/lib/python3.10/site-packages/starlette/_exception_handler.py", line 42, in wrapped_app
    |     await app(scope, receive, sender)
    |   File "/usr/local/lib/python3.10/site-packages/fastapi/middleware/asyncexitstack.py", line 18, in __call__
    |     await self.app(scope, receive, send)
    |   File "/usr/local/lib/python3.10/site-packages/starlette/routing.py", line 660, in __call__
    |     await self.middleware_stack(scope, receive, send)
    |   File "/usr/local/lib/python3.10/site-packages/fastapi/routing.py", line 2692, in app
    |     await route.handle(scope, receive, send)
    |   File "/usr/local/lib/python3.10/site-packages/fastapi/routing.py", line 1773, in handle
    |     await self.original_router.handle(scope, receive, send)
    |   File "/usr/local/lib/python3.10/site-packages/fastapi/routing.py", line 2747, in handle
    |     await included_router._handle_selected(scope, receive, send)
    |   File "/usr/local/lib/python3.10/site-packages/fastapi/routing.py", line 1793, in _handle_selected
    |     await original_route.handle(scope, receive, send)
    |   File "/usr/local/lib/python3.10/site-packages/fastapi/routing.py", line 1272, in handle
    |     await app(scope, receive, send)
    |   File "/usr/local/lib/python3.10/site-packages/fastapi/routing.py", line 156, in app
    |     await wrap_app_handling_exceptions(app, request)(scope, receive, send)
    |   File "/usr/local/lib/python3.10/site-packages/starlette/_exception_handler.py", line 53, in wrapped_app
    |     raise exc
    |   File "/usr/local/lib/python3.10/site-packages/starlette/_exception_handler.py", line 42, in wrapped_app
    |     await app(scope, receive, sender)
    |   File "/usr/local/lib/python3.10/site-packages/fastapi/routing.py", line 142, in app
    |     response = await f(request)
    |   File "/usr/local/lib/python3.10/site-packages/fastapi/routing.py", line 698, in app
    |     raw_response = await run_endpoint_function(
    |   File "/usr/local/lib/python3.10/site-packages/fastapi/routing.py", line 352, in run_endpoint_function
    |     return await run_in_threadpool(dependant.call, **values)
    |   File "/usr/local/lib/python3.10/site-packages/starlette/concurrency.py", line 34, in run_in_threadpool
    |     return await anyio.to_thread.run_sync(func)
    |   File "/usr/local/lib/python3.10/site-packages/anyio/to_thread.py", line 65, in run_sync
    |     return await get_async_backend().run_sync_in_worker_thread(
    |   File "/usr/local/lib/python3.10/site-packages/anyio/_backends/_asyncio.py", line 2641, in run_sync_in_worker_thread
    |     return await future
    |   File "/usr/local/lib/python3.10/site-packages/anyio/_backends/_asyncio.py", line 1033, in run
    |     result = context.run(func, *args)
    |   File "/app/app/api/routes/dashboard_routes.py", line 131, in get_trends
    |     clients = client.get_clients()
    | AttributeError: 'FomsClient' object has no attribute 'get_clients'. Did you mean: 'get_payments'?
    +------------------------------------

The above exception was the direct cause of the following exception:

Traceback (most recent call last):
  File "/usr/local/lib/python3.10/site-packages/starlette/middleware/errors.py", line 164, in __call__
    await self.app(scope, receive, _send)
  File "/usr/local/lib/python3.10/site-packages/starlette/middleware/base.py", line 193, in __call__
    response = await self.dispatch_func(request, call_next)
  File "/app/app/main.py", line 116, in add_security_headers
    response = await call_next(request)
  File "/usr/local/lib/python3.10/site-packages/starlette/middleware/base.py", line 168, in call_next
    raise app_exc from app_exc.__cause__ or app_exc.__context__
  File "/usr/local/lib/python3.10/site-packages/starlette/middleware/base.py", line 144, in coro
    await self.app(scope, receive_or_disconnect, send_no_error)
  File "/usr/local/lib/python3.10/site-packages/starlette/middleware/base.py", line 193, in __call__
    response = await self.dispatch_func(request, call_next)
  File "/app/app/main.py", line 109, in verify_gateway_api_key
    response = await call_next(request)
  File "/usr/local/lib/python3.10/site-packages/starlette/middleware/base.py", line 168, in call_next
    raise app_exc from app_exc.__cause__ or app_exc.__context__
  File "/usr/local/lib/python3.10/site-packages/starlette/middleware/base.py", line 144, in coro
    await self.app(scope, receive_or_disconnect, send_no_error)
  File "/usr/local/lib/python3.10/site-packages/starlette/middleware/cors.py", line 88, in __call__
    await self.app(scope, receive, send)
  File "/usr/local/lib/python3.10/site-packages/starlette/middleware/exceptions.py", line 63, in __call__
    await wrap_app_handling_exceptions(self.app, conn)(scope, receive, send)
  File "/usr/local/lib/python3.10/site-packages/starlette/_exception_handler.py", line 53, in wrapped_app
    raise exc
  File "/usr/local/lib/python3.10/site-packages/starlette/_exception_handler.py", line 42, in wrapped_app
    await app(scope, receive, sender)
  File "/usr/local/lib/python3.10/site-packages/fastapi/middleware/asyncexitstack.py", line 18, in __call__
    await self.app(scope, receive, send)
  File "/usr/local/lib/python3.10/site-packages/starlette/routing.py", line 660, in __call__
    await self.middleware_stack(scope, receive, send)
  File "/usr/local/lib/python3.10/site-packages/fastapi/routing.py", line 2692, in app
    await route.handle(scope, receive, send)
  File "/usr/local/lib/python3.10/site-packages/fastapi/routing.py", line 1773, in handle
    await self.original_router.handle(scope, receive, send)
  File "/usr/local/lib/python3.10/site-packages/fastapi/routing.py", line 2747, in handle
    await included_router._handle_selected(scope, receive, send)
  File "/usr/local/lib/python3.10/site-packages/fastapi/routing.py", line 1793, in _handle_selected
    await original_route.handle(scope, receive, send)
  File "/usr/local/lib/python3.10/site-packages/fastapi/routing.py", line 1272, in handle
    await app(scope, receive, send)
  File "/usr/local/lib/python3.10/site-packages/fastapi/routing.py", line 156, in app
    await wrap_app_handling_exceptions(app, request)(scope, receive, send)
  File "/usr/local/lib/python3.10/site-packages/starlette/_exception_handler.py", line 53, in wrapped_app
    raise exc
  File "/usr/local/lib/python3.10/site-packages/starlette/_exception_handler.py", line 42, in wrapped_app
    await app(scope, receive, sender)
  File "/usr/local/lib/python3.10/site-packages/fastapi/routing.py", line 142, in app
    response = await f(request)
  File "/usr/local/lib/python3.10/site-packages/fastapi/routing.py", line 698, in app
    raw_response = await run_endpoint_function(
  File "/usr/local/lib/python3.10/site-packages/fastapi/routing.py", line 352, in run_endpoint_function
    return await run_in_threadpool(dependant.call, **values)
  File "/usr/local/lib/python3.10/site-packages/starlette/concurrency.py", line 34, in run_in_threadpool
    return await anyio.to_thread.run_sync(func)
  File "/usr/local/lib/python3.10/site-packages/anyio/to_thread.py", line 65, in run_sync
    return await get_async_backend().run_sync_in_worker_thread(
  File "/usr/local/lib/python3.10/site-packages/anyio/_backends/_asyncio.py", line 2641, in run_sync_in_worker_thread
    return await future
  File "/usr/local/lib/python3.10/site-packages/anyio/_backends/_asyncio.py", line 1033, in run
    result = context.run(func, *args)
  File "/app/app/api/routes/dashboard_routes.py", line 131, in get_trends
    clients = client.get_clients()
AttributeError: 'FomsClient' object has no attribute 'get_clients'. Did you mean: 'get_payments'?
ERROR:foms_client:Error fetching from FOMS API /api/ai-data/accounts-receivable: HTTPConnectionPool(host='host.docker.internal', port=5000): Max retries exceeded with url: /api/ai-data/accounts-receivable?page=1&pageSize=100 (Caused by NewConnectionError("HTTPConnection(host='host.docker.internal', port=5000): Failed to establish a new connection: [Errno 101] Network is unreachable"))
ERROR:foms_client:Error fetching from FOMS API /api/ai-data/invoices: HTTPConnectionPool(host='host.docker.internal', port=5000): Max retries exceeded with url: /api/ai-data/invoices?page=1&pageSize=100 (Caused by NewConnectionError("HTTPConnection(host='host.docker.internal', port=5000): Failed to establish a new connection: [Errno 101] Network is unreachable"))
ERROR:foms_client:Error fetching from FOMS API /api/ai-data/accounts-receivable: HTTPConnectionPool(host='host.docker.internal', port=5000): Max retries exceeded with url: /api/ai-data/accounts-receivable?page=1&pageSize=100 (Caused by NewConnectionError("HTTPConnection(host='host.docker.internal', port=5000): Failed to establish a new connection: [Errno 101] Network is unreachable"))
ERROR:foms_client:Error fetching from FOMS API /api/ai-data/invoices: HTTPConnectionPool(host='host.docker.internal', port=5000): Max retries exceeded with url: /api/ai-data/invoices?page=1&pageSize=100 (Caused by NewConnectionError("HTTPConnection(host='host.docker.internal', port=5000): Failed to establish a new connection: [Errno 101] Network is unreachable"))
